Hinrunde: Spieltag 1-7,,Hinrunde: Spieltag 8-13,,Rückrunde: Spieltag 14-20,,Rückrunde: Spieltag 21-26

Kämpfe kommen von 12.00 - 18:00 Uhr!,,Kämpfe kommen von 12.00 - 18:00 Uhr!,,Kämpfe kommen von 12.00 - 18:00 Uhr!,,Kämpfe kommen von 12.00 - 18:00 Uhr!


1. Spieltag - Sonntag der 31.01.2016,,8. Spieltag - Sonntag der 20.03.2016,,14. Spieltag - Sonntag der 8.05.2016,,21. Spieltag - Sonntag der 26.06.2016

         Minetube [3 - 0] CaptainCrinch,,  FanmadeLetsPlay [4 - 0] Minetube,,            Minetube [4 - 0] CaptainCrinch,,FanmadeLetsPlay [? - ?] Minetube
         Regi [3 - 0] Parsifani ,,                     Raizor [0 - 2] Lauris,,                   Regi [1 - 0] Parsifani,,                   Raizor [? - ?] Lauris
            Art'n'Gaming [0 - 4] Raizor,,                  Parsifani [4 - 0] Shiro,,      Art'n'Gaming [0 - 3] Raizor,,               Parsifani [? - ?] Shiro
        FullLifeGames [0 - 2] FanmadeLetsPlay,,         CaptainCrinch [2 - 0] SurskitTV,,    FullLifeGames [4 - 0] FanmadeLetsPlay,,       CaptainCrinch [? - ?] SurskitTV
                PresentLP [2 - 0] Lauris,,                        Regi [1 - 0] PokéBazi,,          PresentLP [0 - 2] Lauris,,                      Regi [? - ?] PokéBazi
                    oktopaul [0 - 4] Shiro,,           Art'n'Gaming [1 - 0] oktopaul,,              oktopaul [0 - 2] Shiro,,         Art'n'Gaming [? - ?] oktopaul
                  PokéBazi [0 - 3] SurskitTV,,          FulllifeGames [0 - 2] PresentLP,,            PokéBazi [0 - 5] SurskitTV,,      FullLifeGames [? - ?] PresentLP


2. Spieltag - Sonntag der 07.02.2016,,9. Spieltag - Sonntag der 27.03.2016,,15. Spieltag - Sonntag der 15.05.2016,,22. Spieltag - Sonntag der 03.07.2016

               SurskitTV [0 - 3] Minetube,,                 Minetube [0 - 1] PresentLP,,             SurskitTV [0 - 3] Minetube,,              Minetube [? - ?] PresentLP
                      Shiro [0 - 1] PokéBazi,,                 Oktopaul [1 - 0] FulllifeGames,,                    Shiro [2 - 0] PokéBazi,,               oktopaul [? - ?] FullLifeGames
                     Lauris [0 - 1] oktopaul,,                PokéBazi [1 - 0] Art'n'Gaming,,                   Lauris [2 - 0] oktopaul,,              PokéBazi [? - ?] Art'n'Gaming
  FanmadeLetsPlay [0 - 5] PresentLP,,                SurskitTV [0 - 2] Regi,,FanmadeLetsPlay [0 - 2] PresentLP,,             SurskitTV [? - ?] Regi
                     Raizor [1 - 0] FullLifeGames,,                       Shiro [0 - 2] CaptainCrinch,,                   Raizor [0 - 2] FullLifeGames,,                    Shiro [? - ?] CaptainCrinch
                 Parsifani [2 - 0] Art'n'Gaming,,                      Lauris [1 - 0] Parsifani,,               Parsifani [0 - 3] Art'n'Gaming,,                   Lauris [? - ?] Parsifani
        CaptainCrinch [0 - 2] Regi,,   FanmadeLetsPlay [0 - 2] Raizor,,       CaptainCrinch [6 - 0] Regi,,FanmadeLetsPlay [? - ?] Raizor


3. Spieltag - Sonntag der 14.02.2016,,10. Spieltag - Sonntag der 03.04.2016,,16. Spieltag - Sonntag der 22.05.2016,,23. Spieltag - Sonntag der 10.07.2016

               Minetube [0 - 2] Regi,,                  Raizor [0 - 1] Minetube,,            Minetube [0 - 5] Regi,,                  Raizor [? - ?] Minetube
         Art'n'Gaming [0 - 1] CaptainCrinch,,              Parsifani [0 - 1] FanmadeLetsPlay,,      Art'n'Gaming [0 - 3] CaptainCrinch,,              Parsifani  [? - ?] FanmadeLetsPlay
       FullLifeGames [2 - 0] Parsifani,,      CaptainCrinch [2 - 0] Lauris,,    FullLifeGames [0 - 4] Parsifani,,      CaptainCrinch [? - ?] Lauris
             PresentLP [3 - 0] Raizor,,                     Regi [2 - 0] Shiro,,          PresentLP [0 - 4] Raizor,,                     Regi [? - ?] Shiro
                 oktopaul [0 - 3] FanmadeLetsPlay,,        Art'n'Gaming [0 - 2] SurskitTV,,              oktopaul [0 - 1] FanmadeLetsPlay,,        Art'n'Gaming [? - ?] SurskitTV
               PokéBazi [3 - 0] Lauris,,      FullLifeGames [0 - 2] PokéBazi,,            PokéBazi [5 - 0] Lauris,,      FullLifeGames [? - ?] PokéBazi
               SurskitTV [2 - 0] Shiro,,            PresentLP [5 - 0] oktopaul,,           SurskitTV [2 - 0] Shiro,,            PresentLP [? - ?] oktopaul


4. Spieltag - Sonntag der 21.02.2016,,11. Spieltag - Sonntag der 10.04.2016,,17. Spieltag - Sonntag der 29.05.2016,,24. Spieltag - Sonntag der 17.07.2016

                     Shiro [0 - 4] Minetube,,oktopaul [3 - 0] Minetube,,                     Shiro [? - ?] Minetube,,             Minetube [? - ?] oktopaul
                    Lauris [0 - 3] SurskitTV,,              PresentLP [0 - 1] PokéBazi,,                    Lauris [? - ?] SurskitTV,,            PokéBazi [? - ?] PresentLP
 FanmadeLetsPlay [3 - 0] PokéBazi,,        FullLifeGames [2 - 0] SurskitTV ,,FanmadeLetsPlay [? - ?] PokéBazi,,            SurskitTV [? - ?] FullLifeGames
                    Raizor [0 - 5] Oktopaul,,          Art'n'Gaming [0 - 3] Shiro,,                   Raizor [? - ?] oktopaul,,        Art'n'Gaming [? - ?] Shiro
                Parsifani [0 - 3] PresentLP,,                       Regi [5 - 0] Lauris,,               Parsifani [? - ?] PresentLP,,                   Lauris [? - ?] Regi
        CaptainCrinch [0 - 1] FullLifeGames,,        CaptainCrinch [0 - 3] FanmadeLetsPlay,,      CaptainCrinch [? - ?] FullLifeGames,,FanmadeLetsPlay [? - ?] CaptainCrinch
                       Regi [0 - 1] Art'n'Gaming,,                 Parsifani [0 - 6] Raizor,,                     Regi [? - ?] Art'n'Gaming,,                   Raizor [? - ?] Parsifani


5. Spieltag - Sonntag der 28.02.2016,,12. Spieltag - Sonntag der 17.04.2016,,18. Spieltag - Sonntag der 05.06.2016,,25. Spieltag - Sonntag der 24.07.2016

             Minetube [2 - 0] Art'n'Gaming,,Minetube [5 - 0] Parsifani,,             Minetube [? - ?] Art'n'Gaming,,             Parsifani [? - ?] Minetube
     FullLifeGames [0 - 2] Regi,,                     Raizor [1 - 0] CaptainCrinch,,     FullLifeGames [? - ?] Regi,,     CaptainCrinch [? - ?] Raizor
           PresentLP [1 - 0] CaptainCrinch,,   FanmadeLetsPlay [2 - 0] Regi,,           PresentLP [? - ?] CaptainCrinch,,                    Regi [? - ?]  FanmadeLetsPlay
              oktopaul [2 - 0] Parsifani,,                      Lauris [0 - 4] Art'n'Gaming,,              oktopaul [? - ?] Parsifani,,       Art'n'Gaming [? - ?] Lauris
            PokéBazi [2 - 0] Raizor,,                       Shiro [1 - 0] FullLifeGames,,             PokéBazi [? - ?] Raizor,,     FullLifeGames [? - ?] Shiro
            SurskitTV [0 - 3] FanmadeLetsPlay,,                SurskitTV [0 - 4] PresentLP,,            SurskitTV [? - ?]  FanmadeLetsPlay,,           PresentLP [? - ?] SurskitTV
                   Shiro [0 - 3] Lauris,,                 PokéBazi [0 - 3] oktopaul,,                   Shiro [? - ?] Lauris,,              oktopaul [? - ?] PokéBazi


6. Spieltag - Sonntag der 06.03.2016,,13. Spieltag - Sonntag der 24.04.2016,,19. Spieltag - Sonntag der 12.06.2016,,26. Spieltag - Sonntag der 31.07.2016

                    Lauris [0 - 3] Minetube,,              Minetube [3 - 0] PokéBazi,,                   Lauris [? - ?] Minetube,,             Minetube [? - ?] PokéBazi
FanmadeLetsPlay [2 - 0] Shiro,,             SurskitTV [0 - 4] oktopaul,,FanmadeLetsPlay [? - ?] Shiro,,            SurskitTV [? - ?] oktopaul
                   Raizor [3 - 0] SurskitTV,,                    Shiro [0 - 5] PresentLP,,                  Raizor [? - ?] SurskitTV,,                    Shiro [? - ?] PresentLP
                Parsifani [0 - 3] PokéBazi,,                    Lauris [0 - 1] FullLifeGames,,               Parsifani [? - ?] PokéBazi,,                   Lauris [? - ?] FullLifeGames
       CaptainCrinch [4 - 0] oktopaul,,FanmadeLetsPlay [4 - 0] Art'n'Gaming,,      CaptainCrinch [? - ?] oktopaul,,FanmadeLetsPlay [? - ?] Art'n'Gaming
                      Regi [3 - 0] PresentLP,,                   Raizor [0 - 6] Regi,,                     Regi [? - ?] PresentLP,,                  Raizor [? - ?] Regi
         Art'n'Gaming [0 - 4] FullLifeGames,,               Parsifani [0 - 1] CaptainCrinch,,        Art'n'Gaming [? - ?] FullLifeGames,,              Parsifani [? - ?] CaptainCrinch


7. Spieltag - Sonntag der 13.03.2016,,,,20. Spieltag - Sonntag der 19.06.2016

             Minetube [2 - 0] FullLifeGames,,,,             Minetube [? - ?] FullLifeGames
           PresentLP [0 - 1]- Art'n'Gaming,,,,           PresentLP [? - ?] Art'n'Gaming
               oktopaul [0 - 3] Regi,,,,              oktopaul [? - ?] Regi
             PokéBazi [2 - 0] CaptainCrinch,,,,             PokéBazi [? - ?] CaptainCrinch
            SurskitTV [0 - 4] Parsifani,,,,            SurskitTV [? - ?] Parsifani
                   Shiro [0 - 5] Raizor,,,,                   Shiro [? - ?] Raizor
                  Lauris [2 - 0] FanmadeLetsPlay,,,,                  Lauris [? - ?] FanmadeLetsPlay
