,,,"Hier wird aufgezeigt, wie viele Kills ein Pokémon an einem gewissen Spieltag gemacht hat"

Rang,Pokémon,Kills,1,2,3,4,5,6,7,8,9,10,11,12,13,Team,YouTube
1,Katapuldra,26,,2,4,1,2,,2,2,3,2,3,3,2,Launching Dragapults,https://www.youtube.com/user/RegiBang
2,Necrozma,19,,5,,1,,2,,2,1,2,,2,4,Milchbubis,https://www.youtube.com/user/DauniDaunstar
3,Liberlo,17,3,3,,,3,,,4,1,2,,,1,Flutschige Zäpfchen,https://www.youtube.com/user/Nestfloh
3,Libelldra,17,2,,3,2,2,,5,,1,2,,,,Milchbubis,https://www.youtube.com/user/DauniDaunstar
5,Terrakium,16,1,1,1,,,2,4,,,1,,,6,Baltoy Story,https://www.youtube.com/user/Hydronic
5,Bisaflor,16,3,,1,,2,2,3,1,2,1,1,,,Igalima Impoleon,https://www.youtube.com/user/BelmontGabriel
5,Resladero,16,,2,,,1,,,3,1,,3,,6,Skywalking Zacians,https://www.youtube.com/user/SinOfSpeed
5,Golgantes,16,1,1,5,1,1,,1,2,1,,3,,,Therapiepi,https://www.youtube.com/user/PokéBazi
5,Barrakiefa,16,1,,,,2,2,3,2,2,,2,,2,Therapiepi,https://www.youtube.com/user/PokéBazi
10,Keldeo,15,,,,2,1,2,,3,1,2,3,1,,Milchbubis,https://www.youtube.com/user/DauniDaunstar
10,Giga-Patinaraja,15,1,1,1,,1,1,4,1,1,1,1,1,1,Nose to Order,https://www.youtube.com/user/BlackLink
12,Lauchzelot,14,,3,1,2,2,,,2,,2,2,,,PrekaKnight,https://www.youtube.com/user/Present
13,Giga-Machomei,13,4,,3,,,3,2,,,,1,,,Aggron Berlin,https://www.youtube.com/user/TabascoTV
13,Glaziola,13,3,,2,5,,,,,,,,3,,Baltoy Story,https://www.youtube.com/user/Hydronic
13,Amigento-Normal,13,,,,1,,2,,1,1,1,5,,2,Flutschige Zäpfchen,https://www.youtube.com/user/Nestfloh
13,Snibunna,13,,,4,3,,1,1,,1,1,1,,1,Nose to Order,https://www.youtube.com/user/BlackLink
13,Bandelby,13,1,,1,,5,2,1,,,,,,3,Riffex Pontifex,https://www.youtube.com/user/FullLifeGames
18,Lectragon,12,,3,2,,1,1,,,3,2,,,,Flutschige Zäpfchen,https://www.youtube.com/user/Nestfloh
18,Kyurem,12,1,1,1,1,,,,1,1,1,1,4,,Igalima Impoleon,https://www.youtube.com/user/BelmontGabriel
18,Sniebel,12,3,,,,,3,1,,2,,3,,,PrekaKnight,https://www.youtube.com/user/Present
18,Stalobor,12,,1,,1,2,,2,1,1,1,2,,1,Soulstealer,https://www.youtube.com/user/Raizor
22,Meistagrif,11,,,,2,1,1,1,,1,1,,4,,Crinchilla,https://www.youtube.com/user/CaptainCrinch
22,Arkani,11,,,1,3,2,1,1,,,,1,2,,PrekaKnight,https://www.youtube.com/user/Present
22,Barrikadax,11,1,2,,,,2,3,3,,,,,,Riffex Pontifex,https://www.youtube.com/user/FullLifeGames
25,Washakwil,10,,,2,,5,,1,,,1,1,,,Aggron Berlin,https://www.youtube.com/user/TabascoTV
25,Austos,10,5,,1,,1,,,1,,,,,2,Crinchilla,https://www.youtube.com/user/CaptainCrinch
25,Fermicula,10,,,3,,1,1,1,1,1,,,1,1,Milchbubis,https://www.youtube.com/user/DauniDaunstar
25,Giga-Drapfel,10,4,,,1,2,,,1,,1,,,1,Therapiepi,https://www.youtube.com/user/PokéBazi
29,Cavalanzas,9,,1,,,2,1,1,1,1,2,,,,Baltoy Story,https://www.youtube.com/user/Hydronic
29,Viridium,9,,,5,,,,,4,,,,,,Elekid's Club,https://www.youtube.com/user/ElektechN9ne
29,Grandiras,9,,,,3,,,,,,5,,1,,Elekid's Club,https://www.youtube.com/user/ElektechN9ne
29,Primarene,9,,,,,2,1,1,,1,,1,,3,Flutschige Zäpfchen,https://www.youtube.com/user/Nestfloh
29,Turtok,9,,1,,,,,2,,2,1,1,,2,Launching Dragapults,https://www.youtube.com/user/RegiBang
29,Rotom (Hitze-Form),9,1,1,1,1,1,,1,,,,1,2,,Riffex Pontifex,https://www.youtube.com/user/FullLifeGames
29,Flampivian,9,1,1,,2,1,1,,,2,,1,,,Skywalking Zacians,https://www.youtube.com/user/SinOfSpeed
36,Rihornior,8,,6,,,,,,,,,,2,,Aggron Berlin,https://www.youtube.com/user/TabascoTV
36,Gengar,8,1,,,,,2,,2,,1,,1,1,Aggron Berlin,https://www.youtube.com/user/TabascoTV
36,Skelabra,8,,2,,1,3,,,,,,,2,,Baltoy Story,https://www.youtube.com/user/Hydronic
36,Galagladi,8,,2,1,,1,,,1,,1,,,2,Launching Dragapults,https://www.youtube.com/user/RegiBang
36,Maxax,8,,,,2,1,,1,2,2,,,,,Soulstealer,https://www.youtube.com/user/Raizor
36,Lanturn,8,,,,,,4,,1,,,,,3,Soulstealer,https://www.youtube.com/user/Raizor
42,Duokles,7,,,,3,,,1,1,1,,,1,,Igalima Impoleon,https://www.youtube.com/user/BelmontGabriel
42,UHaFnir,7,,1,,,,,,5,,,1,,,Nose to Order,https://www.youtube.com/user/BlackLink
42,Fruyal,7,,,,,1,1,,,3,,,2,,Nose to Order,https://www.youtube.com/user/BlackLink
42,Giga-Deponitox,7,,,,3,2,1,,,1,,,,,Skywalking Zacians,https://www.youtube.com/user/SinOfSpeed
46,Smettbo,6,,,,,,,,,6,,,,,Aggron Berlin,https://www.youtube.com/user/TabascoTV
46,Alola-Digdri,6,1,3,,,,,,,1,,,1,,Crinchilla,https://www.youtube.com/user/CaptainCrinch
46,Servol (männlich),6,,,,,,,,,,,6,,,Elekid's Club,https://www.youtube.com/user/ElektechN9ne
46,Vulnona,6,1,,,5,,,,,,,,,,Flutschige Zäpfchen,https://www.youtube.com/user/Nestfloh
46,Tentantel,6,,1,,,2,,1,,,2,,,,Launching Dragapults,https://www.youtube.com/user/RegiBang
46,Milotic,6,,1,,,2,1,,,1,,,,1,Nose to Order,https://www.youtube.com/user/BlackLink
46,Celebi,6,1,,,,2,,1,,,1,,,1,PrekaKnight,https://www.youtube.com/user/Present
46,Kobalium,6,,,,,,,,2,,4,,,,Riffex Pontifex,https://www.youtube.com/user/FullLifeGames
46,Brockoloss,6,,3,,,,,,,2,,,,1,Soulstealer,https://www.youtube.com/user/Raizor
55,Sanaconda,5,,,,,,,,2,1,1,,1,,Baltoy Story,https://www.youtube.com/user/Hydronic
55,Feelinara,5,,,,,1,2,,2,,,,,,Crinchilla,https://www.youtube.com/user/CaptainCrinch
55,Rotom (Schneide-Form),5,,,,,,3,,1,,1,,,,Crinchilla,https://www.youtube.com/user/CaptainCrinch
55,Togekiss,5,1,,,,,,1,,,,,2,1,Elekid's Club,https://www.youtube.com/user/ElektechN9ne
55,Rotom,5,1,,3,,,,,1,,,,,,Flutschige Zäpfchen,https://www.youtube.com/user/Nestfloh
55,Kosturso,5,,,2,,2,,,,,1,,,,Igalima Impoleon,https://www.youtube.com/user/BelmontGabriel
55,Grebbit,5,,,,,,1,1,1,,,2,,,Launching Dragapults,https://www.youtube.com/user/RegiBang
55,Smogmog,5,,,,1,,,,,,,1,2,1,Milchbubis,https://www.youtube.com/user/DauniDaunstar
55,Gorgasonn,5,1,,,1,,2,,,,,,1,,PrekaKnight,https://www.youtube.com/user/Present
55,Zeraora,5,,2,1,,,1,1,,,,,,,Skywalking Zacians,https://www.youtube.com/user/SinOfSpeed
55,Symvolara,5,2,,,,,,,1,,,,2,,Soulstealer,https://www.youtube.com/user/Raizor
55,Mottineva,5,,,,,,,,,,4,,1,,Therapiepi,https://www.youtube.com/user/PokéBazi
67,Pumpdjinn-XL,4,,,,,,1,,1,,,,2,,Aggron Berlin,https://www.youtube.com/user/TabascoTV
67,Chillabell,4,,1,,,,,1,,,,2,,,Crinchilla,https://www.youtube.com/user/CaptainCrinch
67,Kingler,4,,,1,3,,,,,,,,,,Elekid's Club,https://www.youtube.com/user/ElektechN9ne
67,Giga-Schlapfel,4,2,,,,,1,1,,,,,,,Elekid's Club,https://www.youtube.com/user/ElektechN9ne
67,Donarion,4,,,,,,1,2,,,1,,,,Elekid's Club,https://www.youtube.com/user/ElektechN9ne
67,Giga-Maritellit,4,,,1,,,2,,,,,,1,,Flutschige Zäpfchen,https://www.youtube.com/user/Nestfloh
67,Mantax,4,,,1,1,,2,,,,,,,,Igalima Impoleon,https://www.youtube.com/user/BelmontGabriel
67,Qurtel,4,,,,1,,1,,,1,1,,,,Igalima Impoleon,https://www.youtube.com/user/BelmontGabriel
67,Alola-Raichu,4,1,3,,,,,,,,,,,,Nose to Order,https://www.youtube.com/user/BlackLink
67,Pixi,4,,1,1,,,,1,,,,,1,,PrekaKnight,https://www.youtube.com/user/Present
67,Rizeros,4,,,,,,,,1,2,,,1,,PrekaKnight,https://www.youtube.com/user/Present
67,Rotom (Wasch-Form),4,,,,,,,,1,,2,,1,,PrekaKnight,https://www.youtube.com/user/Present
67,Branawarz,4,,1,,,,1,1,,,1,,,,Riffex Pontifex,https://www.youtube.com/user/FullLifeGames
67,Echnatoll,4,,,3,,,,,,,,,1,,Riffex Pontifex,https://www.youtube.com/user/FullLifeGames
67,Roserade,4,,,1,,,,,1,,1,,1,,Riffex Pontifex,https://www.youtube.com/user/FullLifeGames
67,Amigento-Fee,4,,,,,,,1,1,,,,2,,Skywalking Zacians,https://www.youtube.com/user/SinOfSpeed
67,Kleoparda,4,,,,,,1,,,,1,1,1,,Soulstealer,https://www.youtube.com/user/Raizor
67,Krarmor,4,,,,1,,1,,,2,,,,,Therapiepi,https://www.youtube.com/user/PokéBazi
67,Elezard,4,,2,,1,,,,,,,1,,,Therapiepi,https://www.youtube.com/user/PokéBazi
67,Lucario,4,,1,1,,,,,,1,,,,1,Therapiepi,https://www.youtube.com/user/PokéBazi
87,Somnivora,3,1,,,1,1,,,,,,,,,Aggron Berlin,https://www.youtube.com/user/TabascoTV
87,Flamara,3,,,,,,,1,1,,1,,,,Aggron Berlin,https://www.youtube.com/user/TabascoTV
87,Bronzong,3,,,,,,,,2,,,,1,,Aggron Berlin,https://www.youtube.com/user/TabascoTV
87,Silvarro,3,,,1,,,,1,1,,,,,,Crinchilla,https://www.youtube.com/user/CaptainCrinch
87,Gufa,3,,1,,,,,,,,,,,2,Crinchilla,https://www.youtube.com/user/CaptainCrinch
87,Amfira,3,,,,,1,,2,,,,,,,Elekid's Club,https://www.youtube.com/user/ElektechN9ne
87,Strepoli,3,1,,,,,,2,,,,,,,Flutschige Zäpfchen,https://www.youtube.com/user/Nestfloh
87,Piondragi,3,,,,,2,,,,,,,1,,Igalima Impoleon,https://www.youtube.com/user/BelmontGabriel
87,Gortrom,3,,,,,,1,,,2,,,,,Milchbubis,https://www.youtube.com/user/DauniDaunstar
87,Galar-Smogmog,3,,,,2,,,,,,,,1,,Nose to Order,https://www.youtube.com/user/BlackLink
87,Mauzinger,3,,,,,,,2,1,,,,,,PrekaKnight,https://www.youtube.com/user/Present
87,Pescryodon,3,,,,,,,,,,,,,3,Riffex Pontifex,https://www.youtube.com/user/FullLifeGames
87,Pampuli,3,,,,1,,,,,,,2,,,Skywalking Zacians,https://www.youtube.com/user/SinOfSpeed
87,Giflor,3,,,,,,,3,,,,,,,Soulstealer,https://www.youtube.com/user/Raizor
87,Oghnatoll,3,1,,,,1,,,,1,,,,,Soulstealer,https://www.youtube.com/user/Raizor
87,Ninjask,3,,,,,,,,,,1,1,1,,Soulstealer,https://www.youtube.com/user/Raizor
87,Machomei,3,,,,1,,,,,,,1,,1,Soulstealer,https://www.youtube.com/user/Raizor
104,Trikephalo,2,,,1,,,,,,,1,,,,Aggron Berlin,https://www.youtube.com/user/TabascoTV
104,Elfun,2,,1,,,,,,,,1,,,,Baltoy Story,https://www.youtube.com/user/Hydronic
104,Duraludon,2,,1,,1,,,,,,,,,,Crinchilla,https://www.youtube.com/user/CaptainCrinch
104,Keifel,2,1,,,,,1,,,,,,,,Elekid's Club,https://www.youtube.com/user/ElektechN9ne
104,Raichu,2,,,,1,,,,,1,,,,,Launching Dragapults,https://www.youtube.com/user/RegiBang
104,Deponitox,2,,,,1,,,,,,,,1,,Launching Dragapults,https://www.youtube.com/user/RegiBang
104,Togetic,2,,,,,,,,,,,,2,,Launching Dragapults,https://www.youtube.com/user/RegiBang
104,Blitza,2,,,,,,,,,,,2,,,Milchbubis,https://www.youtube.com/user/DauniDaunstar
104,Gladiantri,2,,,1,,,,,1,,,,,,Skywalking Zacians,https://www.youtube.com/user/SinOfSpeed
104,Moruda,2,,,,,,,1,1,,,,,,Skywalking Zacians,https://www.youtube.com/user/SinOfSpeed
104,Aquana,2,,,,,,,,,,1,,1,,Skywalking Zacians,https://www.youtube.com/user/SinOfSpeed
104,Guardevoir,2,,,,,,,2,,,,,,,Therapiepi,https://www.youtube.com/user/PokéBazi
116,Baldorfish,1,,1,,,,,,,,,,,,Baltoy Story,https://www.youtube.com/user/Hydronic
116,Grypheldis,1,,,,,1,,,,,,,,,Baltoy Story,https://www.youtube.com/user/Hydronic
116,Barschuft,1,,,,,,,,,,1,,,,Baltoy Story,https://www.youtube.com/user/Hydronic
116,Montecarbo,1,,,,,,,,,,,,1,,Crinchilla,https://www.youtube.com/user/CaptainCrinch
116,Stahlos,1,,,,,,,,,,1,,,,Flutschige Zäpfchen,https://www.youtube.com/user/Nestfloh
116,Galar-Gallopa,1,1,,,,,,,,,,,,,Igalima Impoleon,https://www.youtube.com/user/BelmontGabriel
116,Lunastein,1,1,,,,,,,,,,,,,Igalima Impoleon,https://www.youtube.com/user/BelmontGabriel
116,Mitodos,1,,,,,,1,,,,,,,,Igalima Impoleon,https://www.youtube.com/user/BelmontGabriel
116,Arktilas,1,,,,,1,,,,,,,,,Launching Dragapults,https://www.youtube.com/user/RegiBang
116,Fuegro,1,,,,,,,,1,,,,,,Launching Dragapults,https://www.youtube.com/user/RegiBang
116,Psiaugon (männlich),1,,,,,,,,1,,,,,,Launching Dragapults,https://www.youtube.com/user/RegiBang
116,Pantimos,1,,1,,,,,,,,,,,,Milchbubis,https://www.youtube.com/user/DauniDaunstar
116,Pampross,1,1,,,,,,,,,,,,,Nose to Order,https://www.youtube.com/user/BlackLink
116,Gallopa,1,,,1,,,,,,,,,,,Nose to Order,https://www.youtube.com/user/BlackLink
116,Alpollo,1,,,,,,,,,,,,,1,Nose to Order,https://www.youtube.com/user/BlackLink
116,Xatu,1,,,,,,,,,,,1,,,Riffex Pontifex,https://www.youtube.com/user/FullLifeGames
116,Parfinesse,1,,,,,,1,,,,,,,,Soulstealer,https://www.youtube.com/user/Raizor
#N/A,Intelleon,0,,,,,,,,,,,,,,Aggron Berlin,https://www.youtube.com/user/TabascoTV
#N/A,Voltula,0,,,,,,,,,,,,,,Baltoy Story,https://www.youtube.com/user/Hydronic
#N/A,Sonnfel,0,,,,,,,,,,,,,,Baltoy Story,https://www.youtube.com/user/Hydronic
#N/A,Kommandutan,0,,,,,,,,,,,,,,Crinchilla,https://www.youtube.com/user/CaptainCrinch
#N/A,Flunkifer,0,,,,,,,,,,,,,,Elekid's Club,https://www.youtube.com/user/ElektechN9ne
#N/A,Drifzepeli,0,,,,,,,,,,,,,,Elekid's Club,https://www.youtube.com/user/ElektechN9ne
#N/A,Cottomi,0,,,,,,,,,,,,,,Flutschige Zäpfchen,https://www.youtube.com/user/Nestfloh
#N/A,Humanolith,0,,,,,,,,,,,,,,Flutschige Zäpfchen,https://www.youtube.com/user/Nestfloh
#N/A,Flunschlik,0,,,,,,,,,,,,,,Igalima Impoleon,https://www.youtube.com/user/BelmontGabriel
#N/A,Nachtara,0,,,,,,,,,,,,,,Milchbubis,https://www.youtube.com/user/DauniDaunstar
#N/A,Typ:Null,0,,,,,,,,,,,,,,Milchbubis,https://www.youtube.com/user/DauniDaunstar
#N/A,Castellith,0,,,,,,,,,,,,,,Milchbubis,https://www.youtube.com/user/DauniDaunstar
#N/A,Jiutesto,0,,,,,,,,,,,,,,Nose to Order,https://www.youtube.com/user/BlackLink
#N/A,Sen-Long,0,,,,,,,,,,,,,,PrekaKnight,https://www.youtube.com/user/Present
#N/A,Noctuh,0,,,,,,,,,,,,,,PrekaKnight,https://www.youtube.com/user/Present
#N/A,Piepi,0,,,,,,,,,,,,,,Riffex Pontifex,https://www.youtube.com/user/FullLifeGames
#N/A,Tortunator,0,,,,,,,,,,,,,,Riffex Pontifex,https://www.youtube.com/user/FullLifeGames
#N/A,Britzigel,0,,,,,,,,,,,,,,Skywalking Zacians,https://www.youtube.com/user/SinOfSpeed
#N/A,Viscargot,0,,,,,,,,,,,,,,Skywalking Zacians,https://www.youtube.com/user/SinOfSpeed
#N/A,Skuntank,0,,,,,,,,,,,,,,Therapiepi,https://www.youtube.com/user/PokéBazi
#N/A,Sedimantur,0,,,,,,,,,,,,,,Therapiepi,https://www.youtube.com/user/PokéBazi
#N/A,Furnifraß,0,,,,,,,,,,,,,,Therapiepi,https://www.youtube.com/user/PokéBazi
