,Reihe 1,Reihe 2,Reihe 3,Reihe 4,Reihe 5,Reihe 6,Reihe 7,Reihe 8,Reihe 9,Reihe 10,Reihe 11
,Suishomaru,TheMiiFii,Leinux,Professor N,Glebber,Asalakoren,Scoutley,Tabasco,Glebber,Blacklink,Asalakoren
,Blacklink,Dragoon ofDoom,ImpeldownTV,TheMiiFii,Suishomaru,TheMiiFii,Professor N,BraveBird,Asalakoren,Suishomaru,Glebber
,Glebber,Tabasco,Scoutley,Asalakoren,Leinux,Blacklink,Leinux,TheMiiFii,Tabasco,BraveBird,Blacklink
,ImpeldownTV,Leinux,Dragoon ofDoom,Tabasco,Dragoon ofDoom,Professor N,ImpeldownTV,Suishomaru,Scoutley,Leinux,Suishomaru
,Scoutley,BraveBird,Suishomaru,Blacklink,BraveBird,Scoutley,Glebber,Blacklink,Professor N,Dragoon ofDoom,ImpeldownTV
,Asalakoren,Professor N,Glebber,BraveBird,Tabasco,ImpeldownTV,Asalakoren,Dragoon ofDoom,ImpeldownTV,TheMiiFii,Professor N
,Professor N,Asalakoren,BraveBird,Glebber,ImpeldownTV,Tabasco,Dragoon ofDoom,Asalakoren,TheMiiFii,ImpeldownTV,Scoutley
,BraveBird,Scoutley,Blacklink,Suishomaru,Scoutley,BraveBird,Blacklink,Glebber,Dragoon ofDoom,Professor N,Leinux
,Leinux,ImpeldownTV,Tabasco,Dragoon ofDoom,Professor N,Dragoon ofDoom,Suishomaru,ImpeldownTV,Leinux,Scoutley,TheMiiFii
,Tabasco,Glebber,Asalakoren,Scoutley,Blacklink,Leinux,TheMiiFii,Leinux,BraveBird,Tabasco,Dragoon ofDoom
,Dragoon ofDoom,Blacklink,TheMiiFii,ImpeldownTV,TheMiiFii,Suishomaru,BraveBird,Professor N,Suishomaru,Asalakoren,BraveBird
,TheMiiFii,Suishomaru,Professor N,Leinux,Asalakoren,Glebber,Tabasco,Scoutley,Blacklink,Glebber,Tabasco
