,,GPL Pokémon Kill Rang:,,,"
","
"

,,Pokémon,Kills,Einsätze,Kanal,Sp. 1,Sp. 2,Sp. 3,Sp. 4,Sp. 5,Sp. 6,Sp. 7,Sp. 8,Sp. 9,Sp. 10,Sp. 11,Sp. 12,Sp. 13,Sp. 14,Sp. 15,Sp. 16,Sp. 17,Sp. 18,Sp. 19,Sp. 20,Sp. 21,Sp. 22
Rang
104,"0,96",Donphan,1,4,DaumenkinoLP,,0,,,0,,,,,0,,,,,,,,,,,1
125,"-0,01",Florges,0,1,DaumenkinoLP,,,,,,,,,,,,,,,0
51,"1,97",Golbat,2,3,DaumenkinoLP,1,,,0,1
62,"1,95",Heatran,2,5,DaumenkinoLP,0,1,0,,1,,,,,0
38,"2,92",Mamutel,3,8,DaumenkinoLP,0,0,2,0,0,,,,,1,,,,,0,,,,,,0
158,"-0,03",Mega Stolloss,0,3,DaumenkinoLP,0,,0,0
5,"15,94",Meistagrif,16,6,DaumenkinoLP,,4,4,,1,,,,,1,,,,,2,,,,,,4
36,"2,95",Milotic,3,5,DaumenkinoLP,,1,,,2,,,,,0,,,,,0,,,,,,0
99,"0,97",Nachtara,1,3,DaumenkinoLP,1,,0,0
145,"-0,02",Roserade,0,2,DaumenkinoLP, ,,,0
158,"-0,03",Scherox,0,3,DaumenkinoLP,,,0,,,,,,,,,,,,0,,,,,,0
62,"1,95",Victini,2,5,DaumenkinoLP,,0,,1,,,,,,0,,,,,0,,,,,,1
67,"0,99",Admurai,1,1,DiaswordPlay,,,,1
158,"-0,03",Donphan,0,3,DiaswordPlay,,,,0,,,,,0,,,,,,,,,,,0
39,"1,99",Durengard,2,1,DiaswordPlay,,,,,,,,,,,,,,,2
67,"0,99",Golbat,1,1,DiaswordPlay,,,,,,,,,1
125,"-0,01",Kryppuk,0,1,DiaswordPlay,,,,,,,,,,,,,,,,,,,,0
125,"-0,01",Mega-Scherox,0,1,DiaswordPlay,,,,,,,,,0
125,"-0,01",Mega-Voltenso,0,1,DiaswordPlay,,,,,,,,,,,,,,,0
51,"1,97",Porygon-2,2,3,DiaswordPlay,,,,0,,,,,,,,,,,1,,,,,1
158,"-0,03",Rotom-Wasch,0,3,DiaswordPlay,,,,0,,,,,0,,,,,,,,,,,0
83,"0,98",Tentantel,1,2,DiaswordPlay,,,,,,,,,1,,,,,,,,,,,0
58,"1,96",Victini,2,4,DiaswordPlay,,,,1,,,,,0,,,,,,1,,,,,0
125,"-0,01",Viscogon,0,1,DiaswordPlay,,,,,,,,,,,,,,,0
145,"-0,02",Voltula,0,2,DiaswordPlay,,,,0,,,,,,,,,,,0
158,"-0,03",Demeteros-T,0,3,DirtyD64,0,,0,,,0
99,"0,97",Heatran,1,3,DirtyD64,,,,,,0,,,,,,1,,,,,0
83,"0,98",Laschoking,1,2,DirtyD64,0,,1
9,"9,95",Mega Flunkifer,10,5,DirtyD64,6,,3,,,1,,,,,,0,,,,,0
83,"0,98",Nidoking,1,2,DirtyD64,,,0,,,1
36,"2,95",Porygon 2,3,5,DirtyD64,0,,1,,,1,,,,,,1,,,,,0
109,0,Roserade,0,0,DirtyD64
145,"-0,02",Victini,0,2,DirtyD64,0,,0
125,"-0,01",Zobiris,0,1,DirtyD64,0
145,"-0,02",Branawarz,0,2,DirtyD64,,,,,,,,,,,,0,,,,,0
125,"-0,01",Grypheldis,0,1,DirtyD64,,,,,,0
21,"3,98",Manaphy,4,2,DirtyD64,,,,,,,,,,,,2,,,,,2
83,"0,98",Bronzong,1,2,DirtyD64,,,,,,,,,,,,0,,,,,1
51,"1,97",Donphan,2,3,FanmadeLetsPlay,,,,,,,,,,,,,,,1,,0,,,,,1
145,"-0,02",Gastrodon,0,2,FanmadeLetsPlay,,,,,,,,,,,,,,,0,,,,,,,0
28,"2,99",Guardevoir,3,1,FanmadeLetsPlay,,,,,,,,,,,,,,,3
125,"-0,01",Heatran,0,1,FanmadeLetsPlay,,,,,,,,,,,,,,,,,0
17,"5,98",Mega-Meditalis,6,2,FanmadeLetsPlay,,,,,,,,,,,,,,,,,4,,,,,2
83,"0,98",Noktuska,1,2,FanmadeLetsPlay,,,,,,,,,,,,,,,,,0,,,,,1
51,"1,97",Scherox,2,3,FanmadeLetsPlay,,,,,,,,,,,,,,,0,,1,,,,,1
67,"0,99",Smogmog,1,1,FanmadeLetsPlay,,,,,,,,,,,,,,,1
83,"0,98",Trikephalo,1,2,FanmadeLetsPlay,,,,,,,,,,,,,,,1,,,,,,,0
67,"0,99",Zapplarang,1,1,FanmadeLetsPlay,,,,,,,,,,,,,,,,,1
109,0,Bollterus,0,0,Fnupa
109,0,Elevoltek,0,0,Fnupa
51,"1,97",Galagladi,2,3,Fnupa,,,,,,,,,,1,,,,,,0,,,,,1
30,"2,97",Guardevoir,3,3,Fnupa,,,,,0,,,,,,,,,,,0,,,,,3
125,"-0,01",Heiteira,0,1,Fnupa,,,,,,,,,,,,,,,,,,,,,0
145,"-0,02",Lanturn,0,2,Fnupa,,,,,0,,,,,0
125,"-0,01",Lucario,0,1,Fnupa,,,,,0
83,"0,98",Mega Absol,1,2,Fnupa,,,,,0,,,,,1
23,"3,97",Panferno,4,3,Fnupa,,,,,,,,,,1,,,,,,2,,,,,1
104,"0,96",Quajutsu,1,4,Fnupa,,,,,0,,,,,0,,,,,,1,,,,,0
104,"0,96",Skorgro,1,4,Fnupa,,,,,0,,,,,0,,,,,,0,,,,,1
125,"-0,01",Starmie,0,1,Fnupa,,,,,,,,,,,,,,,,0
145,"-0,02",Arbok,0,2,KaffeconeLP,,0,,,0
125,"-0,01",Cavalanzas,0,1,KaffeconeLP,,,,,0
67,"0,99",Echnatoll,1,1,KaffeconeLP,,,,,1
83,"0,98",Fennexis,1,2,KaffeconeLP,,1,,,0
43,"1,98",Garados,2,2,KaffeconeLP,,,,,,,,,,,,,,,,0,,,,,,2
67,"0,99",Jiutesto,1,1,KaffeconeLP,,,,,,,,,,,,,,,,,,,,,,1
62,"1,95",Krebutack,2,5,KaffeconeLP,,0,,,0,,,,,,1,,,,,1,,,,,,0
67,"0,99",Mega Ampharos,1,1,KaffeconeLP,,,,,,,,,,,1
33,"2,96",Meloetta,3,4,KaffeconeLP,,2,,,,,,,,,0,,,,,1,,,,,,0
67,"0,99",Miltank,1,1,KaffeconeLP,,,,,,,,,,,1
20,"4,96",Panferno,5,4,KaffeconeLP,,0,,,,,,,,,3,,,,,1,,,,,,1
109,0,Shnurgast,0,0,KaffeconeLP
158,"-0,03",Skorgro,0,3,KaffeconeLP,,0,,,0,,,,,,0
43,"1,98",Snibunna,2,2,KaffeconeLP,,,,,,,,,,,,,,,,0,,,,,,2
125,"-0,01",UHaFniR,0,1,KaffeconeLP,,,,,,,,,,,,,,,,0
43,"1,98",Blitza,2,2,Morbol,,,,,,,1,,,,,1
125,"-0,01",Caesurio,0,1,Morbol,,,,,,,,,,,,0
99,"0,97",Fiaro,1,3,Morbol,0,,,,,,0,,,,,1
83,"0,98",Mega Turtok,1,2,Morbol,1,,,,,,0
125,"-0,01",Meistagrif,0,1,Morbol,,,,,,,0
109,0,Panferno,0,0,Morbol
67,"0,99",Panzaeron,1,1,Morbol,,,,,,,,,,,,1
67,"0,99",Scherox,1,1,Morbol,1
43,"1,98",Sumpex,2,2,Morbol,0,,,,,,,,,,,2
43,"1,98",Tangela,2,2,Morbol,0,,,,,,2
99,"0,97",Tentoxa,1,3,Morbol,0,,,,,,0,,,,,1
109,0,Togekiss,0,0,Morbol
29,"2,98",Austos ,3,2,PokemonFakten,,,,,,1,,,,,2
109,0,Machomei,0,0,PokemonFakten
83,"0,98",Maxax,1,2,PokemonFakten,,,,,,0,,,,,1
21,"3,98",Mega Guardevoir,4,2,PokemonFakten,,,,,,4,,,,,0
145,"-0,02",Meistagrif,0,2,PokemonFakten,,,,,,0,,,,,0
109,0,Ramoth,0,0,PokemonFakten
43,"1,98",Skelabra,2,2,PokemonFakten,,,,,,1,,,,,1
67,"0,99",Skorgro,1,1,PokemonFakten,,,,,,,,,,,1
109,0,Voltula,0,0,PokemonFakten
109,0,Zapplarang,0,0,PokemonFakten
6,"14,87",Arkani,15,13,PresentLP,,3,,0,-,2,,0,3,,0,,4,,2,,1,,0,0,,0
7,"13,83",Blitza,14,17,PresentLP,2,0,1,,,,2,,,0,2,1,0,0,0,1,2,0,1,0,0,2
145,"-0,02",Despotar,0,2,PresentLP,0,0
19,"5,78",Florges,6,22,PresentLP,0,0,0,0,0,0,1,0,0,2,1,0,0,0,0,0,0,0,0,1,0,1
27,"3,81",Forstellka,4,19,PresentLP,2,,0,0,0,0,0,0,0,0,1,0,0,0,0,0,0,0,,,1,0
83,"0,98",Gastrodon,1,2,PresentLP,,,,,,,1,0
39,"1,99",Gengar,2,1,PresentLP,,,,,,,,,,2
13,"6,94",Hariyama,7,6,PresentLP,,2,0,,1,,2,,,,,,,,,1,,1
1,"32,8",Mega Pinsir,33,20,PresentLP,2,,4,0,0,0,,6,0,2,1,0,0,3,3,2,1,5,0,2,0,2
25,"3,94",Nidoking,4,6,PresentLP,0,,,2,2,0,,,0,,,0
1,"32,8",Quajutsu,33,20,PresentLP,,1,1,4,3,4,0,0,3,0,1,,2,2,1,2,2,0,4,1,1,1
67,"0,99",Simsala,1,1,PresentLP,,,,,,,,,,,,,,1
18,"5,96",Stalobor,6,4,PresentLP,,,,,,,,,,,,1,,,,,,,1,2,2
10,"8,89",Austos,9,11,Raizor Zockt,0,,1,,6,,0,1,0,0,0,0,,,,,0,,1
4,"17,8",Chaneira,18,20,Raizor Zockt,1,1,1,2,0,1,2,0,2,0,0,1,0,1,5,0,0,,0,0,,1
65,"1,93",Dragoran,2,7,Raizor Zockt,0,,0,1,0,0,0,,,1
125,"-0,01",Entei,0,1,Raizor Zockt,0
66,"1,85",Forstellka,2,15,Raizor Zockt,0,0,1,0,0,0,,,0,,,,0,0,0,,0,,0,0,0,1
16,"6,88",Mega Glurak Y,7,12,Raizor Zockt,,2,2,0,0,0,1,0,,0,0,0,,,0,,2
3,"21,85",Nidoking,22,15,Raizor Zockt,1,1,0,,0,,3,4,1,2,3,0,1,,,4,0,,,,1,1
145,"-0,02",Psiana,0,2,Raizor Zockt,,,,,,,,,,,,,,,,0,,,0
26,"3,92",Quajutsu,4,8,Raizor Zockt,,,,,,,,,,,,1,,0,0,1,,,0,1,0,1
33,"2,96",Ramoth,3,4,Raizor Zockt,,0,,3,,,,0,,,,,,,,0
15,"6,91",Symvolara,7,9,Raizor Zockt,,0,,,,0,,1,1,,0,,2,1,,1,,,,1
8,"11,91",Terrakium,12,9,Raizor Zockt,,,,,,,,,,,,4,1,4,0,,1,,0,2,0,0
125,"-0,01",UHaFniR,0,1,Raizor Zockt,,,,,,,,,,,,,,0
83,"0,98",Zobiris,1,2,Raizor Zockt,,,,,,1,0
14,"6,92",Zoroark,7,8,Raizor Zockt,,,,,,,,,2,3,1,,0,,1,,,,,0,0,0
158,"-0,03",Apoquallyp,0,3,Shiro-San,,,0,,0,,,0
125,"-0,01",Clavion,0,1,Shiro-San,,,,,0
145,"-0,02",Donphan,0,2,Shiro-San,,,0,,,,,0
109,0,Drifzepli,0,0,Shiro-San
158,"-0,03",Flampivian,0,3,Shiro-San,,,0,,0,,,0
83,"0,98",Kapilz,1,2,Shiro-San,,,,,0,,,1
12,"6,96",Lucario,7,4,Shiro-San,,,3,,4,,,0,,,,,,,,,,,0
99,"0,97",Mega Glurak X,1,3,Shiro-San,,,0,,,,,0,,,,,,1
11,"6,97",Monargoras,7,3,Shiro-San,,,3,,2,,,,,,,,,,,,,,2
145,"-0,02",Panzaeron,0,2,Shiro-San,,,,,,,,,,,,,,0,,,,,0
145,"-0,02",Rotom Wash,0,2,Shiro-San,,,,,,,,,,,,,,0,,,,,0
83,"0,98",Shaymin,1,2,Shiro-San,,,,,,,,,,,,,,1,,,,,0
39,"1,99",Snibunna,2,1,Shiro-San,,,,,,,,,,,,,,2
109,0,Symvolara,0,0,Shiro-San
83,"0,98",Victini,1,2,Shiro-San,,,,,,,,,,,,,,0,,,,,1
109,0,Apoquallyp,0,0,Silva
58,"1,96",Cresselia,2,4,Silva,,,2,,,,,,0,,,,,0,,,,,,0
67,"0,99",Forstellka,1,1,Silva,,,,,,,,,,,,,,1
33,"2,96",Grebbit,3,4,Silva,,,0,,,,,,0,,,,,0,,,,,,3
83,"0,98",Heiteira,1,2,Silva,,,1,,,,,,0
30,"2,97",Mega Bisaflor,3,3,Silva,,,0,,,,,,2,,,,,,,,,,,1
67,"0,99",Meistagrif,1,1,Silva,,,,,,,,,,,,,,,,,,,,1
109,0,Panferno,0,0,Silva
125,"-0,01",Porygon2,0,1,Silva,,,,,,,,,,,,,,0
58,"1,96",Quajutsu,2,4,Silva,,,0,,,,,,1,,,,,1,,,,,,0
51,"1,97",Rihornior,2,3,Silva,,,1,,,,,,0,,,,,,,,,,,1
109,0,Schwalboss,0,0,Silva
67,"0,99",Victini,1,1,Silva,,,,,,,,,,,,,,1
104,"0,96",Brutalanda,1,4,SurskitTV,0,,,,,,0,1,,,,,,,,,,0
166,"-0,04",Florges,0,4,SurskitTV,,,,,,,0,0,,,,,,,0,,,0
104,"0,96",Grypheldis,1,4,SurskitTV,0,,,,,,1,,,,,,,,0,,,0
125,"-0,01",Magnezone,0,1,SurskitTV,,,,,,,0
109,0,Maskeregen,0,0,SurskitTV
30,"2,97",Mega-Garados,3,3,SurskitTV,,,,,,,,,,,,,,,0,,,2,1
39,"1,99",Metagross,2,1,SurskitTV,,,,,,,,,,,,,,,,,,,2
67,"0,99",Monargoras,1,1,SurskitTV,,,,,,,,1
166,"-0,04",Morlord,0,4,SurskitTV,0,,,,,,0,0,,,,,,,,,,,0
43,"1,98",Porygon2,2,2,SurskitTV,,,,,,,,,,,,,,,,,,1,1
23,"3,97",Quajutsu,4,3,SurskitTV,,,,,,,,,,,,,,,2,,,1,1
51,"1,97",Rotom-Hitze,2,3,SurskitTV,2,,,,,,,0,,,,,,,0
43,"1,98",Simsala,2,2,SurskitTV,0,,,,,,2
58,"1,96",Wie-Shu,2,4,SurskitTV,0,,,,,,,1,,,,,,,0,,,,1
