1. Spieltag - Sonntag der 15.03.2015 [12:00 -18:00],,8. Spieltag - Sonntag der 03.05.2015 [12:00 -18:00],,14. Spieltag - Sonntag der 21.06.2015 [12:00 -18:00],,21. Spieltag - Sonntag der 09.08.2015  [12:00 -18:00]

  Raizor Zockt [3 - 0] RegiBang   ,,RegiBang [0 - 2] DirtyD64  ,,Raizor Zockt [3 - 0] RegiBang       ,,               RegiBang [6 - 0] DirtyD64   nach DC
            PresentLP [0 - 4] DaumenKinoLP  ,,    Fnupa [0 - 3] Shiro-San,,     PresentLP [3 - 0] DaumenKinoLP,, Cabgolord [0 - 6] Shiro-San
                  Scherany [0 - 3] FanmadeLetsPlay   ,,Steve's Super Fun Time [6 - 0] KaffeeConeLP               ,,          Scherany [0 - 2] FanmadeLetsPlay,,Steve's Super Fun Time [2 - 0] KaffeeConeLP            
Kuchenjaeger [0 - 4] SurskitTV,,SurskitTV [2 - 0] Oktopaul   ,,Kuchenjaeger [0 - 2] SurskitTV       ,, SurskitTV [2 - 0] Oktopaul
                      KaffeeConeLP [0 - 2] Oktopaul    ,,Kuchenjaeger [2 - 0] Scherany        ,,KaffeeConeLP [5 - 0] Oktopaul          ,,Kuchenjaeger [0 - 4] Scherany    
        Steve's Super Fun Time [5 - 0] Fnupa,, DaumenKinoLP [3 - 0] FanmadeLetsPlay,,      Steve's Super Fun Time [5 - 0] Cabgolord                           ,,        DaumenKinoLP [0 - 3] FanmadeLetsPlay  
        DirtyD64 [0 - 5] Shiro-San,,PresentLP [0 - 4] Raizor Zockt,,DirtyD64 [0 - 4] Shiro-San,,      PresentLP [0 - 1] Raizor Zockt

2. Spieltag - Sonntag der 22.03.2015 [12:00 -18:00],,9. Spieltag - Sonntag der 10.05.2015 [12:00 -18:00],,15. Spieltag - Sonntag der 28.06.2015 [12:00 -18:00],,22. Spieltag - Sonntag der 16.08.2015 [12:00 -18:00]

RegiBang [0 - 5] PresentLP,,   Fnupa [0 - 4] RegiBang,,RegiBang [2 - 0] PresentLP,,   Cabgolord [0 - 4] RegiBang 
              FanmadeLetsPlay [2 - 0] Raizor Zockt,,  KaffeeConeLP [5 - 0] DirtyD64             ,,FanmadeLetsPlay [6 - 0] Raizor Zockt         ,,KaffeeConeLP [3 - 0] DirtyD64      
                  DaumenKinoLP [0 - 1] Kuchenjaeger,,  Shiro-San [0 - 3] SurskitTV     ,,DaumenKinoLP [5 - 0] Kuchenjaeger    ,,   Shiro-San [0 - 6] SurskitTV nach Brechen der Sleep Clause
Oktopaul [0 - 2] Scherany,,                  Scherany [0 - 2] Steve's Super Fun Time,,Oktopaul [3 - 0] Scherany ,,                        Scherany [2 - 0] Steve's Super Fun Time
                    SurskitTV [0 - 4] Steve's Super Fun Time,,Oktopaul [2 - 1] DaumenKinoLP; Sieg für Paul nach Time Out,,                  SurskitTV [0 - 5] Steve's Super Fun Time,,            Oktopaul [4 - 0] DaumenKinoLP
      Shiro-San [0 - 5] KaffeeConeLP,,   Raizor Zockt [4 - 0] Kuchenjaeger      ,,     Shiro-San [0 - 4] KaffeeConeLP,,   Raizor Zockt [2 - 0] Kuchenjaeger
   Fnupa [4 - 0] DirtyD64,,    FanmadeLetsPlay [4 - 0] PresentLP                   ,,            Cabgolord [0 - 4] DirtyD64   nach DC,,FanmadeLetsPlay [0 - 6] PresentLP         

3. Spieltag - Sonntag der 29.03.2015 [12:00 -18:00],,10. Spieltag - Sonntag der 17.05.2015 [12:00 -18:00],,16. Spieltag - Sonntag der 05.07.2015 [12:00 -18:00],,23. Spieltag - Sonntag der 23.08.2015 [12:00 -18:00]

               FanmadeLetsPlay [5 - 0] RegiBang,,     RegiBang [3 - 0] KaffeeConeLP,,FanmadeLetsPlay [0 - 3] RegiBang             ,,           RegiBang [2 - 0] KaffeeConeLP
                      Kuchenjaeger [2 - 0] PresentLP,,SurskitTV [1 - 0] Fnupa        ,,Kuchenjaeger [0 - 6] PresentLP      ,,    SurskitTV [6 - 0] Cabgolord
                       Raizor Zockt [0 - 5] Oktopaul,,DirtyD64 [0 - 1] Scherany  ,,Raizor Zockt [5 - 0] Oktopaul       ,,     DirtyD64 [0 - 2] Scherany
      Steve's Super Fun Time [5 - 0] DaumenKinoLP  ,,DaumenKinoLP [0 - 2] Shiro-San            ,,   Steve's Super Fun Time [0 - 3] DaumenKinoLP                 ,,DaumenKinoLP [2 - 0] Shiro-San    
Scherany [0 - 5] Shiro-San,,Steve's Super Fun Time [4 - 0] Raizor Zockt                    ,,Scherany [0 - 2] Shiro-San ,,      Steve's Super Fun Time [0 - 1] Raizor Zockt  nach TO    
  DirtyD64 [0 - 4] SurskitTV,,PresentLP [3 - 0] Oktopaul      ,,DirtyD64 [5 - 0] SurskitTV,,  PresentLP [4 - 0] Oktopaul
                    KaffeeConeLP [5 - 0] Fnupa,,   Kuchenjaeger [0 - 4] FanmadeLetsPlay,,KaffeeConeLP [3 - 0] Cabgolord        ,,           Kuchenjaeger [0 - 1] FanmadeLetsPlay

4. Spieltag - Sonntag der 05.04.2015 [12:00 -18:00],,11. Spieltag - Sonntag der 24.05.2015 [12:00 -18:00],,17. Spieltag - Sonntag der 12.07.2015 [12:00 -18:00],,24. Spieltag - Sonntag der 30.08.2015 [12:00 -18:00]

      RegiBang [5 - 0] Kuchenjaeger,, SurskitTV [0 - 4] RegiBang     ,,      RegiBang [4 - 0] Kuchenjaeger,,     SurskitTV [0 - 3] RegiBang     
              Oktopaul [2 - 0] FanmadeLetsPlay,,    Scherany [0 - 4] KaffeeConeLP,,              Oktopaul [4 - 0] FanmadeLetsPlay,,            Scherany [0 - 4] KaffeeConeLP     
                    PresentLP [0 - 1] Steve's Super Fun Time,,           Fnupa [0 - 3] DaumenKinoLP,,                     PresentLP [2 - 0] Steve's Super Fun Time ,,             Cabgolord [0 - 2] DaumenKinoLP     
     Shiro-San [4 - 0] Raizor Zockt,,Raizor Zockt [2 - 0] DirtyD64         ,,      Shiro-San [4 - 0] Raizor Zockt ,,Raizor Zockt [0 - 3] DirtyD64      
                  DaumenKinoLP [0 - 3] DirtyD64,,            Shiro-San [0 - 0] PresentLP Durch DC und Unklarheit = Tie,,DaumenKinoLP [5 - 0] DirtyD64         ,,       Shiro-San [6 - 0] PresentLP nach Brechen der Item Clause
    Fnupa [5 - 0] Scherany,,      FanmadeLetsPlay [1 - 0] Steve's Super Fun Time,,Cabgolord [4 - 0] Scherany,,               FanmadeLetsPlay [0 - 4] Steve's Super Fun Time     
       SurskitTV [2 - 0] KaffeeConeLP,,    Oktopaul [0 - 3] Kuchenjaeger,,       SurskitTV [2 - 0] KaffeeConeLP,,             Oktopaul [3 - 0] Kuchenjaeger     

5. Spieltag - Sonntag der 12.04.2015 [12:00 -18:00],,12. Spieltag - Sonntag der 31.05.2015 [12:00 -18:00],,18. Spieltag - Sonntag der 19.07.2015 [12:00 -18:00],,25. Spieltag - Sonntag der 06.09.2015 [12:00 -18:00]

   Oktopaul [2 - 0] RegiBang,,RegiBang [0 - 1] Scherany  ,,  Oktopaul [0 - 2] RegiBang,,      RegiBang [1 - 0] Scherany    
       Steve's Super Fun Time [5 - 0] Kuchenjaeger,,DaumenKinoLP [0 - 3] SurskitTV         ,,Steve's Super Fun Time [3 - 0] Kuchenjaeger              ,,DaumenKinoLP [1 - 0] SurskitTV     
                FanmadeLetsPlay [0 - 2] Shiro-San,, KaffeeConeLP [2 - 0] Raizor Zockt    ,,FanmadeLetsPlay [0 - 1] Shiro-San           ,,KaffeeConeLP [4 - 0] Raizor Zockt
      DirtyD64 [0 - 2] PresentLP,,             PresentLP [3 - 0] Fnupa  nach DC      ,,    DirtyD64 [3 - 0] PresentLP,,  PresentLP [1 - 0] Cabgolord
                        Raizor Zockt [0 - 4] Fnupa,,             DirtyD64 [0 - 2] FanmadeLetsPlay,,Raizor Zockt [4 - 0] Cabgolord   ,,                 DirtyD64 [0 - 2] FanmadeLetsPlay
     KaffeeConeLP [0 - 4] DaumenKinoLP,,Kuchenjaeger [0 - 3] Shiro-San      ,,    KaffeeConeLP [0 - 1] DaumenKinoLP ,,Kuchenjaeger [0 - 1] Shiro-San  
   Scherany [4 - 0] SurskitTV,,Steve's Super Fun Time [5 - 4] Oktopaul; Draw nach Time Out,,   Scherany [1 - 0] SurskitTV,,Steve's Super Fun Time [0 - 3] Oktopaul                   

6. Spieltag - Sonntag der 19.04.2015 [12:00 -18:00],,13. Spieltag - Sonntag der 07.06.2015 [12:00 -18:00],,19. Spieltag - Sonntag der 26.07.2015 [12:00 -18:00],,26. Spieltag - Sonntag der 13.09.2015 [12:00 -18:00]

                        RegiBang [0 - 2] Steve's Super Fun Time,,DaumenKinoLP [2 - 0] RegiBang         ,,                        RegiBang [0 - 5] Steve's Super Fun Time,, DaumenKinoLP [1 - 0] RegiBang       
                Shiro-San [0 - 4] Oktopaul nach DC,,Raizor Zockt [3 - 0] Scherany      ,,                        Shiro-San [6 - 0] Oktopaul nach Aufgeben,,Raizor Zockt [0 - 2] Scherany  
Kuchenjaeger [0 - 1] DirtyD64     ,,                 SurskitTV [4 - 0] PresentLP  nach DC   ,,Kuchenjaeger [4 - 0] DirtyD64    ,,   SurskitTV [0 - 1] PresentLP
                    Fnupa [0 - 5] FanmadeLetsPlay,,FanmadeLetsPlay [0 - 6] KaffeeConeLP       ,,               Cabgolord [2 - 0] FanmadeLetsPlay,,FanmadeLetsPlay [0 - 2] KaffeeConeLP   
         PresentLP [5 - 0] KaffeeConeLP,,          Fnupa [0 - 6] Kuchenjaeger,,         PresentLP [0 - 3] KaffeeConeLP,,        Cabgolord [0 - 2] Kuchenjaeger
       SurskitTV [0 - 3] Raizor Zockt,,Oktopaul [0 - 2] DirtyD64 ,,       SurskitTV [2 - 0] Raizor Zockt,,   Oktopaul [1 - 0] DirtyD64
DaumenKinoLP [3 - 0] Scherany       ,,       Shiro-San [2 - 1] Steve's Super Fun Time; Draw nach Time Out,,DaumenKinoLP [4 - 0] Scherany      ,,                        Shiro-San [0 - 3] Steve's Super Fun Time

7. Spieltag - Sonntag der 26.04.2015 [12:00 -18:00],,Hinrunde,,20. Spieltag - Sonntag der 02.08.2015 [12:00 -18:00]

Shiro-San [1 - 0] RegiBang,,Rückrunde,,   Shiro-San [4 - 0] RegiBang
                       DirtyD64 [0 - 2] Steve's Super Fun Time,,,,                          DirtyD64 [0 - 3] Steve's Super Fun Time
Oktopaul [6 - 0] Fnupa    ,,Fnupa = Cabgolord,,        Oktopaul [4 - 0] Cabgolord    
KaffeeConeLP [1 - 0] Kuchenjaeger  ,,,,  KaffeeConeLP [0 - 4] Kuchenjaeger
FanmadeLetsPlay [0 - 3] SurskitTV             ,,,,FanmadeLetsPlay [0 - 2] SurskitTV         
Scherany [2 - 0] PresentLP,,,,     Scherany [0 - 3] PresentLP
  Raizor Zockt [0 - 2] DaumenKinoLP,,,,        Raizor Zockt [0 - 3] DaumenKinoLP 
