GPL [S2] - Liga 2 - Kill-Rangliste,,Stand: Spieltag 26 {Season Ende],"
"
Pokemon,Kills,Platz,Kanal
Scherox,40,1,LucarioLP
Krebutack,29,2,PokéBazi
Caesurio,26,3,Minetube
Simsala,23,4,Lets Kayze
Lucario,21,5,Parsifani
Mega-Glurak-X,21,5,SpeedEevee
Mega-Scherox,20,6,CaptainCrinch
Azumarill,20,6,Raikani
Nidoking,20,6,Raikani
Mega-Bisaflor,19,7,LucarioLP
Nidoking,19,7,Lets Kayze
Azumarill,18,8,Parsifani
Chaneira,18,8,CaptainCrinch
Ramoth,16,9,Parsifani
Grebbit,16,9,PokéBazi
Suicune,16,9,Minetube
Mamolida,15,10,Parsifani
Mega-Turtok,15,10,glebber
Flambirex,15,10,Minetube
Florges,14,11,LucarioLP
Mega-Glurak-Y,13,12,PokéBazi
Donphan,13,12,PokéBazi
Tentantel,13,12,Lets Kayze
Mamutel,13,12,LightGaming
Sumpex,13,12,LucarioLP
Heatran,12,13,glebber
Scherox,12,13,PokeBree
Gengar,12,13,LightGaming
Mamutel,12,13,CaptainCrinch
Kapilz,12,13,Zant017
Demeteros-T,12,13,Parsifani
Latios,11,14,PentaPlayer
Toxiquak,11,14,glebber
Demeteros-T,11,14,glebber
Chillabell,11,14,CaptainCrinch
Flampivian,11,14,Raikani
Mew [Totgeburt],11,14,Raikani
Simsala,11,14,Parsifani
Mega-Pinsir,11,14,WolvX
Trikephalo,10,15,Minetube
Florges,10,15,PokéBazi
Panferno,10,15,Lets Kayze
Impergator,10,15,Zant017
Suicune,10,15,Raikani
Florges,10,15,WolvX
Mega-Metagross,10,15,PentaPlayer
Trikephalo,9,16,LucarioLP
Mega-Rexblisar,9,16,Parsifani
Skaraborn,9,16,SpeedEevee
Mega-Garados,9,16,Lets Kayze
Zytomega,9,16,LightGaming
Latios,8,17,LucarioLP
Rotom-Heat,8,17,PokeBree
Latias,8,17,Zant017
Latios,8,17,Shizumania
Porygon 2,8,17,Lets Kayze
Mega Simsala,7,18,LightGaming
Mega-Galagladi,7,18,LightGaming
Iksbat,7,18,LightGaming
Chaneira,7,18,Minetube
Sumpex,7,18,Minetube
Hutsassa,7,18,Minetube
Flampivian,7,18,Parsifani
Iksbat,7,18,Parsifani
Meditalis,7,18,PokeBree
Mega Tauboss,7,18,Zant017
Rotom-Heat,7,18,PentaPlayer
Iksbat,7,18,PokéBazi
Entei,7,18,PokéBazi
Zapplarang,7,18,WolvX
Trikephalo,6,19,glebber
Tobutz,6,19,glebber
Scherox,6,19,glebber
Scherox,6,19,LightGaming
Chaneira,6,19,LightGaming
Rotom-Heat,6,19,CaptainCrinch
Terrakium,6,19,Minetube
Mega-Zobiris,6,19,Minetube
Psiana,6,19,PokéBazi
Magnezone,6,19,PokéBazi
Keldeo,6,19,PokéBazi
Rotom-Heat,6,19,Raikani
Terrakium,6,19,Raikani
Mega-Latias,6,19,Raikani
Suicune,6,19,SpeedEevee
Nidoking,6,19,WolvX
Kobalium,6,19,LucarioLP
Maxax,6,19,Shizumania
Mega-Schlapor,6,19,Shizumania
Mew,5,20,CaptainCrinch
Rotom-Heat,5,20,glebber
Trikephalo,5,20,LightGaming
Mamolida,5,20,LightGaming
Pixi,5,20,PentaPlayer
Zoroark,5,20,SpeedEevee
Snibunna,5,20,Zant017
Maxax,5,20,PokéBazi
Florges,5,20,Parsifani
Donphan,5,20,Lets Kayze
Zapplarang,5,20,Lets Kayze
Nidoking,5,20,PokeBree
Mamutel,5,20,Raikani
Simsala,4,21,CaptainCrinch
Smogmog,4,21,CaptainCrinch
Kapalores,4,21,glebber
Pixi,4,21,glebber
Iksbat,4,21,glebber
Heatran,4,21,WolvX
Gastrodon,4,21,WolvX
Mega-Sumpex,4,21,PentaPlayer
Quaxo,4,21,PentaPlayer
Metagross,4,21,PentaPlayer
Hutsassa,4,21,PentaPlayer
Iksbat,4,21,PentaPlayer
Skorgro,4,21,PokeBree
Starmie,4,21,PokeBree
Raikou,4,21,LucarioLP
Mega-Gewaldro,4,21,Raikani
Raichu,4,21,Zant017
Arkani,4,21,LightGaming
Pixi,4,21,LightGaming
Resladero,4,21,Minetube
Meistagrif,3,22,WolvX
Latias,3,22,WolvX
Florges,3,22,Lets Kayze
Rabigator,3,22,LightGaming
Forstellka,3,22,LightGaming
Kapoera,3,22,Parsifani
Knilz,3,22,PentaPlayer
Hariyama,3,22,PentaPlayer
Viscogon,3,22,PokeBree
Arktilas,3,22,PokeBree
Porygon 2,3,22,PokeBree
Mega-Altaria,3,22,PokeBree
Kramshef,3,22,LucarioLP
Zapplarang,3,22,LucarioLP
Krebutack,3,22,SpeedEevee
Blitza,3,22,SpeedEevee
Kobalium,3,22,SpeedEevee
Mamutel,3,22,Shizumania
Heatran,3,22,Shizumania
Tornupto,3,22,Zant017
Donphan,2,23,WolvX
Pixi,2,23,CaptainCrinch
PokeBazi,2,23,CaptainCrinch
Kyurem-Black,2,23,CaptainCrinch
Ramoth,2,23,Lets Kayze
Staraptor,2,23,Lets Kayze
Nidoking,2,23,Lets Kayze
Snibunna,2,23,Lets Kayze
Hutsassa,2,23,Lets Kayze
Magnezone,2,23,LightGaming
Forstellka,2,23,Minetube
Rabigator,2,23,PentaPlayer
Viscogon,2,23,PokéBazi
Tentoxa,2,23,PokeBree
Nachtara,2,23,Raikani
Donphan,2,22,LucarioLP
Guardevoir,2,23,SpeedEevee
Sumpex,2,23,SpeedEevee
Guardevoir,2,23,Zant017
Zapplarang,2,23,Zant017
Registeel,2,23,Zant017
Yanmega,2,23,Shizumania
Entei,2,23,Shizumania
Mamolida,1,24,WolvX
Forstellka,1,24,WolvX
Roserade,1,24,WolvX
Heatran,1,24,LucarioLP
Machomei,1,24,LucarioLP
Arkani,1,24,LucarioLP
Milotic,1,24,Minetube
Kokowei,1,24,Minetube
Nachtara,1,24,Parsifani
Impoleon,1,24,Parsifani
Zobiris,1,24,PentaPlayer
Kappalores,1,24,PentaPlayer
Suicune,1,24,PentaPlayer
Pixi,1,24,PentaPlayer
Brutalanda,1,24,PokéBazi
Skaraborn,1,24,PokéBazi
Mega-Gewaldro,1,24,PokéBazi
Absol,1,24,PokeBree
Gastrodon,1,24,PokeBree
Forstellka,1,24,Raikani
Uhafnir,1,24,Raikani
Hutsassa,1,24,Raikani
Togekiss,1,24,SpeedEevee
Panzaeron,1,24,SpeedEevee
Elfun,1,24,Zant017
Mamutel,1,24,glebber
Elezard,1,24,Domibri
Mega-Turtok,1,24,Domibri
Aquana,1,24,Domibri
Snibunna,1,24,Domibri
Grypheldis,1,24,CaptainCrinch
Voltula,1,24,Shizumania
Milotic,1,24,Shizumania
Pixi,1,24,Shizumania
