,Hinrunde: Spieltag 1 - 6,,,,Hinrunde: Spieltag 7 - 11,,,,Rückrunde: Spieltag 12 - 17,,,,Rückrunde: Spieltag 18 - 22

,Kämpfe kommen von 12:00 - 17:00 Uhr!,,,,Kämpfe kommen von 12:00 - 17:00 Uhr!,,,,Kämpfe kommen von 12:00 - 17:00 Uhr!,,,,Kämpfe kommen von 12:00 - 17:00 Uhr!

,1. Spieltag - Sonntag der 11.03.2018,,,,7. Spieltag - Sonntag der 22.04.2018,,,,12. Spieltag - Sonntag der 03.06.2018,,,,18. Spieltag - Sonntag der 15.07.2018

,FullLifeGames,6:0,Lauris Enteitainment,,Lauris Enteitainment,6:0*,glebber,,Lauris Enteitainment,0:4,FullLifeGames,,glebber,0:4,Lauris Enteitainment
,TabascoTV,1:1*,Sin of Speed,,Sin of Speed,0:6,CaptainCrinch,,Sin of Speed,2:0,Parsifani,,CaptainCrinch,0:3,Sin of Speed
,PresentLP,0:4,Cabgolord,,Cabgolord,0:4,Professor N,,Cabgolord,0:3,PresentLP,,Professor N,0:1,Cabgolord
,Minetube,0:4,Raizor,,Raizor,0:2,FullLifeGames,,Raizor,0:2,Minetube,,FullLifeGames,2:0,Raizor
,MeLevies,0:5,Professor N,,Parsifani,3:0,MeLevies,,Professor N,0:3,MeLevies,,Kaffeecone,0:2,Parsifani
,glebber,3:0,CaptainCrinch,,PresentLP,4:0,Minetube,,CaptainCrinch,0:1,glebber,,Minetube,0:4,PresentLP
,* Nach Schiri Entscheidung,,,,,* Aufgrund einer Missachtung der Z-Attacken Regelung
,2. Spieltag - Sonntag der 18.03.2018,,,,8. Spieltag - Sonntag der 29.04.2018,,,,13. Spieltag - Sonntag der 10.06.2018,,,,19. Spieltag - Sonntag der 22.07.2018

,Cabgolord,0:1,TabascoTV,,Minetube,2:0,Parsifani,,Parsifani,5:0,Cabgolord,,Parsifani,0:2,Minetube
,Raizor,0:2,PresentLP,,PresentLP,0:2,FullLifeGames,,PresentLP,0:2,Raizor,,FullLifeGames,0:2,PresentLP
,Professor N,2:0,Minetube,,MeLevies,1:0,Lauris Enteitainment,,Minetube,0:3,Professor N,,Lauris Enteitainment,5:0,Kaffeecone
,CaptainCrinch,4:0,MeLevies,,glebber,3:0,Sin of Speed,,MeLevies,0:1,CaptainCrinch,,Sin of Speed,1:0,glebber
,Sin of Speed,0:3,Lauris Enteitainment,,CaptainCrinch,2:0,Cabgolord,,Lauris Enteitainment,3:0,Sin of Speed,,Cabgolord,0:3,CaptainCrinch
,FullLifeGames,5:0,glebber,,Professor N,4:0,Raizor,,glebber,0:4,FullLifeGames,,Raizor,0:2,Professor N

,3. Spieltag - Sonntag der 25.03.2018,,,,9. Spieltag - Sonntag der 06.05.2018,,,,14. Spieltag - Sonntag der 17.06.2018,,,,20. Spieltag - Sonntag der 29.07.2018

,Lauris Enteitainment,4:0,Cabgolord,,Lauris Enteitainment,4:0,Minetube,,Cabgolord,0:2,Lauris Enteitainment,,Minetube,0:2,Lauris Enteitainment
,Sin of Speed,3:0,FullLifeGames,,Sin of Speed,0:1,MeLevies,,FullLifeGames,6:0,Sin of Speed,,Kaffeecone,0:2,Sin of Speed
,TabascoTV,0:3,Raizor,,Cabgolord,0:5,glebber,,Raizor,0:3,Parsifani,,glebber,3:0,Cabgolord
,PresentLP,3:0,Professor N,,Raizor,4:0,CaptainCrinch,,Professor N,0:2,PresentLP,,CaptainCrinch,5:0,Raizor
,Minetube,0:4,CaptainCrinch,,FullLifeGames,1:0,Professor N,,Captain Crinch,0:2,Minetube,,Professor N,2:0,FullLifeGames
,MeLevies,0:4,glebber,,Parsifani,1:0,PresentLP,,glebber,1:0,Kaffecone,,PresentLP,4:0,Parsifani

,4. Spieltag - Sonntag der 01.04.2018,,,,10. Spieltag - Sonntag der 13.05.2018,,,,15. Spieltag - Sonntag der 24.06.2018,,,,21. Spieltag - Sonntag der 05.08.2018

,Professor N,1:0,TabascoTV,,PresentLP,0:5,Lauris Enteitainment,,Parsifani,1:0,Professor N,,Lauris Enteitainment,:,PresentLP
,CaptainCrinch,0:5,PresentLP,,Minetube,1:0,Sin of Speed,,PresentLP,0:4,Captain Crinch,,Sin of Speed,:,Minetube
,glebber,0:3,Minetube,,MeLevies,0:2,Cabgolord,,Minetube,0:2,glebber,,Cabgolord,:,Kaffeecone
,MeLevies,3:0,FullLifeGames,,glebber,3:0,Raizor,,FullLifeGames,6:0,Kaffeecone,,Raizor,:,glebber
,Raizor,0:2,Lauris Enteitainment,,CaptainCrinch,0:5,Professor N,,Lauris Enteitainment,4:0,Raizor,,Professor N,:,CaptainCrinch
,Cabgolord,0:3,Sin of Speed,,FullLifeGames,1:0,Parsifani,,Sin of Speed,3:0,Cabgolord,,Parsifani,:,FullLifeGames

,5. Spieltag - Sonntag der 08.04.2018,,,,11. Spieltag - Sonntag der 20.05.2018,,,,16. Spieltag - Sonntag der 01.07.2018,,,,22. Spieltag - Sonntag der 12.08.2018

,Lauris Enteitainment,5:0,Professor N,,CaptainCrinch,0:2,FullLifeGames,,Professor N,0:2,Lauris Enteitainment,,FullLifeGames,:,Captain Crinch
,Sin of Speed,2:0,Raizor,,Sin of Speed,4:0,PresentLP,,Raizor,3:0,Sin of Speed,,PresentLP,:,Sin of Speed
,FullLifeGames,0:6,Cabgolord,,Cabgolord,1:0,Minetube,,Cabgolord,0:5,FullLifeGames,,Minetube,:,Cabgolord
,TabascoTV,0:5,CaptainCrinch,,Raizor,5:0,MeLevies,,CaptainCrinch,4:0,Parsifani,,Kaffeecone,:,Raizor
,PresentLP,1:0,glebber,,Professor N,0:2,glebber,,glebber,0:2,PresentLP,,glebber,:,Professor N
,Minetube,2:0,MeLevies,,Lauris Enteitainment,3:0,Parsifani,,Kaffeecone,1:0,Minetube,,Parsifani,:,Lauris Enteitainment

,6. Spieltag - Sonntag der 15.04.2018,,,,Parsifani ist an Spieltag 6 für TabascoTV eingestiegen,,,,17. Spieltag - Sonntag der 08.07.2018,,,,Kaffeecone ist an Spieltag 14 für MeLevies eingestiegen

,glebber,0:1,Parsifani,,,,,,Parsifani,0:3,glebber
,MeLevies,0:1,PresentLP,,,,,,PresentLP,5:0,Kaffeecone
,CaptainCrinch,0:1,Lauris Enteitainment,,,,,,Lauris Enteitainment,5:0,Captain Crinch
,Professor N,4:0,Sin of Speed,,,,,,Sin of Speed,5:0,Professor N
,Raizor,4:0,Cabgolord,,,,,,Cabgolord,0:1,Raizor
,FullLifeGames,5:0,Minetube,,,,,,Minetube,0:2,FullLifeGames
