Runde 1,Runde 2,Runde 3,Runde 4,Runde 5,Runde 6,Runde 7,Runde 8,Runde 9,Runde 10,Runde 11

Minetube,FullLifeGames,TabascoTV,Sin of Speed,MeLevies,FullLifeGames,CaptainCrinch,Minetube,Cabgolord,Lauris Enteitainment,MeLevies
TabascoTV,Lauris Enteitainment,Professor N,Lauris Enteitainment,Sin of Speed,Raizor,MeLevies,FullLifeGames,CaptainCrinch,PresentLP,Minetube
Professor N,Sin of Speed,Cabgolord,PresentLP,Minetube,Professor N,glebber,Sin of Speed,glebber,TabascoTV,TabascoTV
Cabgolord,MeLevies,MeLevies,Minetube,Lauris Enteitainment,CaptainCrinch,Professor N,TabascoTV,Raizor,Professor N,glebber
glebber,PresentLP,glebber,FullLifeGames,TabascoTV,Cabgolord,Cabgolord,Lauris Enteitainment,MeLevies,FullLifeGames,Professor N
Raizor,CaptainCrinch,Raizor,CaptainCrinch,glebber,PresentLP,Raizor,PresentLP,Minetube,Sin of Speed,CaptainCrinch
CaptainCrinch,Raizor,CaptainCrinch,Raizor,PresentLP,glebber,PresentLP,Raizor,Sin of Speed,Minetube,PresentLP
PresentLP,glebber,FullLifeGames,glebber,Cabgolord,TabascoTV,Lauris Enteitainment,Cabgolord,FullLifeGames,MeLevies,Raizor
MeLevies,Cabgolord,Minetube,MeLevies,CaptainCrinch,Lauris Enteitainment,TabascoTV,Professor N,Professor N,Raizor,Cabgolord
Sin of Speed,Professor N,PresentLP,Cabgolord,Professor N,Minetube,Sin of Speed,glebber,TabascoTV,glebber,Sin of Speed
Lauris Enteitainment,TabascoTV,Lauris Enteitainment,Professor N,Raizor,Sin of Speed,FullLifeGames,MeLevies,PresentLP,CaptainCrinch,Lauris Enteitainment
FullLifeGames,Minetube,Sin of Speed,TabascoTV,FullLifeGames,MeLevies,Minetube,CaptainCrinch,Lauris Enteitainment,Cabgolord,FullLifeGames
Rückrunde
Runde 1,Runde 2,Runde 3,Runde 4,Runde 5

Lauris Enteitainment,Raizor,FullLifeGames,Raizor,Raizor
Sin of Speed,PresentLP,Professor N,CaptainCrinch,glebber
Minetube,CaptainCrinch,MeLevies,PresentLP,Parsifani
Professor N,glebber,Parsifani,Minetube,CaptainCrinch
Parsifani,Cabgolord,Sin of Speed,Lauris Enteitainment,Minetube
FullLifeGames,MeLevies,glebber,Cabgolord,FullLifeGames
MeLevies,FullLifeGames,Cabgolord,glebber,PresentLP
Cabgolord,Parsifani,Lauris Enteitainment,Sin of Speed,Professor N
glebber,Professor N,Minetube,Parsifani,MeLevies
CaptainCrinch,Minetube,PresentLP,MeLevies,Lauris Enteitainment
PresentLP,Sin of Speed,CaptainCrinch,Professor N,Cabgolord
Raizor,Lauris Enteitainment,Raizor,FullLifeGames,Sin of Speed
