award_key,scope,season_id,division,person_id,person_name,value,formula,source_urls
best_newcomer,season,season_001,,person_present,PresentLP,69.3,weighted_rating_debut_min5,https://docs.google.com/spreadsheets/d/1n9SmK-ccTCn8Jjhs4U2LKnibXY8PvuBtV3V9MCOURRA/edit#gid=0
champion,season,season_001,,person_present,PresentLP,,sourced_title,https://docs.google.com/spreadsheets/d/1n9SmK-ccTCn8Jjhs4U2LKnibXY8PvuBtV3V9MCOURRA/edit#gid=0
giant_slayer,season,season_001,Regular Season,person_shiro,Shiro,1677,beat_highest_rated,https://docs.google.com/spreadsheets/d/14N_40jsahiN9DChpnNaPTnFy26If6imVHtqBGDWk6pg/edit#gid=0
holzloeffel,season,season_001,Regular Season,person_morbolth,Morbolth,12,last_place,https://docs.google.com/spreadsheets/d/1n9SmK-ccTCn8Jjhs4U2LKnibXY8PvuBtV3V9MCOURRA/edit#gid=0
kill_leader,season,season_001,Regular Season,person_present,PresentLP,126,season_kills,https://docs.google.com/spreadsheets/d/1n9SmK-ccTCn8Jjhs4U2LKnibXY8PvuBtV3V9MCOURRA/edit#gid=0
mvp,season,season_001,Regular Season,person_present,PresentLP,69.3,weighted_rating_min5,https://docs.google.com/spreadsheets/d/1n9SmK-ccTCn8Jjhs4U2LKnibXY8PvuBtV3V9MCOURRA/edit#gid=0
upset_of_season,season,season_001,Regular Season,person_morbolth,Morbolth,25,min_pregame_win_chance,https://docs.google.com/spreadsheets/d/14N_40jsahiN9DChpnNaPTnFy26If6imVHtqBGDWk6pg/edit#gid=0
best_newcomer,season,season_002,,person_parsifani,Parsifani,61.0,weighted_rating_debut_min5,https://docs.google.com/spreadsheets/d/1ACnJyxD1hx-mbOcZXoJ5BjXDOwUF1TYmfgkqtJgFRXk/edit#gid=0
champion,season,season_002,,person_steveparker,SteveParker,,sourced_title,https://docs.google.com/spreadsheets/d/1vJ-pioe3RZKSZ3LIGEA3FVTv_KEE_XKIQAXSIUNNd-Q/edit#gid=0
giant_slayer,season,season_002,Regular Season,person_surskittv,SurskitTV,1665,beat_highest_rated,https://docs.google.com/spreadsheets/d/16wGz0QnHeyqfcAhKdYvDqUZAvKxXKuAHchszJjhpp-o/edit#gid=0
holzloeffel,season,season_002,Regular Season,person_fnupa,Cabgolord,14,last_place,https://docs.google.com/spreadsheets/d/1vJ-pioe3RZKSZ3LIGEA3FVTv_KEE_XKIQAXSIUNNd-Q/edit#gid=0
holzloeffel,season,season_002,Liga 2,person_zant,Zant,14,last_place,https://docs.google.com/spreadsheets/d/1ACnJyxD1hx-mbOcZXoJ5BjXDOwUF1TYmfgkqtJgFRXk/edit#gid=0
kill_leader,season,season_002,Liga 2,person_parsifani,Parsifani,140,season_kills,https://docs.google.com/spreadsheets/d/1ACnJyxD1hx-mbOcZXoJ5BjXDOwUF1TYmfgkqtJgFRXk/edit#gid=0
mvp,season,season_002,Liga 2,person_parsifani,Parsifani,61.0,weighted_rating_min5,https://docs.google.com/spreadsheets/d/1ACnJyxD1hx-mbOcZXoJ5BjXDOwUF1TYmfgkqtJgFRXk/edit#gid=0
upset_of_season,season,season_002,Liga 2,person_wolvx,WolvX,17,min_pregame_win_chance,https://docs.google.com/spreadsheets/d/1Jc6mBqbU8wYKfz3WxfpxsWbj_6xaZB6OmoCRPGzGJLM/edit#gid=0
best_newcomer,season,season_003,,person_crowdcontroller,CrowdController,55.4,weighted_rating_debut_min5,https://docs.google.com/spreadsheets/d/1_UuLy0LRQbXfL31crTDpStLx_CzYOo8-baJKZIywl9Q/edit#gid=832761930
champion,season,season_003,,person_present,PresentLP,,sourced_title,https://docs.google.com/spreadsheets/d/13ggv8-k1WCcrrjlwXb-ZoSwhODIQlG_NVffp3TGKOgI/edit#gid=0
giant_slayer,season,season_003,Liga 1,person_captaincrinch,CaptainCrinch,1672,beat_highest_rated,https://docs.google.com/spreadsheets/d/15MPuuKWiOBeqO8JbrOYulUHFDzWbid6_pYZLHiWVzrk/edit#gid=0
holzloeffel,season,season_003,Liga 1,person_surskittv,SurskitTV,14,last_place,https://docs.google.com/spreadsheets/d/13ggv8-k1WCcrrjlwXb-ZoSwhODIQlG_NVffp3TGKOgI/edit#gid=0
holzloeffel,season,season_003,Liga 2,person_themiifii,TheMiiFii,14,last_place,https://docs.google.com/spreadsheets/d/1_UuLy0LRQbXfL31crTDpStLx_CzYOo8-baJKZIywl9Q/edit#gid=832761930
kill_leader,season,season_003,Liga 1,person_present,PresentLP,145,season_kills,https://docs.google.com/spreadsheets/d/13ggv8-k1WCcrrjlwXb-ZoSwhODIQlG_NVffp3TGKOgI/edit#gid=0
mvp,season,season_003,Liga 2,person_lightgaming,LightGaming,58.2,weighted_rating_min5,https://docs.google.com/spreadsheets/d/1_UuLy0LRQbXfL31crTDpStLx_CzYOo8-baJKZIywl9Q/edit#gid=832761930
mvp,season,season_003,Liga 1,person_present,PresentLP,58.2,weighted_rating_min5,https://docs.google.com/spreadsheets/d/13ggv8-k1WCcrrjlwXb-ZoSwhODIQlG_NVffp3TGKOgI/edit#gid=0
upset_of_season,season,season_003,Liga 2,person_fnupa,Cabgolord,18,min_pregame_win_chance,https://docs.google.com/spreadsheets/d/16r_khFZJxguj1o1wSrDQO4vlJhSDhIdN8AbUJQbnDq0/edit#gid=0
best_newcomer,season,season_004,,person_tabasco_tv,Tabasco TV,59.7,weighted_rating_debut_min5,https://docs.google.com/spreadsheets/d/1iwPqphIOO1ID-4NV3sv5CrIsmpQF-saq1sNE9Sxo9oE/edit#gid=0
champion,season,season_004,,person_bene,Bene,,sourced_title,https://docs.google.com/spreadsheets/d/1rZd3D0JRNj3lK0ZKdMXPLvCNBofRhFsvW0AlPuBk3VE/edit#gid=0
giant_slayer,season,season_004,Regular Season,person_pokebazi,PokeBazi,1681,beat_highest_rated,https://docs.google.com/spreadsheets/d/1u8AORkPkqIxR4GblUqU5faeTfuuKGjKrllUxnnUdRz0/edit#gid=992181004
holzloeffel,season,season_004,Liga 2,person_asalakoren,Asalakoren,12,last_place,https://docs.google.com/spreadsheets/d/1iwPqphIOO1ID-4NV3sv5CrIsmpQF-saq1sNE9Sxo9oE/edit#gid=0
holzloeffel,season,season_004,Regular Season,person_crowdcontroller,CrowdController,12,last_place,https://docs.google.com/spreadsheets/d/1rZd3D0JRNj3lK0ZKdMXPLvCNBofRhFsvW0AlPuBk3VE/edit#gid=0
kill_leader,season,season_004,Regular Season,person_bene,Bene,127,season_kills,https://docs.google.com/spreadsheets/d/1rZd3D0JRNj3lK0ZKdMXPLvCNBofRhFsvW0AlPuBk3VE/edit#gid=0
mvp,season,season_004,Regular Season,person_bene,Bene,66.1,weighted_rating_min5,https://docs.google.com/spreadsheets/d/1rZd3D0JRNj3lK0ZKdMXPLvCNBofRhFsvW0AlPuBk3VE/edit#gid=0
upset_of_season,season,season_004,Regular Season,person_fnupa,Cabgolord,23,min_pregame_win_chance,https://docs.google.com/spreadsheets/d/1u8AORkPkqIxR4GblUqU5faeTfuuKGjKrllUxnnUdRz0/edit#gid=992181004
best_newcomer,season,season_005,,person_belmontgabriel,BelmontGabriel,62.9,weighted_rating_debut_min5,https://docs.google.com/spreadsheets/d/1Jej38dwkqOARMHvKaUfQeHME0pLqP9GE6vPZQMUxMcg/edit#gid=1613120774
champion,season,season_005,,person_lauris,Lauris,,sourced_title,https://docs.google.com/spreadsheets/d/1nONaKwJcrN04APGKN-HrZ8yavwZdFkfnaA59Zp1sdBU/edit#gid=1708603996
giant_slayer,season,season_005,Liga 1,person_present,PresentLP,1793,beat_highest_rated,https://docs.google.com/spreadsheets/d/1nONaKwJcrN04APGKN-HrZ8yavwZdFkfnaA59Zp1sdBU/edit#gid=405850997
holzloeffel,season,season_005,Liga 2,person_asalakoren,Asalakoren,12,last_place,https://docs.google.com/spreadsheets/d/1Jej38dwkqOARMHvKaUfQeHME0pLqP9GE6vPZQMUxMcg/edit#gid=1613120774
holzloeffel,season,season_005,Liga 1,person_fnupa,Cabgolord,12,last_place,https://docs.google.com/spreadsheets/d/1nONaKwJcrN04APGKN-HrZ8yavwZdFkfnaA59Zp1sdBU/edit#gid=1708603996
kill_leader,season,season_005,Liga 2,person_belmontgabriel,BelmontGabriel,121,season_kills,https://docs.google.com/spreadsheets/d/1Jej38dwkqOARMHvKaUfQeHME0pLqP9GE6vPZQMUxMcg/edit#gid=1613120774
kill_leader,season,season_005,Liga 1,person_lauris,Lauris,121,season_kills,https://docs.google.com/spreadsheets/d/1nONaKwJcrN04APGKN-HrZ8yavwZdFkfnaA59Zp1sdBU/edit#gid=1708603996
mvp,season,season_005,Liga 1,person_lauris,Lauris,66.1,weighted_rating_min5,https://docs.google.com/spreadsheets/d/1nONaKwJcrN04APGKN-HrZ8yavwZdFkfnaA59Zp1sdBU/edit#gid=1708603996
upset_of_season,season,season_005,Liga 2,person_scoutley,Scoutley,18,min_pregame_win_chance,https://docs.google.com/spreadsheets/d/1Jej38dwkqOARMHvKaUfQeHME0pLqP9GE6vPZQMUxMcg/edit#gid=2102144361
best_newcomer,season,season_006,,person_maxi_von_vogel,Maxi von Vogel,50.9,weighted_rating_debut_min5,https://docs.google.com/spreadsheets/d/11wxsKyCydVmDjp4kGLJAOLPM_LgwCLN2GYpbDQkNtkk/edit#gid=1532844442
champion,season,season_006,,person_barry_d_sin_of_speed,Barry D. Sin of Speed,,sourced_title,https://docs.google.com/spreadsheets/d/11wxsKyCydVmDjp4kGLJAOLPM_LgwCLN2GYpbDQkNtkk/edit#gid=892995759
giant_slayer,season,season_006,Sun Conference,person_barry_d_sin_of_speed,Barry D. Sin of Speed,1750,beat_highest_rated,https://docs.google.com/spreadsheets/d/11wxsKyCydVmDjp4kGLJAOLPM_LgwCLN2GYpbDQkNtkk/edit#gid=892995759
holzloeffel,season,season_006,Moon Conference,person_craycom,Craycom,12,last_place,https://docs.google.com/spreadsheets/d/11wxsKyCydVmDjp4kGLJAOLPM_LgwCLN2GYpbDQkNtkk/edit#gid=483990761
holzloeffel,season,season_006,Sun Conference,person_scoutley,Scoutley,12,last_place,https://docs.google.com/spreadsheets/d/11wxsKyCydVmDjp4kGLJAOLPM_LgwCLN2GYpbDQkNtkk/edit#gid=1532844442
kill_leader,season,season_006,Sun Conference,person_pokebazi,PokeBazi,61,season_kills,https://docs.google.com/spreadsheets/d/11wxsKyCydVmDjp4kGLJAOLPM_LgwCLN2GYpbDQkNtkk/edit#gid=1532844442
mvp,season,season_006,Sun Conference,person_pokebazi,PokeBazi,55.5,weighted_rating_min5,https://docs.google.com/spreadsheets/d/11wxsKyCydVmDjp4kGLJAOLPM_LgwCLN2GYpbDQkNtkk/edit#gid=1532844442
upset_of_season,season,season_006,Sun Conference,person_blacklink,BlackLink,14,min_pregame_win_chance,https://docs.google.com/spreadsheets/d/11wxsKyCydVmDjp4kGLJAOLPM_LgwCLN2GYpbDQkNtkk/edit#gid=892995759
champion,season,season_007,,person_nestfloh,Nestfloh,,sourced_title,https://docs.google.com/spreadsheets/d/1nwiq_ggEj7QePeZGMR2xoi0bEHJr_ZGO24YCRdt93No/edit#gid=1953934700
giant_slayer,season,season_007,Regular Season,person_regibang,RegiBang,1696,beat_highest_rated,https://docs.google.com/spreadsheets/d/1nwiq_ggEj7QePeZGMR2xoi0bEHJr_ZGO24YCRdt93No/edit#gid=1358421537
holzloeffel,season,season_007,Regular Season,person_captaincrinch,CaptainCrinch,14,last_place,https://docs.google.com/spreadsheets/d/1nwiq_ggEj7QePeZGMR2xoi0bEHJr_ZGO24YCRdt93No/edit#gid=1953934700
kill_leader,season,season_007,Regular Season,person_dauni_daunstar,Dauni,72,season_kills,https://docs.google.com/spreadsheets/d/1nwiq_ggEj7QePeZGMR2xoi0bEHJr_ZGO24YCRdt93No/edit#gid=1953934700
mvp,season,season_007,Regular Season,person_dauni_daunstar,Dauni,58.9,weighted_rating_min5,https://docs.google.com/spreadsheets/d/1nwiq_ggEj7QePeZGMR2xoi0bEHJr_ZGO24YCRdt93No/edit#gid=1953934700
mvp,season,season_007,Regular Season,person_nestfloh,Nestfloh,58.9,weighted_rating_min5,https://docs.google.com/spreadsheets/d/1nwiq_ggEj7QePeZGMR2xoi0bEHJr_ZGO24YCRdt93No/edit#gid=1953934700
upset_of_season,season,season_007,Regular Season,person_raizor,Raizor,22,min_pregame_win_chance,https://docs.google.com/spreadsheets/d/1nwiq_ggEj7QePeZGMR2xoi0bEHJr_ZGO24YCRdt93No/edit#gid=1358421537
best_newcomer,season,season_008,,person_king_blex,KingBlex,52.2,weighted_rating_debut_min5,https://docs.google.com/spreadsheets/d/1B2uTMvWlAHb7WlpupJV1A2Hbi3K3U1vCyoFV0wCapcw/edit#gid=419572953
champion,season,season_008,,person_bene,Bene,,sourced_title,https://docs.google.com/spreadsheets/d/1B2uTMvWlAHb7WlpupJV1A2Hbi3K3U1vCyoFV0wCapcw/edit#gid=1953934700
giant_slayer,season,season_008,Liga 1,person_dauni_daunstar,Dauni,1709,beat_highest_rated,https://docs.google.com/spreadsheets/d/1B2uTMvWlAHb7WlpupJV1A2Hbi3K3U1vCyoFV0wCapcw/edit#gid=1432574016
holzloeffel,season,season_008,Liga 2,person_pokgalaxy,Pokgalaxy,8,last_place,https://docs.google.com/spreadsheets/d/1B2uTMvWlAHb7WlpupJV1A2Hbi3K3U1vCyoFV0wCapcw/edit#gid=419572953
holzloeffel,season,season_008,Liga 1,person_regibang,RegiBang,8,last_place,https://docs.google.com/spreadsheets/d/1B2uTMvWlAHb7WlpupJV1A2Hbi3K3U1vCyoFV0wCapcw/edit#gid=1953934700
kill_leader,season,season_008,Liga 1,person_bene,Bene,80,season_kills,https://docs.google.com/spreadsheets/d/1B2uTMvWlAHb7WlpupJV1A2Hbi3K3U1vCyoFV0wCapcw/edit#gid=1953934700
mvp,season,season_008,Liga 1,person_bene,Bene,64.5,weighted_rating_min5,https://docs.google.com/spreadsheets/d/1B2uTMvWlAHb7WlpupJV1A2Hbi3K3U1vCyoFV0wCapcw/edit#gid=1953934700
upset_of_season,season,season_008,Liga 1,person_belmontgabriel,BelmontGabriel,22,min_pregame_win_chance,https://docs.google.com/spreadsheets/d/1B2uTMvWlAHb7WlpupJV1A2Hbi3K3U1vCyoFV0wCapcw/edit#gid=1432574016
best_newcomer,season,season_009,,person_el_scizor,El Scizor,52.4,weighted_rating_debut_min5,https://docs.google.com/spreadsheets/d/1uo7-E_E2jbehB2hbBurpPayP_0fKY5sPZcFgZmfLydY/edit#gid=1037187549;https://docs.google.com/spreadsheets/d/1uo7-E_E2jbehB2hbBurpPayP_0fKY5sPZcFgZmfLydY/edit#gid=1772394412;https://docs.google.com/spreadsheets/d/1uo7-E_E2jbehB2hbBurpPayP_0fKY5sPZcFgZmfLydY/edit#gid=1993336510
champion,season,season_009,,person_belmontgabriel,BelmontGabriel,,sourced_title,https://docs.google.com/spreadsheets/d/1uo7-E_E2jbehB2hbBurpPayP_0fKY5sPZcFgZmfLydY/edit#gid=1953155019
champion,season,season_009,,person_bene,Bene,,sourced_title,https://docs.google.com/spreadsheets/d/1uo7-E_E2jbehB2hbBurpPayP_0fKY5sPZcFgZmfLydY/edit#gid=1953155019
champion,season,season_009,,person_el_scizor,El Scizor,,sourced_title,https://docs.google.com/spreadsheets/d/1uo7-E_E2jbehB2hbBurpPayP_0fKY5sPZcFgZmfLydY/edit#gid=1953155019
giant_slayer,season,season_009,Tag Team,person_hydronic,Hydronic,1779,beat_highest_rated,https://docs.google.com/spreadsheets/d/1uo7-E_E2jbehB2hbBurpPayP_0fKY5sPZcFgZmfLydY/edit#gid=1037187549
holzloeffel,season,season_009,Singles,person_barry_d_sin_of_speed,Barry D. Sin of Speed,8,last_place,https://docs.google.com/spreadsheets/d/1uo7-E_E2jbehB2hbBurpPayP_0fKY5sPZcFgZmfLydY/edit#gid=1993336510
holzloeffel,season,season_009,Doubles,person_hydronic,Hydronic,8,last_place,https://docs.google.com/spreadsheets/d/1uo7-E_E2jbehB2hbBurpPayP_0fKY5sPZcFgZmfLydY/edit#gid=1772394412
kill_leader,season,season_009,Singles,person_el_scizor,El Scizor,78,season_kills,https://docs.google.com/spreadsheets/d/1uo7-E_E2jbehB2hbBurpPayP_0fKY5sPZcFgZmfLydY/edit#gid=1993336510
mvp,season,season_009,Doubles,person_bene,Bene,56.2,weighted_rating_min5,https://docs.google.com/spreadsheets/d/1uo7-E_E2jbehB2hbBurpPayP_0fKY5sPZcFgZmfLydY/edit#gid=1772394412
mvp,season,season_009,Singles,person_el_scizor,El Scizor,56.2,weighted_rating_min5,https://docs.google.com/spreadsheets/d/1uo7-E_E2jbehB2hbBurpPayP_0fKY5sPZcFgZmfLydY/edit#gid=1993336510
upset_of_season,season,season_009,Tag Team,person_og_dnz,OGDNZ,14,min_pregame_win_chance,https://docs.google.com/spreadsheets/d/1uo7-E_E2jbehB2hbBurpPayP_0fKY5sPZcFgZmfLydY/edit#gid=1037187549
best_newcomer,season,season_010,,person_robinvgc,RobinVGC,44.3,weighted_rating_debut_min5,https://docs.google.com/spreadsheets/d/13smsrG2BGYxr_omJWcgr-sUDr39bvOJPNL5RPt4DSow/edit#gid=1215904780;https://docs.google.com/spreadsheets/d/13smsrG2BGYxr_omJWcgr-sUDr39bvOJPNL5RPt4DSow/edit#gid=1405051186;https://docs.google.com/spreadsheets/d/13smsrG2BGYxr_omJWcgr-sUDr39bvOJPNL5RPt4DSow/edit#gid=1953790464
champion,season,season_010,,person_bene,Bene,,sourced_title,https://docs.google.com/spreadsheets/d/13smsrG2BGYxr_omJWcgr-sUDr39bvOJPNL5RPt4DSow/edit#gid=1215904780;https://docs.google.com/spreadsheets/d/13smsrG2BGYxr_omJWcgr-sUDr39bvOJPNL5RPt4DSow/edit#gid=1953790464
giant_slayer,season,season_010,Regular Season,person_pokgalaxy,Pokgalaxy,1791,beat_highest_rated,https://docs.google.com/spreadsheets/d/13smsrG2BGYxr_omJWcgr-sUDr39bvOJPNL5RPt4DSow/edit#gid=1215904780
holzloeffel,season,season_010,Regular Season,person_blocki,Blocki,14,last_place,https://docs.google.com/spreadsheets/d/13smsrG2BGYxr_omJWcgr-sUDr39bvOJPNL5RPt4DSow/edit#gid=1405051186
holzloeffel,season,season_010,Playoffs,person_raizor,Raizor,2,last_place,https://docs.google.com/spreadsheets/d/13smsrG2BGYxr_omJWcgr-sUDr39bvOJPNL5RPt4DSow/edit#gid=1215904780;https://docs.google.com/spreadsheets/d/13smsrG2BGYxr_omJWcgr-sUDr39bvOJPNL5RPt4DSow/edit#gid=1953790464
kill_leader,season,season_010,Regular Season,person_present,PresentLP,87,season_kills,https://docs.google.com/spreadsheets/d/13smsrG2BGYxr_omJWcgr-sUDr39bvOJPNL5RPt4DSow/edit#gid=1405051186
mvp,season,season_010,Regular Season,person_minetube,Minetube,54.6,weighted_rating_min5,https://docs.google.com/spreadsheets/d/13smsrG2BGYxr_omJWcgr-sUDr39bvOJPNL5RPt4DSow/edit#gid=1405051186
mvp,season,season_010,Regular Season,person_present,PresentLP,54.6,weighted_rating_min5,https://docs.google.com/spreadsheets/d/13smsrG2BGYxr_omJWcgr-sUDr39bvOJPNL5RPt4DSow/edit#gid=1405051186
upset_of_season,season,season_010,Regular Season,person_pokgalaxy,Pokgalaxy,12,min_pregame_win_chance,https://docs.google.com/spreadsheets/d/13smsrG2BGYxr_omJWcgr-sUDr39bvOJPNL5RPt4DSow/edit#gid=1215904780
iron_man,career,,,person_present,PresentLP,10,consecutive_seasons,https://docs.google.com/spreadsheets/d/11wxsKyCydVmDjp4kGLJAOLPM_LgwCLN2GYpbDQkNtkk/edit#gid=1532844442;https://docs.google.com/spreadsheets/d/13ggv8-k1WCcrrjlwXb-ZoSwhODIQlG_NVffp3TGKOgI/edit#gid=0;https://docs.google.com/spreadsheets/d/13smsrG2BGYxr_omJWcgr-sUDr39bvOJPNL5RPt4DSow/edit#gid=1215904780;https://docs.google.com/spreadsheets/d/13smsrG2BGYxr_omJWcgr-sUDr39bvOJPNL5RPt4DSow/edit#gid=1405051186;https://docs.google.com/spreadsheets/d/13smsrG2BGYxr_omJWcgr-sUDr39bvOJPNL5RPt4DSow/edit#gid=1953790464;https://docs.google.com/spreadsheets/d/1B2uTMvWlAHb7WlpupJV1A2Hbi3K3U1vCyoFV0wCapcw/edit#gid=1953934700;https://docs.google.com/spreadsheets/d/1n9SmK-ccTCn8Jjhs4U2LKnibXY8PvuBtV3V9MCOURRA/edit#gid=0;https://docs.google.com/spreadsheets/d/1nONaKwJcrN04APGKN-HrZ8yavwZdFkfnaA59Zp1sdBU/edit#gid=1708603996;https://docs.google.com/spreadsheets/d/1nwiq_ggEj7QePeZGMR2xoi0bEHJr_ZGO24YCRdt93No/edit#gid=1953934700;https://docs.google.com/spreadsheets/d/1rZd3D0JRNj3lK0ZKdMXPLvCNBofRhFsvW0AlPuBk3VE/edit#gid=0;https://docs.google.com/spreadsheets/d/1uo7-E_E2jbehB2hbBurpPayP_0fKY5sPZcFgZmfLydY/edit#gid=1993336510;https://docs.google.com/spreadsheets/d/1vJ-pioe3RZKSZ3LIGEA3FVTv_KEE_XKIQAXSIUNNd-Q/edit#gid=0
