person_id,person_name,person_name_normalized,aliases,data_status,source_urls
person_art_n_gaming,Art'n'Gaming,art n gaming,Art'n'Gaming,sheet_or_video_extracted,https://docs.google.com/spreadsheets/d/1n9SmK-ccTCn8Jjhs4U2LKnibXY8PvuBtV3V9MCOURRA/edit#gid=0;https://docs.google.com/spreadsheets/d/1vJ-pioe3RZKSZ3LIGEA3FVTv_KEE_XKIQAXSIUNNd-Q/edit#gid=0;https://docs.google.com/spreadsheets/d/13ggv8-k1WCcrrjlwXb-ZoSwhODIQlG_NVffp3TGKOgI/edit#gid=0;https://docs.google.com/spreadsheets/d/1kXhNwKGrqQTwSal0NxpZ9h0yo6u_mQwhwg4vGVwxMX4/edit#gid=0;https://docs.google.com/spreadsheets/d/1rZd3D0JRNj3lK0ZKdMXPLvCNBofRhFsvW0AlPuBk3VE/edit#gid=0;https://docs.google.com/spreadsheets/d/1nONaKwJcrN04APGKN-HrZ8yavwZdFkfnaA59Zp1sdBU/edit#gid=1708603996;https://docs.google.com/spreadsheets/d/11wxsKyCydVmDjp4kGLJAOLPM_LgwCLN2GYpbDQkNtkk/edit#gid=483990761;https://docs.google.com/spreadsheets/d/14N_40jsahiN9DChpnNaPTnFy26If6imVHtqBGDWk6pg/edit#gid=0;https://docs.google.com/spreadsheets/d/16wGz0QnHeyqfcAhKdYvDqUZAvKxXKuAHchszJjhpp-o/edit#gid=0;https://docs.google.com/spreadsheets/d/15MPuuKWiOBeqO8JbrOYulUHFDzWbid6_pYZLHiWVzrk/edit#gid=0;https://docs.google.com/spreadsheets/d/1u8AORkPkqIxR4GblUqU5faeTfuuKGjKrllUxnnUdRz0/edit#gid=992181004;https://docs.google.com/spreadsheets/d/1nONaKwJcrN04APGKN-HrZ8yavwZdFkfnaA59Zp1sdBU/edit#gid=405850997;https://docs.google.com/spreadsheets/d/11wxsKyCydVmDjp4kGLJAOLPM_LgwCLN2GYpbDQkNtkk/edit#gid=892995759;https://docs.google.com/spreadsheets/d/11wxsKyCydVmDjp4kGLJAOLPM_LgwCLN2GYpbDQkNtkk/edit#gid=1758213758
person_asalakoren,Asalakoren,asalakoren,Asalakoren,sheet_or_video_extracted,https://docs.google.com/spreadsheets/d/1iwPqphIOO1ID-4NV3sv5CrIsmpQF-saq1sNE9Sxo9oE/edit#gid=0;https://docs.google.com/spreadsheets/d/1Jej38dwkqOARMHvKaUfQeHME0pLqP9GE6vPZQMUxMcg/edit#gid=1613120774;https://docs.google.com/spreadsheets/d/11wxsKyCydVmDjp4kGLJAOLPM_LgwCLN2GYpbDQkNtkk/edit#gid=1532844442;https://docs.google.com/spreadsheets/d/1NKXigWOr5wX73nBCnJrqO0_OprQy7Q5ncRmxnsQencI/edit#gid=2071855674;https://docs.google.com/spreadsheets/d/1Jej38dwkqOARMHvKaUfQeHME0pLqP9GE6vPZQMUxMcg/edit#gid=2102144361;https://docs.google.com/spreadsheets/d/11wxsKyCydVmDjp4kGLJAOLPM_LgwCLN2GYpbDQkNtkk/edit#gid=892995759
person_barry_d_sin_of_speed,Barry D. Sin of Speed,barry d sin of speed,Barry D. Sin of Speed,sheet_or_video_extracted,https://docs.google.com/spreadsheets/d/1iwPqphIOO1ID-4NV3sv5CrIsmpQF-saq1sNE9Sxo9oE/edit#gid=0;https://docs.google.com/spreadsheets/d/1nONaKwJcrN04APGKN-HrZ8yavwZdFkfnaA59Zp1sdBU/edit#gid=1708603996;https://docs.google.com/spreadsheets/d/11wxsKyCydVmDjp4kGLJAOLPM_LgwCLN2GYpbDQkNtkk/edit#gid=1532844442;https://docs.google.com/spreadsheets/d/1nwiq_ggEj7QePeZGMR2xoi0bEHJr_ZGO24YCRdt93No/edit#gid=1953934700;https://docs.google.com/spreadsheets/d/1B2uTMvWlAHb7WlpupJV1A2Hbi3K3U1vCyoFV0wCapcw/edit#gid=419572953;https://docs.google.com/spreadsheets/d/1uo7-E_E2jbehB2hbBurpPayP_0fKY5sPZcFgZmfLydY/edit#gid=1993336510;https://docs.google.com/spreadsheets/d/1NKXigWOr5wX73nBCnJrqO0_OprQy7Q5ncRmxnsQencI/edit#gid=2071855674;https://docs.google.com/spreadsheets/d/1nONaKwJcrN04APGKN-HrZ8yavwZdFkfnaA59Zp1sdBU/edit#gid=405850997;https://docs.google.com/spreadsheets/d/11wxsKyCydVmDjp4kGLJAOLPM_LgwCLN2GYpbDQkNtkk/edit#gid=892995759;https://docs.google.com/spreadsheets/d/1nwiq_ggEj7QePeZGMR2xoi0bEHJr_ZGO24YCRdt93No/edit#gid=1358421537;https://docs.google.com/spreadsheets/d/1B2uTMvWlAHb7WlpupJV1A2Hbi3K3U1vCyoFV0wCapcw/edit#gid=306702305;https://docs.google.com/spreadsheets/d/1uo7-E_E2jbehB2hbBurpPayP_0fKY5sPZcFgZmfLydY/edit#gid=1037187549
person_barry_d_sin_of_speed_minetube,Barry D. Sin of Speed & Minetube,barry d sin of speed minetube,Barry D. Sin of Speed & Minetube,sheet_or_video_extracted,https://docs.google.com/spreadsheets/d/1uo7-E_E2jbehB2hbBurpPayP_0fKY5sPZcFgZmfLydY/edit#gid=1953155019
person_belmontgabriel,BelmontGabriel,belmontgabriel,BelmontGabriel,sheet_or_video_extracted,https://docs.google.com/spreadsheets/d/1Jej38dwkqOARMHvKaUfQeHME0pLqP9GE6vPZQMUxMcg/edit#gid=1613120774;https://docs.google.com/spreadsheets/d/11wxsKyCydVmDjp4kGLJAOLPM_LgwCLN2GYpbDQkNtkk/edit#gid=483990761;https://docs.google.com/spreadsheets/d/1nwiq_ggEj7QePeZGMR2xoi0bEHJr_ZGO24YCRdt93No/edit#gid=1953934700;https://docs.google.com/spreadsheets/d/1B2uTMvWlAHb7WlpupJV1A2Hbi3K3U1vCyoFV0wCapcw/edit#gid=1953934700;https://docs.google.com/spreadsheets/d/1uo7-E_E2jbehB2hbBurpPayP_0fKY5sPZcFgZmfLydY/edit#gid=1993336510;https://docs.google.com/spreadsheets/d/1uo7-E_E2jbehB2hbBurpPayP_0fKY5sPZcFgZmfLydY/edit#gid=1772394412;https://docs.google.com/spreadsheets/d/1uo7-E_E2jbehB2hbBurpPayP_0fKY5sPZcFgZmfLydY/edit#gid=1037187549;https://docs.google.com/spreadsheets/d/1Jej38dwkqOARMHvKaUfQeHME0pLqP9GE6vPZQMUxMcg/edit#gid=2102144361;https://docs.google.com/spreadsheets/d/11wxsKyCydVmDjp4kGLJAOLPM_LgwCLN2GYpbDQkNtkk/edit#gid=892995759;https://docs.google.com/spreadsheets/d/11wxsKyCydVmDjp4kGLJAOLPM_LgwCLN2GYpbDQkNtkk/edit#gid=1758213758;https://docs.google.com/spreadsheets/d/1nwiq_ggEj7QePeZGMR2xoi0bEHJr_ZGO24YCRdt93No/edit#gid=1358421537;https://docs.google.com/spreadsheets/d/1B2uTMvWlAHb7WlpupJV1A2Hbi3K3U1vCyoFV0wCapcw/edit#gid=1432574016;https://docs.google.com/spreadsheets/d/1uo7-E_E2jbehB2hbBurpPayP_0fKY5sPZcFgZmfLydY/edit#gid=1953155019
person_bene,Bene,bene,Bene,sheet_or_video_extracted,https://docs.google.com/spreadsheets/d/13ggv8-k1WCcrrjlwXb-ZoSwhODIQlG_NVffp3TGKOgI/edit#gid=0;https://docs.google.com/spreadsheets/d/1rZd3D0JRNj3lK0ZKdMXPLvCNBofRhFsvW0AlPuBk3VE/edit#gid=0;https://docs.google.com/spreadsheets/d/1nONaKwJcrN04APGKN-HrZ8yavwZdFkfnaA59Zp1sdBU/edit#gid=1708603996;https://docs.google.com/spreadsheets/d/11wxsKyCydVmDjp4kGLJAOLPM_LgwCLN2GYpbDQkNtkk/edit#gid=483990761;https://docs.google.com/spreadsheets/d/1nwiq_ggEj7QePeZGMR2xoi0bEHJr_ZGO24YCRdt93No/edit#gid=1953934700;https://docs.google.com/spreadsheets/d/1B2uTMvWlAHb7WlpupJV1A2Hbi3K3U1vCyoFV0wCapcw/edit#gid=1953934700;https://docs.google.com/spreadsheets/d/1uo7-E_E2jbehB2hbBurpPayP_0fKY5sPZcFgZmfLydY/edit#gid=1772394412;https://docs.google.com/spreadsheets/d/13smsrG2BGYxr_omJWcgr-sUDr39bvOJPNL5RPt4DSow/edit#gid=1405051186;https://docs.google.com/spreadsheets/d/13smsrG2BGYxr_omJWcgr-sUDr39bvOJPNL5RPt4DSow/edit#gid=1215904780;https://docs.google.com/spreadsheets/d/13smsrG2BGYxr_omJWcgr-sUDr39bvOJPNL5RPt4DSow/edit#gid=1953790464;https://docs.google.com/spreadsheets/d/15MPuuKWiOBeqO8JbrOYulUHFDzWbid6_pYZLHiWVzrk/edit#gid=0;https://docs.google.com/spreadsheets/d/1uo7-E_E2jbehB2hbBurpPayP_0fKY5sPZcFgZmfLydY/edit#gid=1993336510;https://docs.google.com/spreadsheets/d/1uo7-E_E2jbehB2hbBurpPayP_0fKY5sPZcFgZmfLydY/edit#gid=1037187549;https://docs.google.com/spreadsheets/d/1u8AORkPkqIxR4GblUqU5faeTfuuKGjKrllUxnnUdRz0/edit#gid=992181004;https://docs.google.com/spreadsheets/d/1nONaKwJcrN04APGKN-HrZ8yavwZdFkfnaA59Zp1sdBU/edit#gid=405850997;https://docs.google.com/spreadsheets/d/11wxsKyCydVmDjp4kGLJAOLPM_LgwCLN2GYpbDQkNtkk/edit#gid=892995759;https://docs.google.com/spreadsheets/d/11wxsKyCydVmDjp4kGLJAOLPM_LgwCLN2GYpbDQkNtkk/edit#gid=1758213758;https://docs.google.com/spreadsheets/d/1nwiq_ggEj7QePeZGMR2xoi0bEHJr_ZGO24YCRdt93No/edit#gid=1358421537;https://docs.google.com/spreadsheets/d/1B2uTMvWlAHb7WlpupJV1A2Hbi3K3U1vCyoFV0wCapcw/edit#gid=1432574016;https://docs.google.com/spreadsheets/d/1uo7-E_E2jbehB2hbBurpPayP_0fKY5sPZcFgZmfLydY/edit#gid=1953155019
person_blacklink,BlackLink,blacklink,BlackLink,sheet_or_video_extracted,https://docs.google.com/spreadsheets/d/1iwPqphIOO1ID-4NV3sv5CrIsmpQF-saq1sNE9Sxo9oE/edit#gid=0;https://docs.google.com/spreadsheets/d/1Jej38dwkqOARMHvKaUfQeHME0pLqP9GE6vPZQMUxMcg/edit#gid=1613120774;https://docs.google.com/spreadsheets/d/11wxsKyCydVmDjp4kGLJAOLPM_LgwCLN2GYpbDQkNtkk/edit#gid=1532844442;https://docs.google.com/spreadsheets/d/1nwiq_ggEj7QePeZGMR2xoi0bEHJr_ZGO24YCRdt93No/edit#gid=1953934700;https://docs.google.com/spreadsheets/d/1B2uTMvWlAHb7WlpupJV1A2Hbi3K3U1vCyoFV0wCapcw/edit#gid=419572953;https://docs.google.com/spreadsheets/d/1uo7-E_E2jbehB2hbBurpPayP_0fKY5sPZcFgZmfLydY/edit#gid=1993336510;https://docs.google.com/spreadsheets/d/16r_khFZJxguj1o1wSrDQO4vlJhSDhIdN8AbUJQbnDq0/edit#gid=0;https://docs.google.com/spreadsheets/d/1NKXigWOr5wX73nBCnJrqO0_OprQy7Q5ncRmxnsQencI/edit#gid=2071855674;https://docs.google.com/spreadsheets/d/1Jej38dwkqOARMHvKaUfQeHME0pLqP9GE6vPZQMUxMcg/edit#gid=2102144361;https://docs.google.com/spreadsheets/d/11wxsKyCydVmDjp4kGLJAOLPM_LgwCLN2GYpbDQkNtkk/edit#gid=892995759;https://docs.google.com/spreadsheets/d/1nwiq_ggEj7QePeZGMR2xoi0bEHJr_ZGO24YCRdt93No/edit#gid=1358421537;https://docs.google.com/spreadsheets/d/1B2uTMvWlAHb7WlpupJV1A2Hbi3K3U1vCyoFV0wCapcw/edit#gid=306702305;https://docs.google.com/spreadsheets/d/1uo7-E_E2jbehB2hbBurpPayP_0fKY5sPZcFgZmfLydY/edit#gid=1037187549
person_blacklink_elektechn9ne,BlackLink & ElektechN9ne,blacklink elektechn9ne,BlackLink & ElektechN9ne,sheet_or_video_extracted,https://docs.google.com/spreadsheets/d/1uo7-E_E2jbehB2hbBurpPayP_0fKY5sPZcFgZmfLydY/edit#gid=1953155019
person_blocki,Blocki,blocki,Blocki,sheet_or_video_extracted,https://docs.google.com/spreadsheets/d/1B2uTMvWlAHb7WlpupJV1A2Hbi3K3U1vCyoFV0wCapcw/edit#gid=419572953;https://docs.google.com/spreadsheets/d/1uo7-E_E2jbehB2hbBurpPayP_0fKY5sPZcFgZmfLydY/edit#gid=1993336510;https://docs.google.com/spreadsheets/d/13smsrG2BGYxr_omJWcgr-sUDr39bvOJPNL5RPt4DSow/edit#gid=1405051186;https://docs.google.com/spreadsheets/d/1B2uTMvWlAHb7WlpupJV1A2Hbi3K3U1vCyoFV0wCapcw/edit#gid=306702305;https://docs.google.com/spreadsheets/d/1uo7-E_E2jbehB2hbBurpPayP_0fKY5sPZcFgZmfLydY/edit#gid=1037187549;https://docs.google.com/spreadsheets/d/13smsrG2BGYxr_omJWcgr-sUDr39bvOJPNL5RPt4DSow/edit#gid=1215904780
person_blocki_nestfloh,Blocki & Nestfloh,blocki nestfloh,Blocki & Nestfloh,sheet_or_video_extracted,https://docs.google.com/spreadsheets/d/1uo7-E_E2jbehB2hbBurpPayP_0fKY5sPZcFgZmfLydY/edit#gid=1953155019
person_bravebird,BraveBird,bravebird,BraveBird,sheet_or_video_extracted,https://docs.google.com/spreadsheets/d/1kXhNwKGrqQTwSal0NxpZ9h0yo6u_mQwhwg4vGVwxMX4/edit#gid=0;https://docs.google.com/spreadsheets/d/1iwPqphIOO1ID-4NV3sv5CrIsmpQF-saq1sNE9Sxo9oE/edit#gid=0;https://docs.google.com/spreadsheets/d/1Jej38dwkqOARMHvKaUfQeHME0pLqP9GE6vPZQMUxMcg/edit#gid=1613120774;https://docs.google.com/spreadsheets/d/16r_khFZJxguj1o1wSrDQO4vlJhSDhIdN8AbUJQbnDq0/edit#gid=0;https://docs.google.com/spreadsheets/d/1NKXigWOr5wX73nBCnJrqO0_OprQy7Q5ncRmxnsQencI/edit#gid=2071855674;https://docs.google.com/spreadsheets/d/1Jej38dwkqOARMHvKaUfQeHME0pLqP9GE6vPZQMUxMcg/edit#gid=2102144361
person_burakio,Burakio,burakio,Burakio,sheet_or_video_extracted,https://docs.google.com/spreadsheets/d/16r_khFZJxguj1o1wSrDQO4vlJhSDhIdN8AbUJQbnDq0/edit#gid=0
person_captaincrinch,CaptainCrinch,captaincrinch,CaptainCrinch,sheet_or_video_extracted,https://docs.google.com/spreadsheets/d/1ACnJyxD1hx-mbOcZXoJ5BjXDOwUF1TYmfgkqtJgFRXk/edit#gid=0;https://docs.google.com/spreadsheets/d/13ggv8-k1WCcrrjlwXb-ZoSwhODIQlG_NVffp3TGKOgI/edit#gid=0;https://docs.google.com/spreadsheets/d/1kXhNwKGrqQTwSal0NxpZ9h0yo6u_mQwhwg4vGVwxMX4/edit#gid=0;https://docs.google.com/spreadsheets/d/1rZd3D0JRNj3lK0ZKdMXPLvCNBofRhFsvW0AlPuBk3VE/edit#gid=0;https://docs.google.com/spreadsheets/d/1nONaKwJcrN04APGKN-HrZ8yavwZdFkfnaA59Zp1sdBU/edit#gid=1708603996;https://docs.google.com/spreadsheets/d/11wxsKyCydVmDjp4kGLJAOLPM_LgwCLN2GYpbDQkNtkk/edit#gid=483990761;https://docs.google.com/spreadsheets/d/1nwiq_ggEj7QePeZGMR2xoi0bEHJr_ZGO24YCRdt93No/edit#gid=1953934700;https://docs.google.com/spreadsheets/d/1Jc6mBqbU8wYKfz3WxfpxsWbj_6xaZB6OmoCRPGzGJLM/edit#gid=0;https://docs.google.com/spreadsheets/d/15MPuuKWiOBeqO8JbrOYulUHFDzWbid6_pYZLHiWVzrk/edit#gid=0;https://docs.google.com/spreadsheets/d/1u8AORkPkqIxR4GblUqU5faeTfuuKGjKrllUxnnUdRz0/edit#gid=992181004;https://docs.google.com/spreadsheets/d/1nONaKwJcrN04APGKN-HrZ8yavwZdFkfnaA59Zp1sdBU/edit#gid=405850997;https://docs.google.com/spreadsheets/d/11wxsKyCydVmDjp4kGLJAOLPM_LgwCLN2GYpbDQkNtkk/edit#gid=1758213758;https://docs.google.com/spreadsheets/d/1nwiq_ggEj7QePeZGMR2xoi0bEHJr_ZGO24YCRdt93No/edit#gid=1358421537
person_craycom,Craycom,craycom,Craycom,sheet_or_video_extracted,https://docs.google.com/spreadsheets/d/1Jej38dwkqOARMHvKaUfQeHME0pLqP9GE6vPZQMUxMcg/edit#gid=1613120774;https://docs.google.com/spreadsheets/d/11wxsKyCydVmDjp4kGLJAOLPM_LgwCLN2GYpbDQkNtkk/edit#gid=483990761;https://docs.google.com/spreadsheets/d/1Jej38dwkqOARMHvKaUfQeHME0pLqP9GE6vPZQMUxMcg/edit#gid=2102144361;https://docs.google.com/spreadsheets/d/11wxsKyCydVmDjp4kGLJAOLPM_LgwCLN2GYpbDQkNtkk/edit#gid=1758213758
person_crowdcontroller,CrowdController,crowdcontroller,CrowdController,sheet_or_video_extracted,https://docs.google.com/spreadsheets/d/1rZd3D0JRNj3lK0ZKdMXPLvCNBofRhFsvW0AlPuBk3VE/edit#gid=0;https://docs.google.com/spreadsheets/d/1Jej38dwkqOARMHvKaUfQeHME0pLqP9GE6vPZQMUxMcg/edit#gid=1613120774;https://docs.google.com/spreadsheets/d/16r_khFZJxguj1o1wSrDQO4vlJhSDhIdN8AbUJQbnDq0/edit#gid=0;https://docs.google.com/spreadsheets/d/1u8AORkPkqIxR4GblUqU5faeTfuuKGjKrllUxnnUdRz0/edit#gid=992181004;https://docs.google.com/spreadsheets/d/1Jej38dwkqOARMHvKaUfQeHME0pLqP9GE6vPZQMUxMcg/edit#gid=2102144361
person_daumenkino,DaumenkinoLP,daumenkino,DaumenkinoLP,sheet_or_video_extracted,https://docs.google.com/spreadsheets/d/1n9SmK-ccTCn8Jjhs4U2LKnibXY8PvuBtV3V9MCOURRA/edit#gid=0;https://docs.google.com/spreadsheets/d/1vJ-pioe3RZKSZ3LIGEA3FVTv_KEE_XKIQAXSIUNNd-Q/edit#gid=0;https://docs.google.com/spreadsheets/d/1kXhNwKGrqQTwSal0NxpZ9h0yo6u_mQwhwg4vGVwxMX4/edit#gid=0;https://docs.google.com/spreadsheets/d/14N_40jsahiN9DChpnNaPTnFy26If6imVHtqBGDWk6pg/edit#gid=0;https://docs.google.com/spreadsheets/d/16wGz0QnHeyqfcAhKdYvDqUZAvKxXKuAHchszJjhpp-o/edit#gid=0
person_dauni_daunstar,Dauni,dauni daunstar,Dauni,sheet_or_video_extracted,https://docs.google.com/spreadsheets/d/1iwPqphIOO1ID-4NV3sv5CrIsmpQF-saq1sNE9Sxo9oE/edit#gid=0;https://docs.google.com/spreadsheets/d/1Jej38dwkqOARMHvKaUfQeHME0pLqP9GE6vPZQMUxMcg/edit#gid=1613120774;https://docs.google.com/spreadsheets/d/11wxsKyCydVmDjp4kGLJAOLPM_LgwCLN2GYpbDQkNtkk/edit#gid=483990761;https://docs.google.com/spreadsheets/d/1nwiq_ggEj7QePeZGMR2xoi0bEHJr_ZGO24YCRdt93No/edit#gid=1953934700;https://docs.google.com/spreadsheets/d/1B2uTMvWlAHb7WlpupJV1A2Hbi3K3U1vCyoFV0wCapcw/edit#gid=1953934700;https://docs.google.com/spreadsheets/d/1uo7-E_E2jbehB2hbBurpPayP_0fKY5sPZcFgZmfLydY/edit#gid=1993336510;https://docs.google.com/spreadsheets/d/13smsrG2BGYxr_omJWcgr-sUDr39bvOJPNL5RPt4DSow/edit#gid=1405051186;https://docs.google.com/spreadsheets/d/13smsrG2BGYxr_omJWcgr-sUDr39bvOJPNL5RPt4DSow/edit#gid=1215904780;https://docs.google.com/spreadsheets/d/13smsrG2BGYxr_omJWcgr-sUDr39bvOJPNL5RPt4DSow/edit#gid=1953790464;https://docs.google.com/spreadsheets/d/1NKXigWOr5wX73nBCnJrqO0_OprQy7Q5ncRmxnsQencI/edit#gid=2071855674;https://docs.google.com/spreadsheets/d/1Jej38dwkqOARMHvKaUfQeHME0pLqP9GE6vPZQMUxMcg/edit#gid=2102144361;https://docs.google.com/spreadsheets/d/11wxsKyCydVmDjp4kGLJAOLPM_LgwCLN2GYpbDQkNtkk/edit#gid=892995759;https://docs.google.com/spreadsheets/d/11wxsKyCydVmDjp4kGLJAOLPM_LgwCLN2GYpbDQkNtkk/edit#gid=1758213758;https://docs.google.com/spreadsheets/d/1nwiq_ggEj7QePeZGMR2xoi0bEHJr_ZGO24YCRdt93No/edit#gid=1358421537;https://docs.google.com/spreadsheets/d/1B2uTMvWlAHb7WlpupJV1A2Hbi3K3U1vCyoFV0wCapcw/edit#gid=1432574016;https://docs.google.com/spreadsheets/d/1uo7-E_E2jbehB2hbBurpPayP_0fKY5sPZcFgZmfLydY/edit#gid=1037187549
person_dauni_daunstar_hydronic,Dauni & Hydronic,dauni daunstar hydronic,Dauni & Hydronic,sheet_or_video_extracted,https://docs.google.com/spreadsheets/d/1uo7-E_E2jbehB2hbBurpPayP_0fKY5sPZcFgZmfLydY/edit#gid=1953155019
person_diaswordplay,DiaSwordPlay,diaswordplay,DiaSwordPlay,sheet_or_video_extracted,https://docs.google.com/spreadsheets/d/1n9SmK-ccTCn8Jjhs4U2LKnibXY8PvuBtV3V9MCOURRA/edit#gid=0;https://docs.google.com/spreadsheets/d/1kXhNwKGrqQTwSal0NxpZ9h0yo6u_mQwhwg4vGVwxMX4/edit#gid=0;https://docs.google.com/spreadsheets/d/14N_40jsahiN9DChpnNaPTnFy26If6imVHtqBGDWk6pg/edit#gid=0;https://docs.google.com/spreadsheets/d/16r_khFZJxguj1o1wSrDQO4vlJhSDhIdN8AbUJQbnDq0/edit#gid=0
person_dirtyd64,DirtyD64,dirtyd64,DirtyD64,sheet_or_video_extracted,https://docs.google.com/spreadsheets/d/1n9SmK-ccTCn8Jjhs4U2LKnibXY8PvuBtV3V9MCOURRA/edit#gid=0;https://docs.google.com/spreadsheets/d/1vJ-pioe3RZKSZ3LIGEA3FVTv_KEE_XKIQAXSIUNNd-Q/edit#gid=0;https://docs.google.com/spreadsheets/d/14N_40jsahiN9DChpnNaPTnFy26If6imVHtqBGDWk6pg/edit#gid=0;https://docs.google.com/spreadsheets/d/16wGz0QnHeyqfcAhKdYvDqUZAvKxXKuAHchszJjhpp-o/edit#gid=0
person_domibri,Domibri,domibri,Domibri,sheet_or_video_extracted,https://docs.google.com/spreadsheets/d/1ACnJyxD1hx-mbOcZXoJ5BjXDOwUF1TYmfgkqtJgFRXk/edit#gid=0;https://docs.google.com/spreadsheets/d/1Jc6mBqbU8wYKfz3WxfpxsWbj_6xaZB6OmoCRPGzGJLM/edit#gid=0
person_domji,Domji,domji,Domji,sheet_or_video_extracted,https://docs.google.com/spreadsheets/d/13smsrG2BGYxr_omJWcgr-sUDr39bvOJPNL5RPt4DSow/edit#gid=1405051186;https://docs.google.com/spreadsheets/d/13smsrG2BGYxr_omJWcgr-sUDr39bvOJPNL5RPt4DSow/edit#gid=1215904780
person_el_scizor,El Scizor,el scizor,El Scizor,sheet_or_video_extracted,https://docs.google.com/spreadsheets/d/1uo7-E_E2jbehB2hbBurpPayP_0fKY5sPZcFgZmfLydY/edit#gid=1993336510;https://docs.google.com/spreadsheets/d/1uo7-E_E2jbehB2hbBurpPayP_0fKY5sPZcFgZmfLydY/edit#gid=1772394412;https://docs.google.com/spreadsheets/d/1uo7-E_E2jbehB2hbBurpPayP_0fKY5sPZcFgZmfLydY/edit#gid=1037187549;https://docs.google.com/spreadsheets/d/1uo7-E_E2jbehB2hbBurpPayP_0fKY5sPZcFgZmfLydY/edit#gid=1953155019
person_el_scizor_bene,El Scizor & Bene,el scizor bene,El Scizor & Bene,sheet_or_video_extracted,https://docs.google.com/spreadsheets/d/1uo7-E_E2jbehB2hbBurpPayP_0fKY5sPZcFgZmfLydY/edit#gid=1953155019
person_elektechn9ne,ElektechN9ne,elektechn9ne,ElektechN9ne,sheet_or_video_extracted,https://docs.google.com/spreadsheets/d/1Jej38dwkqOARMHvKaUfQeHME0pLqP9GE6vPZQMUxMcg/edit#gid=1613120774;https://docs.google.com/spreadsheets/d/11wxsKyCydVmDjp4kGLJAOLPM_LgwCLN2GYpbDQkNtkk/edit#gid=483990761;https://docs.google.com/spreadsheets/d/1nwiq_ggEj7QePeZGMR2xoi0bEHJr_ZGO24YCRdt93No/edit#gid=1953934700;https://docs.google.com/spreadsheets/d/1B2uTMvWlAHb7WlpupJV1A2Hbi3K3U1vCyoFV0wCapcw/edit#gid=1953934700;https://docs.google.com/spreadsheets/d/1uo7-E_E2jbehB2hbBurpPayP_0fKY5sPZcFgZmfLydY/edit#gid=1772394412;https://docs.google.com/spreadsheets/d/1Jej38dwkqOARMHvKaUfQeHME0pLqP9GE6vPZQMUxMcg/edit#gid=2102144361;https://docs.google.com/spreadsheets/d/11wxsKyCydVmDjp4kGLJAOLPM_LgwCLN2GYpbDQkNtkk/edit#gid=892995759;https://docs.google.com/spreadsheets/d/11wxsKyCydVmDjp4kGLJAOLPM_LgwCLN2GYpbDQkNtkk/edit#gid=1758213758;https://docs.google.com/spreadsheets/d/1nwiq_ggEj7QePeZGMR2xoi0bEHJr_ZGO24YCRdt93No/edit#gid=1358421537;https://docs.google.com/spreadsheets/d/1B2uTMvWlAHb7WlpupJV1A2Hbi3K3U1vCyoFV0wCapcw/edit#gid=1432574016;https://docs.google.com/spreadsheets/d/1uo7-E_E2jbehB2hbBurpPayP_0fKY5sPZcFgZmfLydY/edit#gid=1037187549
person_fanmadeletsplay,FanmadeLetsPlay,fanmadeletsplay,FanmadeLetsPlay,sheet_or_video_extracted,https://docs.google.com/spreadsheets/d/1n9SmK-ccTCn8Jjhs4U2LKnibXY8PvuBtV3V9MCOURRA/edit#gid=0;https://docs.google.com/spreadsheets/d/1vJ-pioe3RZKSZ3LIGEA3FVTv_KEE_XKIQAXSIUNNd-Q/edit#gid=0;https://docs.google.com/spreadsheets/d/13ggv8-k1WCcrrjlwXb-ZoSwhODIQlG_NVffp3TGKOgI/edit#gid=0;https://docs.google.com/spreadsheets/d/1kXhNwKGrqQTwSal0NxpZ9h0yo6u_mQwhwg4vGVwxMX4/edit#gid=0;https://docs.google.com/spreadsheets/d/14N_40jsahiN9DChpnNaPTnFy26If6imVHtqBGDWk6pg/edit#gid=0;https://docs.google.com/spreadsheets/d/16wGz0QnHeyqfcAhKdYvDqUZAvKxXKuAHchszJjhpp-o/edit#gid=0;https://docs.google.com/spreadsheets/d/15MPuuKWiOBeqO8JbrOYulUHFDzWbid6_pYZLHiWVzrk/edit#gid=0
person_fnupa,Cabgolord,fnupa,Cabgolord,sheet_or_video_extracted,https://docs.google.com/spreadsheets/d/1n9SmK-ccTCn8Jjhs4U2LKnibXY8PvuBtV3V9MCOURRA/edit#gid=0;https://docs.google.com/spreadsheets/d/1vJ-pioe3RZKSZ3LIGEA3FVTv_KEE_XKIQAXSIUNNd-Q/edit#gid=0;https://docs.google.com/spreadsheets/d/1kXhNwKGrqQTwSal0NxpZ9h0yo6u_mQwhwg4vGVwxMX4/edit#gid=0;https://docs.google.com/spreadsheets/d/1rZd3D0JRNj3lK0ZKdMXPLvCNBofRhFsvW0AlPuBk3VE/edit#gid=0;https://docs.google.com/spreadsheets/d/1nONaKwJcrN04APGKN-HrZ8yavwZdFkfnaA59Zp1sdBU/edit#gid=1708603996;https://docs.google.com/spreadsheets/d/11wxsKyCydVmDjp4kGLJAOLPM_LgwCLN2GYpbDQkNtkk/edit#gid=483990761;https://docs.google.com/spreadsheets/d/14N_40jsahiN9DChpnNaPTnFy26If6imVHtqBGDWk6pg/edit#gid=0;https://docs.google.com/spreadsheets/d/16wGz0QnHeyqfcAhKdYvDqUZAvKxXKuAHchszJjhpp-o/edit#gid=0;https://docs.google.com/spreadsheets/d/16r_khFZJxguj1o1wSrDQO4vlJhSDhIdN8AbUJQbnDq0/edit#gid=0;https://docs.google.com/spreadsheets/d/1u8AORkPkqIxR4GblUqU5faeTfuuKGjKrllUxnnUdRz0/edit#gid=992181004;https://docs.google.com/spreadsheets/d/1nONaKwJcrN04APGKN-HrZ8yavwZdFkfnaA59Zp1sdBU/edit#gid=405850997;https://docs.google.com/spreadsheets/d/11wxsKyCydVmDjp4kGLJAOLPM_LgwCLN2GYpbDQkNtkk/edit#gid=1758213758;https://www.youtube.com/watch?v=I4_AqvEj0TA;https://www.youtube.com/watch?v=yLHdH2LhfE0
person_glebber,Glebber,glebber,Glebber;glebber,sheet_or_video_extracted,https://docs.google.com/spreadsheets/d/1iwPqphIOO1ID-4NV3sv5CrIsmpQF-saq1sNE9Sxo9oE/edit#gid=0;https://docs.google.com/spreadsheets/d/1nONaKwJcrN04APGKN-HrZ8yavwZdFkfnaA59Zp1sdBU/edit#gid=1708603996;https://docs.google.com/spreadsheets/d/1NKXigWOr5wX73nBCnJrqO0_OprQy7Q5ncRmxnsQencI/edit#gid=2071855674;https://docs.google.com/spreadsheets/d/1nONaKwJcrN04APGKN-HrZ8yavwZdFkfnaA59Zp1sdBU/edit#gid=405850997
person_hydronic,Hydronic,hydronic,Hydronic,sheet_or_video_extracted,https://docs.google.com/spreadsheets/d/11wxsKyCydVmDjp4kGLJAOLPM_LgwCLN2GYpbDQkNtkk/edit#gid=1532844442;https://docs.google.com/spreadsheets/d/1nwiq_ggEj7QePeZGMR2xoi0bEHJr_ZGO24YCRdt93No/edit#gid=1953934700;https://docs.google.com/spreadsheets/d/1B2uTMvWlAHb7WlpupJV1A2Hbi3K3U1vCyoFV0wCapcw/edit#gid=1953934700;https://docs.google.com/spreadsheets/d/1uo7-E_E2jbehB2hbBurpPayP_0fKY5sPZcFgZmfLydY/edit#gid=1772394412;https://docs.google.com/spreadsheets/d/11wxsKyCydVmDjp4kGLJAOLPM_LgwCLN2GYpbDQkNtkk/edit#gid=892995759;https://docs.google.com/spreadsheets/d/1nwiq_ggEj7QePeZGMR2xoi0bEHJr_ZGO24YCRdt93No/edit#gid=1358421537;https://docs.google.com/spreadsheets/d/1B2uTMvWlAHb7WlpupJV1A2Hbi3K3U1vCyoFV0wCapcw/edit#gid=1432574016;https://docs.google.com/spreadsheets/d/1uo7-E_E2jbehB2hbBurpPayP_0fKY5sPZcFgZmfLydY/edit#gid=1037187549
person_killuasan,KilluaSan,killuasan,KilluaSan,sheet_or_video_extracted,https://docs.google.com/spreadsheets/d/1kXhNwKGrqQTwSal0NxpZ9h0yo6u_mQwhwg4vGVwxMX4/edit#gid=0;https://docs.google.com/spreadsheets/d/16r_khFZJxguj1o1wSrDQO4vlJhSDhIdN8AbUJQbnDq0/edit#gid=0
person_king_blex,KingBlex,king blex,KingBlex,sheet_or_video_extracted,https://docs.google.com/spreadsheets/d/1B2uTMvWlAHb7WlpupJV1A2Hbi3K3U1vCyoFV0wCapcw/edit#gid=419572953;https://docs.google.com/spreadsheets/d/1uo7-E_E2jbehB2hbBurpPayP_0fKY5sPZcFgZmfLydY/edit#gid=1993336510;https://docs.google.com/spreadsheets/d/13smsrG2BGYxr_omJWcgr-sUDr39bvOJPNL5RPt4DSow/edit#gid=1405051186;https://docs.google.com/spreadsheets/d/1B2uTMvWlAHb7WlpupJV1A2Hbi3K3U1vCyoFV0wCapcw/edit#gid=306702305;https://docs.google.com/spreadsheets/d/1uo7-E_E2jbehB2hbBurpPayP_0fKY5sPZcFgZmfLydY/edit#gid=1037187549;https://docs.google.com/spreadsheets/d/13smsrG2BGYxr_omJWcgr-sUDr39bvOJPNL5RPt4DSow/edit#gid=1215904780
person_king_blex_og_dnz,King Blex & OG DNZ,king blex og dnz,King Blex & OG DNZ,sheet_or_video_extracted,https://docs.google.com/spreadsheets/d/1uo7-E_E2jbehB2hbBurpPayP_0fKY5sPZcFgZmfLydY/edit#gid=1953155019
person_kuchenjaeger,Kuchenjaeger,kuchenjaeger,Kuchenjaeger,sheet_or_video_extracted,https://docs.google.com/spreadsheets/d/1vJ-pioe3RZKSZ3LIGEA3FVTv_KEE_XKIQAXSIUNNd-Q/edit#gid=0;https://docs.google.com/spreadsheets/d/16wGz0QnHeyqfcAhKdYvDqUZAvKxXKuAHchszJjhpp-o/edit#gid=0
person_lauris,Lauris,lauris,Lauris,sheet_or_video_extracted,https://docs.google.com/spreadsheets/d/13ggv8-k1WCcrrjlwXb-ZoSwhODIQlG_NVffp3TGKOgI/edit#gid=0;https://docs.google.com/spreadsheets/d/1kXhNwKGrqQTwSal0NxpZ9h0yo6u_mQwhwg4vGVwxMX4/edit#gid=0;https://docs.google.com/spreadsheets/d/1rZd3D0JRNj3lK0ZKdMXPLvCNBofRhFsvW0AlPuBk3VE/edit#gid=0;https://docs.google.com/spreadsheets/d/1nONaKwJcrN04APGKN-HrZ8yavwZdFkfnaA59Zp1sdBU/edit#gid=1708603996;https://docs.google.com/spreadsheets/d/11wxsKyCydVmDjp4kGLJAOLPM_LgwCLN2GYpbDQkNtkk/edit#gid=1532844442;https://docs.google.com/spreadsheets/d/15MPuuKWiOBeqO8JbrOYulUHFDzWbid6_pYZLHiWVzrk/edit#gid=0;https://docs.google.com/spreadsheets/d/16r_khFZJxguj1o1wSrDQO4vlJhSDhIdN8AbUJQbnDq0/edit#gid=0;https://docs.google.com/spreadsheets/d/1u8AORkPkqIxR4GblUqU5faeTfuuKGjKrllUxnnUdRz0/edit#gid=992181004;https://docs.google.com/spreadsheets/d/1nONaKwJcrN04APGKN-HrZ8yavwZdFkfnaA59Zp1sdBU/edit#gid=405850997;https://docs.google.com/spreadsheets/d/11wxsKyCydVmDjp4kGLJAOLPM_LgwCLN2GYpbDQkNtkk/edit#gid=892995759
person_leinux,Leinux,leinux,Leinux,sheet_or_video_extracted,https://docs.google.com/spreadsheets/d/1kXhNwKGrqQTwSal0NxpZ9h0yo6u_mQwhwg4vGVwxMX4/edit#gid=0;https://docs.google.com/spreadsheets/d/1iwPqphIOO1ID-4NV3sv5CrIsmpQF-saq1sNE9Sxo9oE/edit#gid=0;https://docs.google.com/spreadsheets/d/16r_khFZJxguj1o1wSrDQO4vlJhSDhIdN8AbUJQbnDq0/edit#gid=0;https://docs.google.com/spreadsheets/d/1NKXigWOr5wX73nBCnJrqO0_OprQy7Q5ncRmxnsQencI/edit#gid=2071855674
person_letskayze,LetsKayze,letskayze,LetsKayze,sheet_or_video_extracted,https://docs.google.com/spreadsheets/d/1ACnJyxD1hx-mbOcZXoJ5BjXDOwUF1TYmfgkqtJgFRXk/edit#gid=0;https://docs.google.com/spreadsheets/d/1kXhNwKGrqQTwSal0NxpZ9h0yo6u_mQwhwg4vGVwxMX4/edit#gid=0;https://docs.google.com/spreadsheets/d/1Jc6mBqbU8wYKfz3WxfpxsWbj_6xaZB6OmoCRPGzGJLM/edit#gid=0;https://docs.google.com/spreadsheets/d/16r_khFZJxguj1o1wSrDQO4vlJhSDhIdN8AbUJQbnDq0/edit#gid=0
person_lightgaming,LightGaming,lightgaming,LightGaming,sheet_or_video_extracted,https://docs.google.com/spreadsheets/d/1ACnJyxD1hx-mbOcZXoJ5BjXDOwUF1TYmfgkqtJgFRXk/edit#gid=0;https://docs.google.com/spreadsheets/d/1kXhNwKGrqQTwSal0NxpZ9h0yo6u_mQwhwg4vGVwxMX4/edit#gid=0;https://docs.google.com/spreadsheets/d/1Jc6mBqbU8wYKfz3WxfpxsWbj_6xaZB6OmoCRPGzGJLM/edit#gid=0;https://docs.google.com/spreadsheets/d/16r_khFZJxguj1o1wSrDQO4vlJhSDhIdN8AbUJQbnDq0/edit#gid=0
person_lucariolp,LucarioLP,lucariolp,LucarioLP,sheet_or_video_extracted,https://docs.google.com/spreadsheets/d/1ACnJyxD1hx-mbOcZXoJ5BjXDOwUF1TYmfgkqtJgFRXk/edit#gid=0;https://docs.google.com/spreadsheets/d/13ggv8-k1WCcrrjlwXb-ZoSwhODIQlG_NVffp3TGKOgI/edit#gid=0;https://docs.google.com/spreadsheets/d/15MPuuKWiOBeqO8JbrOYulUHFDzWbid6_pYZLHiWVzrk/edit#gid=0;https://docs.google.com/spreadsheets/d/1kXhNwKGrqQTwSal0NxpZ9h0yo6u_mQwhwg4vGVwxMX4/edit#gid=0;https://docs.google.com/spreadsheets/d/1Jc6mBqbU8wYKfz3WxfpxsWbj_6xaZB6OmoCRPGzGJLM/edit#gid=0
person_maxi_von_vogel,Maxi von Vogel,maxi von vogel,Maxi von Vogel,sheet_or_video_extracted,https://docs.google.com/spreadsheets/d/11wxsKyCydVmDjp4kGLJAOLPM_LgwCLN2GYpbDQkNtkk/edit#gid=1532844442;https://docs.google.com/spreadsheets/d/1B2uTMvWlAHb7WlpupJV1A2Hbi3K3U1vCyoFV0wCapcw/edit#gid=419572953;https://docs.google.com/spreadsheets/d/1uo7-E_E2jbehB2hbBurpPayP_0fKY5sPZcFgZmfLydY/edit#gid=1993336510;https://docs.google.com/spreadsheets/d/11wxsKyCydVmDjp4kGLJAOLPM_LgwCLN2GYpbDQkNtkk/edit#gid=892995759;https://docs.google.com/spreadsheets/d/1B2uTMvWlAHb7WlpupJV1A2Hbi3K3U1vCyoFV0wCapcw/edit#gid=306702305;https://docs.google.com/spreadsheets/d/1uo7-E_E2jbehB2hbBurpPayP_0fKY5sPZcFgZmfLydY/edit#gid=1037187549
person_maxi_von_vogel_pokgalaxy,Maxi von Vogel & Pokgalaxy,maxi von vogel pokgalaxy,Maxi von Vogel & Pokgalaxy,sheet_or_video_extracted,https://docs.google.com/spreadsheets/d/1uo7-E_E2jbehB2hbBurpPayP_0fKY5sPZcFgZmfLydY/edit#gid=1953155019
person_melevies,MeLevies,melevies,MeLevies,sheet_or_video_extracted,https://docs.google.com/spreadsheets/d/1kXhNwKGrqQTwSal0NxpZ9h0yo6u_mQwhwg4vGVwxMX4/edit#gid=0;https://docs.google.com/spreadsheets/d/1rZd3D0JRNj3lK0ZKdMXPLvCNBofRhFsvW0AlPuBk3VE/edit#gid=0;https://docs.google.com/spreadsheets/d/16r_khFZJxguj1o1wSrDQO4vlJhSDhIdN8AbUJQbnDq0/edit#gid=0;https://docs.google.com/spreadsheets/d/1u8AORkPkqIxR4GblUqU5faeTfuuKGjKrllUxnnUdRz0/edit#gid=992181004;https://docs.google.com/spreadsheets/d/1nONaKwJcrN04APGKN-HrZ8yavwZdFkfnaA59Zp1sdBU/edit#gid=405850997
person_minetube,Minetube,minetube,Minetube,sheet_or_video_extracted,https://docs.google.com/spreadsheets/d/1ACnJyxD1hx-mbOcZXoJ5BjXDOwUF1TYmfgkqtJgFRXk/edit#gid=0;https://docs.google.com/spreadsheets/d/13ggv8-k1WCcrrjlwXb-ZoSwhODIQlG_NVffp3TGKOgI/edit#gid=0;https://docs.google.com/spreadsheets/d/1kXhNwKGrqQTwSal0NxpZ9h0yo6u_mQwhwg4vGVwxMX4/edit#gid=0;https://docs.google.com/spreadsheets/d/1rZd3D0JRNj3lK0ZKdMXPLvCNBofRhFsvW0AlPuBk3VE/edit#gid=0;https://docs.google.com/spreadsheets/d/1nONaKwJcrN04APGKN-HrZ8yavwZdFkfnaA59Zp1sdBU/edit#gid=1708603996;https://docs.google.com/spreadsheets/d/11wxsKyCydVmDjp4kGLJAOLPM_LgwCLN2GYpbDQkNtkk/edit#gid=1532844442;https://docs.google.com/spreadsheets/d/1uo7-E_E2jbehB2hbBurpPayP_0fKY5sPZcFgZmfLydY/edit#gid=1772394412;https://docs.google.com/spreadsheets/d/13smsrG2BGYxr_omJWcgr-sUDr39bvOJPNL5RPt4DSow/edit#gid=1405051186;https://docs.google.com/spreadsheets/d/13smsrG2BGYxr_omJWcgr-sUDr39bvOJPNL5RPt4DSow/edit#gid=1215904780;https://docs.google.com/spreadsheets/d/13smsrG2BGYxr_omJWcgr-sUDr39bvOJPNL5RPt4DSow/edit#gid=1953790464;https://docs.google.com/spreadsheets/d/1Jc6mBqbU8wYKfz3WxfpxsWbj_6xaZB6OmoCRPGzGJLM/edit#gid=0;https://docs.google.com/spreadsheets/d/15MPuuKWiOBeqO8JbrOYulUHFDzWbid6_pYZLHiWVzrk/edit#gid=0;https://docs.google.com/spreadsheets/d/1u8AORkPkqIxR4GblUqU5faeTfuuKGjKrllUxnnUdRz0/edit#gid=992181004;https://docs.google.com/spreadsheets/d/1nONaKwJcrN04APGKN-HrZ8yavwZdFkfnaA59Zp1sdBU/edit#gid=405850997;https://docs.google.com/spreadsheets/d/11wxsKyCydVmDjp4kGLJAOLPM_LgwCLN2GYpbDQkNtkk/edit#gid=892995759;https://docs.google.com/spreadsheets/d/1uo7-E_E2jbehB2hbBurpPayP_0fKY5sPZcFgZmfLydY/edit#gid=1037187549
person_morbolth,Morbolth,morbolth,Morbolth,sheet_or_video_extracted,https://docs.google.com/spreadsheets/d/1n9SmK-ccTCn8Jjhs4U2LKnibXY8PvuBtV3V9MCOURRA/edit#gid=0;https://docs.google.com/spreadsheets/d/14N_40jsahiN9DChpnNaPTnFy26If6imVHtqBGDWk6pg/edit#gid=0
person_nestfloh,Nestfloh,nestfloh,Nestfloh,sheet_or_video_extracted,https://docs.google.com/spreadsheets/d/11wxsKyCydVmDjp4kGLJAOLPM_LgwCLN2GYpbDQkNtkk/edit#gid=483990761;https://docs.google.com/spreadsheets/d/1nwiq_ggEj7QePeZGMR2xoi0bEHJr_ZGO24YCRdt93No/edit#gid=1953934700;https://docs.google.com/spreadsheets/d/1nwiq_ggEj7QePeZGMR2xoi0bEHJr_ZGO24YCRdt93No/edit#gid=1358421537;https://docs.google.com/spreadsheets/d/1B2uTMvWlAHb7WlpupJV1A2Hbi3K3U1vCyoFV0wCapcw/edit#gid=1953934700;https://docs.google.com/spreadsheets/d/1uo7-E_E2jbehB2hbBurpPayP_0fKY5sPZcFgZmfLydY/edit#gid=1772394412;https://docs.google.com/spreadsheets/d/13smsrG2BGYxr_omJWcgr-sUDr39bvOJPNL5RPt4DSow/edit#gid=1405051186;https://docs.google.com/spreadsheets/d/13smsrG2BGYxr_omJWcgr-sUDr39bvOJPNL5RPt4DSow/edit#gid=1215904780;https://docs.google.com/spreadsheets/d/13smsrG2BGYxr_omJWcgr-sUDr39bvOJPNL5RPt4DSow/edit#gid=1953790464;https://docs.google.com/spreadsheets/d/11wxsKyCydVmDjp4kGLJAOLPM_LgwCLN2GYpbDQkNtkk/edit#gid=1758213758;https://docs.google.com/spreadsheets/d/1B2uTMvWlAHb7WlpupJV1A2Hbi3K3U1vCyoFV0wCapcw/edit#gid=1432574016;https://docs.google.com/spreadsheets/d/1uo7-E_E2jbehB2hbBurpPayP_0fKY5sPZcFgZmfLydY/edit#gid=1037187549
person_og_dnz,OGDNZ,og dnz,OGDNZ,sheet_or_video_extracted,https://docs.google.com/spreadsheets/d/1B2uTMvWlAHb7WlpupJV1A2Hbi3K3U1vCyoFV0wCapcw/edit#gid=419572953;https://docs.google.com/spreadsheets/d/1uo7-E_E2jbehB2hbBurpPayP_0fKY5sPZcFgZmfLydY/edit#gid=1772394412;https://docs.google.com/spreadsheets/d/13smsrG2BGYxr_omJWcgr-sUDr39bvOJPNL5RPt4DSow/edit#gid=1405051186;https://docs.google.com/spreadsheets/d/1B2uTMvWlAHb7WlpupJV1A2Hbi3K3U1vCyoFV0wCapcw/edit#gid=306702305;https://docs.google.com/spreadsheets/d/1uo7-E_E2jbehB2hbBurpPayP_0fKY5sPZcFgZmfLydY/edit#gid=1037187549;https://docs.google.com/spreadsheets/d/13smsrG2BGYxr_omJWcgr-sUDr39bvOJPNL5RPt4DSow/edit#gid=1215904780
person_oktopaul,Oktopaul,oktopaul,Oktopaul,sheet_or_video_extracted,https://docs.google.com/spreadsheets/d/1vJ-pioe3RZKSZ3LIGEA3FVTv_KEE_XKIQAXSIUNNd-Q/edit#gid=0;https://docs.google.com/spreadsheets/d/13ggv8-k1WCcrrjlwXb-ZoSwhODIQlG_NVffp3TGKOgI/edit#gid=0;https://docs.google.com/spreadsheets/d/1kXhNwKGrqQTwSal0NxpZ9h0yo6u_mQwhwg4vGVwxMX4/edit#gid=0;https://docs.google.com/spreadsheets/d/1Jej38dwkqOARMHvKaUfQeHME0pLqP9GE6vPZQMUxMcg/edit#gid=1613120774;https://docs.google.com/spreadsheets/d/16wGz0QnHeyqfcAhKdYvDqUZAvKxXKuAHchszJjhpp-o/edit#gid=0;https://docs.google.com/spreadsheets/d/15MPuuKWiOBeqO8JbrOYulUHFDzWbid6_pYZLHiWVzrk/edit#gid=0;https://docs.google.com/spreadsheets/d/1Jej38dwkqOARMHvKaUfQeHME0pLqP9GE6vPZQMUxMcg/edit#gid=2102144361
person_parsifani,Parsifani,parsifani,Parsifani,sheet_or_video_extracted,https://docs.google.com/spreadsheets/d/1ACnJyxD1hx-mbOcZXoJ5BjXDOwUF1TYmfgkqtJgFRXk/edit#gid=0;https://docs.google.com/spreadsheets/d/13ggv8-k1WCcrrjlwXb-ZoSwhODIQlG_NVffp3TGKOgI/edit#gid=0;https://docs.google.com/spreadsheets/d/1kXhNwKGrqQTwSal0NxpZ9h0yo6u_mQwhwg4vGVwxMX4/edit#gid=0;https://docs.google.com/spreadsheets/d/1nONaKwJcrN04APGKN-HrZ8yavwZdFkfnaA59Zp1sdBU/edit#gid=1708603996;https://docs.google.com/spreadsheets/d/11wxsKyCydVmDjp4kGLJAOLPM_LgwCLN2GYpbDQkNtkk/edit#gid=1532844442;https://docs.google.com/spreadsheets/d/1nONaKwJcrN04APGKN-HrZ8yavwZdFkfnaA59Zp1sdBU/edit#gid=405850997;https://docs.google.com/spreadsheets/d/1Jc6mBqbU8wYKfz3WxfpxsWbj_6xaZB6OmoCRPGzGJLM/edit#gid=0;https://docs.google.com/spreadsheets/d/15MPuuKWiOBeqO8JbrOYulUHFDzWbid6_pYZLHiWVzrk/edit#gid=0;https://docs.google.com/spreadsheets/d/11wxsKyCydVmDjp4kGLJAOLPM_LgwCLN2GYpbDQkNtkk/edit#gid=892995759
person_pentaplayer,PentaPlayer,pentaplayer,PentaPlayer;Pentaplayer,sheet_or_video_extracted,https://docs.google.com/spreadsheets/d/1ACnJyxD1hx-mbOcZXoJ5BjXDOwUF1TYmfgkqtJgFRXk/edit#gid=0;https://docs.google.com/spreadsheets/d/1Jc6mBqbU8wYKfz3WxfpxsWbj_6xaZB6OmoCRPGzGJLM/edit#gid=0
person_pokebazi,PokeBazi,pokebazi,PokeBazi,sheet_or_video_extracted,https://docs.google.com/spreadsheets/d/1ACnJyxD1hx-mbOcZXoJ5BjXDOwUF1TYmfgkqtJgFRXk/edit#gid=0;https://docs.google.com/spreadsheets/d/13ggv8-k1WCcrrjlwXb-ZoSwhODIQlG_NVffp3TGKOgI/edit#gid=0;https://docs.google.com/spreadsheets/d/1kXhNwKGrqQTwSal0NxpZ9h0yo6u_mQwhwg4vGVwxMX4/edit#gid=0;https://docs.google.com/spreadsheets/d/1rZd3D0JRNj3lK0ZKdMXPLvCNBofRhFsvW0AlPuBk3VE/edit#gid=0;https://docs.google.com/spreadsheets/d/1Jej38dwkqOARMHvKaUfQeHME0pLqP9GE6vPZQMUxMcg/edit#gid=1613120774;https://docs.google.com/spreadsheets/d/11wxsKyCydVmDjp4kGLJAOLPM_LgwCLN2GYpbDQkNtkk/edit#gid=1532844442;https://docs.google.com/spreadsheets/d/1nwiq_ggEj7QePeZGMR2xoi0bEHJr_ZGO24YCRdt93No/edit#gid=1953934700;https://docs.google.com/spreadsheets/d/1Jc6mBqbU8wYKfz3WxfpxsWbj_6xaZB6OmoCRPGzGJLM/edit#gid=0;https://docs.google.com/spreadsheets/d/15MPuuKWiOBeqO8JbrOYulUHFDzWbid6_pYZLHiWVzrk/edit#gid=0;https://docs.google.com/spreadsheets/d/1u8AORkPkqIxR4GblUqU5faeTfuuKGjKrllUxnnUdRz0/edit#gid=992181004;https://docs.google.com/spreadsheets/d/1Jej38dwkqOARMHvKaUfQeHME0pLqP9GE6vPZQMUxMcg/edit#gid=2102144361;https://docs.google.com/spreadsheets/d/11wxsKyCydVmDjp4kGLJAOLPM_LgwCLN2GYpbDQkNtkk/edit#gid=892995759;https://docs.google.com/spreadsheets/d/1nwiq_ggEj7QePeZGMR2xoi0bEHJr_ZGO24YCRdt93No/edit#gid=1358421537
person_pokebree,PokéBree,pokebree,PokeBree;PokéBree,sheet_or_video_extracted,https://docs.google.com/spreadsheets/d/1ACnJyxD1hx-mbOcZXoJ5BjXDOwUF1TYmfgkqtJgFRXk/edit#gid=0;https://docs.google.com/spreadsheets/d/1kXhNwKGrqQTwSal0NxpZ9h0yo6u_mQwhwg4vGVwxMX4/edit#gid=0;https://docs.google.com/spreadsheets/d/1Jc6mBqbU8wYKfz3WxfpxsWbj_6xaZB6OmoCRPGzGJLM/edit#gid=0;https://docs.google.com/spreadsheets/d/16r_khFZJxguj1o1wSrDQO4vlJhSDhIdN8AbUJQbnDq0/edit#gid=0
person_pokeknight,PokéKnight,pokeknight,PokéKnight,sheet_or_video_extracted,https://docs.google.com/spreadsheets/d/16r_khFZJxguj1o1wSrDQO4vlJhSDhIdN8AbUJQbnDq0/edit#gid=0
person_pokemonfakten,PokemonFakten,pokemonfakten,PokemonFakten,sheet_or_video_extracted,https://docs.google.com/spreadsheets/d/1n9SmK-ccTCn8Jjhs4U2LKnibXY8PvuBtV3V9MCOURRA/edit#gid=0;https://docs.google.com/spreadsheets/d/14N_40jsahiN9DChpnNaPTnFy26If6imVHtqBGDWk6pg/edit#gid=0
person_pokgalaxy,Pokgalaxy,pokgalaxy,Pokgalaxy,sheet_or_video_extracted,https://docs.google.com/spreadsheets/d/1B2uTMvWlAHb7WlpupJV1A2Hbi3K3U1vCyoFV0wCapcw/edit#gid=419572953;https://docs.google.com/spreadsheets/d/1uo7-E_E2jbehB2hbBurpPayP_0fKY5sPZcFgZmfLydY/edit#gid=1772394412;https://docs.google.com/spreadsheets/d/13smsrG2BGYxr_omJWcgr-sUDr39bvOJPNL5RPt4DSow/edit#gid=1405051186;https://docs.google.com/spreadsheets/d/1B2uTMvWlAHb7WlpupJV1A2Hbi3K3U1vCyoFV0wCapcw/edit#gid=306702305;https://docs.google.com/spreadsheets/d/1uo7-E_E2jbehB2hbBurpPayP_0fKY5sPZcFgZmfLydY/edit#gid=1037187549;https://docs.google.com/spreadsheets/d/13smsrG2BGYxr_omJWcgr-sUDr39bvOJPNL5RPt4DSow/edit#gid=1215904780
person_present,PresentLP,present,PresentLP,sheet_or_video_extracted,https://docs.google.com/spreadsheets/d/1n9SmK-ccTCn8Jjhs4U2LKnibXY8PvuBtV3V9MCOURRA/edit#gid=0;https://docs.google.com/spreadsheets/d/1vJ-pioe3RZKSZ3LIGEA3FVTv_KEE_XKIQAXSIUNNd-Q/edit#gid=0;https://docs.google.com/spreadsheets/d/13ggv8-k1WCcrrjlwXb-ZoSwhODIQlG_NVffp3TGKOgI/edit#gid=0;https://docs.google.com/spreadsheets/d/1kXhNwKGrqQTwSal0NxpZ9h0yo6u_mQwhwg4vGVwxMX4/edit#gid=0;https://docs.google.com/spreadsheets/d/1rZd3D0JRNj3lK0ZKdMXPLvCNBofRhFsvW0AlPuBk3VE/edit#gid=0;https://docs.google.com/spreadsheets/d/1nONaKwJcrN04APGKN-HrZ8yavwZdFkfnaA59Zp1sdBU/edit#gid=1708603996;https://docs.google.com/spreadsheets/d/11wxsKyCydVmDjp4kGLJAOLPM_LgwCLN2GYpbDQkNtkk/edit#gid=1532844442;https://docs.google.com/spreadsheets/d/1nwiq_ggEj7QePeZGMR2xoi0bEHJr_ZGO24YCRdt93No/edit#gid=1953934700;https://docs.google.com/spreadsheets/d/1B2uTMvWlAHb7WlpupJV1A2Hbi3K3U1vCyoFV0wCapcw/edit#gid=1953934700;https://docs.google.com/spreadsheets/d/1uo7-E_E2jbehB2hbBurpPayP_0fKY5sPZcFgZmfLydY/edit#gid=1993336510;https://docs.google.com/spreadsheets/d/13smsrG2BGYxr_omJWcgr-sUDr39bvOJPNL5RPt4DSow/edit#gid=1405051186;https://docs.google.com/spreadsheets/d/13smsrG2BGYxr_omJWcgr-sUDr39bvOJPNL5RPt4DSow/edit#gid=1215904780;https://docs.google.com/spreadsheets/d/13smsrG2BGYxr_omJWcgr-sUDr39bvOJPNL5RPt4DSow/edit#gid=1953790464;https://docs.google.com/spreadsheets/d/14N_40jsahiN9DChpnNaPTnFy26If6imVHtqBGDWk6pg/edit#gid=0;https://docs.google.com/spreadsheets/d/16wGz0QnHeyqfcAhKdYvDqUZAvKxXKuAHchszJjhpp-o/edit#gid=0;https://docs.google.com/spreadsheets/d/15MPuuKWiOBeqO8JbrOYulUHFDzWbid6_pYZLHiWVzrk/edit#gid=0;https://docs.google.com/spreadsheets/d/1u8AORkPkqIxR4GblUqU5faeTfuuKGjKrllUxnnUdRz0/edit#gid=992181004;https://docs.google.com/spreadsheets/d/1nONaKwJcrN04APGKN-HrZ8yavwZdFkfnaA59Zp1sdBU/edit#gid=405850997;https://docs.google.com/spreadsheets/d/11wxsKyCydVmDjp4kGLJAOLPM_LgwCLN2GYpbDQkNtkk/edit#gid=892995759;https://docs.google.com/spreadsheets/d/1nwiq_ggEj7QePeZGMR2xoi0bEHJr_ZGO24YCRdt93No/edit#gid=1358421537;https://docs.google.com/spreadsheets/d/1B2uTMvWlAHb7WlpupJV1A2Hbi3K3U1vCyoFV0wCapcw/edit#gid=1432574016;https://docs.google.com/spreadsheets/d/1uo7-E_E2jbehB2hbBurpPayP_0fKY5sPZcFgZmfLydY/edit#gid=1037187549;https://www.youtube.com/watch?v=I4_AqvEj0TA
person_present_raizor,Present & Raizor,present raizor,Present & Raizor,sheet_or_video_extracted,https://docs.google.com/spreadsheets/d/1uo7-E_E2jbehB2hbBurpPayP_0fKY5sPZcFgZmfLydY/edit#gid=1953155019
person_professor_n,Professor N,professor n,Professor N,sheet_or_video_extracted,https://docs.google.com/spreadsheets/d/1iwPqphIOO1ID-4NV3sv5CrIsmpQF-saq1sNE9Sxo9oE/edit#gid=0;https://docs.google.com/spreadsheets/d/1nONaKwJcrN04APGKN-HrZ8yavwZdFkfnaA59Zp1sdBU/edit#gid=1708603996;https://docs.google.com/spreadsheets/d/16r_khFZJxguj1o1wSrDQO4vlJhSDhIdN8AbUJQbnDq0/edit#gid=0;https://docs.google.com/spreadsheets/d/1NKXigWOr5wX73nBCnJrqO0_OprQy7Q5ncRmxnsQencI/edit#gid=2071855674;https://docs.google.com/spreadsheets/d/1nONaKwJcrN04APGKN-HrZ8yavwZdFkfnaA59Zp1sdBU/edit#gid=405850997
person_pyromanix,Pyromanix,pyromanix,Pyromanix,sheet_or_video_extracted,https://docs.google.com/spreadsheets/d/16r_khFZJxguj1o1wSrDQO4vlJhSDhIdN8AbUJQbnDq0/edit#gid=0
person_raikani,Raikani,raikani,Raikani,sheet_or_video_extracted,https://docs.google.com/spreadsheets/d/1ACnJyxD1hx-mbOcZXoJ5BjXDOwUF1TYmfgkqtJgFRXk/edit#gid=0;https://docs.google.com/spreadsheets/d/1kXhNwKGrqQTwSal0NxpZ9h0yo6u_mQwhwg4vGVwxMX4/edit#gid=0;https://docs.google.com/spreadsheets/d/1Jc6mBqbU8wYKfz3WxfpxsWbj_6xaZB6OmoCRPGzGJLM/edit#gid=0
person_raizor,Raizor,raizor,Raizor,sheet_or_video_extracted,https://docs.google.com/spreadsheets/d/1n9SmK-ccTCn8Jjhs4U2LKnibXY8PvuBtV3V9MCOURRA/edit#gid=0;https://docs.google.com/spreadsheets/d/1vJ-pioe3RZKSZ3LIGEA3FVTv_KEE_XKIQAXSIUNNd-Q/edit#gid=0;https://docs.google.com/spreadsheets/d/13ggv8-k1WCcrrjlwXb-ZoSwhODIQlG_NVffp3TGKOgI/edit#gid=0;https://docs.google.com/spreadsheets/d/1kXhNwKGrqQTwSal0NxpZ9h0yo6u_mQwhwg4vGVwxMX4/edit#gid=0;https://docs.google.com/spreadsheets/d/1nONaKwJcrN04APGKN-HrZ8yavwZdFkfnaA59Zp1sdBU/edit#gid=1708603996;https://docs.google.com/spreadsheets/d/11wxsKyCydVmDjp4kGLJAOLPM_LgwCLN2GYpbDQkNtkk/edit#gid=1532844442;https://docs.google.com/spreadsheets/d/1nwiq_ggEj7QePeZGMR2xoi0bEHJr_ZGO24YCRdt93No/edit#gid=1953934700;https://docs.google.com/spreadsheets/d/1B2uTMvWlAHb7WlpupJV1A2Hbi3K3U1vCyoFV0wCapcw/edit#gid=419572953;https://docs.google.com/spreadsheets/d/1uo7-E_E2jbehB2hbBurpPayP_0fKY5sPZcFgZmfLydY/edit#gid=1772394412;https://docs.google.com/spreadsheets/d/13smsrG2BGYxr_omJWcgr-sUDr39bvOJPNL5RPt4DSow/edit#gid=1405051186;https://docs.google.com/spreadsheets/d/13smsrG2BGYxr_omJWcgr-sUDr39bvOJPNL5RPt4DSow/edit#gid=1215904780;https://docs.google.com/spreadsheets/d/13smsrG2BGYxr_omJWcgr-sUDr39bvOJPNL5RPt4DSow/edit#gid=1953790464;https://docs.google.com/spreadsheets/d/14N_40jsahiN9DChpnNaPTnFy26If6imVHtqBGDWk6pg/edit#gid=0;https://docs.google.com/spreadsheets/d/16wGz0QnHeyqfcAhKdYvDqUZAvKxXKuAHchszJjhpp-o/edit#gid=0;https://docs.google.com/spreadsheets/d/15MPuuKWiOBeqO8JbrOYulUHFDzWbid6_pYZLHiWVzrk/edit#gid=0;https://docs.google.com/spreadsheets/d/1nONaKwJcrN04APGKN-HrZ8yavwZdFkfnaA59Zp1sdBU/edit#gid=405850997;https://docs.google.com/spreadsheets/d/11wxsKyCydVmDjp4kGLJAOLPM_LgwCLN2GYpbDQkNtkk/edit#gid=892995759;https://docs.google.com/spreadsheets/d/1nwiq_ggEj7QePeZGMR2xoi0bEHJr_ZGO24YCRdt93No/edit#gid=1358421537;https://docs.google.com/spreadsheets/d/1B2uTMvWlAHb7WlpupJV1A2Hbi3K3U1vCyoFV0wCapcw/edit#gid=306702305;https://docs.google.com/spreadsheets/d/1uo7-E_E2jbehB2hbBurpPayP_0fKY5sPZcFgZmfLydY/edit#gid=1037187549
person_regibang,RegiBang,regibang,RegiBang,sheet_or_video_extracted,https://docs.google.com/spreadsheets/d/1vJ-pioe3RZKSZ3LIGEA3FVTv_KEE_XKIQAXSIUNNd-Q/edit#gid=0;https://docs.google.com/spreadsheets/d/13ggv8-k1WCcrrjlwXb-ZoSwhODIQlG_NVffp3TGKOgI/edit#gid=0;https://docs.google.com/spreadsheets/d/1kXhNwKGrqQTwSal0NxpZ9h0yo6u_mQwhwg4vGVwxMX4/edit#gid=0;https://docs.google.com/spreadsheets/d/1rZd3D0JRNj3lK0ZKdMXPLvCNBofRhFsvW0AlPuBk3VE/edit#gid=0;https://docs.google.com/spreadsheets/d/11wxsKyCydVmDjp4kGLJAOLPM_LgwCLN2GYpbDQkNtkk/edit#gid=483990761;https://docs.google.com/spreadsheets/d/1nwiq_ggEj7QePeZGMR2xoi0bEHJr_ZGO24YCRdt93No/edit#gid=1953934700;https://docs.google.com/spreadsheets/d/1B2uTMvWlAHb7WlpupJV1A2Hbi3K3U1vCyoFV0wCapcw/edit#gid=1953934700;https://docs.google.com/spreadsheets/d/16wGz0QnHeyqfcAhKdYvDqUZAvKxXKuAHchszJjhpp-o/edit#gid=0;https://docs.google.com/spreadsheets/d/15MPuuKWiOBeqO8JbrOYulUHFDzWbid6_pYZLHiWVzrk/edit#gid=0;https://docs.google.com/spreadsheets/d/1u8AORkPkqIxR4GblUqU5faeTfuuKGjKrllUxnnUdRz0/edit#gid=992181004;https://docs.google.com/spreadsheets/d/11wxsKyCydVmDjp4kGLJAOLPM_LgwCLN2GYpbDQkNtkk/edit#gid=1758213758;https://docs.google.com/spreadsheets/d/1nwiq_ggEj7QePeZGMR2xoi0bEHJr_ZGO24YCRdt93No/edit#gid=1358421537;https://docs.google.com/spreadsheets/d/1B2uTMvWlAHb7WlpupJV1A2Hbi3K3U1vCyoFV0wCapcw/edit#gid=1432574016
person_robinvgc,RobinVGC,robinvgc,RobinVGC,sheet_or_video_extracted,https://docs.google.com/spreadsheets/d/13smsrG2BGYxr_omJWcgr-sUDr39bvOJPNL5RPt4DSow/edit#gid=1405051186;https://docs.google.com/spreadsheets/d/13smsrG2BGYxr_omJWcgr-sUDr39bvOJPNL5RPt4DSow/edit#gid=1215904780;https://docs.google.com/spreadsheets/d/13smsrG2BGYxr_omJWcgr-sUDr39bvOJPNL5RPt4DSow/edit#gid=1953790464
person_scarlet,Scarlet,scarlet,Scarlet,sheet_or_video_extracted,https://docs.google.com/spreadsheets/d/16r_khFZJxguj1o1wSrDQO4vlJhSDhIdN8AbUJQbnDq0/edit#gid=0
person_scherany,Scherany,scherany,Scherany,sheet_or_video_extracted,https://docs.google.com/spreadsheets/d/1vJ-pioe3RZKSZ3LIGEA3FVTv_KEE_XKIQAXSIUNNd-Q/edit#gid=0;https://docs.google.com/spreadsheets/d/16wGz0QnHeyqfcAhKdYvDqUZAvKxXKuAHchszJjhpp-o/edit#gid=0
person_scoutley,Scoutley,scoutley,Scoutley,sheet_or_video_extracted,https://docs.google.com/spreadsheets/d/1iwPqphIOO1ID-4NV3sv5CrIsmpQF-saq1sNE9Sxo9oE/edit#gid=0;https://docs.google.com/spreadsheets/d/1Jej38dwkqOARMHvKaUfQeHME0pLqP9GE6vPZQMUxMcg/edit#gid=1613120774;https://docs.google.com/spreadsheets/d/11wxsKyCydVmDjp4kGLJAOLPM_LgwCLN2GYpbDQkNtkk/edit#gid=1532844442;https://docs.google.com/spreadsheets/d/1NKXigWOr5wX73nBCnJrqO0_OprQy7Q5ncRmxnsQencI/edit#gid=2071855674;https://docs.google.com/spreadsheets/d/1Jej38dwkqOARMHvKaUfQeHME0pLqP9GE6vPZQMUxMcg/edit#gid=2102144361;https://docs.google.com/spreadsheets/d/11wxsKyCydVmDjp4kGLJAOLPM_LgwCLN2GYpbDQkNtkk/edit#gid=892995759
person_shiro,Shiro,shiro,Shiro,sheet_or_video_extracted,https://docs.google.com/spreadsheets/d/1n9SmK-ccTCn8Jjhs4U2LKnibXY8PvuBtV3V9MCOURRA/edit#gid=0;https://docs.google.com/spreadsheets/d/1vJ-pioe3RZKSZ3LIGEA3FVTv_KEE_XKIQAXSIUNNd-Q/edit#gid=0;https://docs.google.com/spreadsheets/d/13ggv8-k1WCcrrjlwXb-ZoSwhODIQlG_NVffp3TGKOgI/edit#gid=0;https://docs.google.com/spreadsheets/d/1kXhNwKGrqQTwSal0NxpZ9h0yo6u_mQwhwg4vGVwxMX4/edit#gid=0;https://docs.google.com/spreadsheets/d/14N_40jsahiN9DChpnNaPTnFy26If6imVHtqBGDWk6pg/edit#gid=0;https://docs.google.com/spreadsheets/d/16wGz0QnHeyqfcAhKdYvDqUZAvKxXKuAHchszJjhpp-o/edit#gid=0;https://docs.google.com/spreadsheets/d/15MPuuKWiOBeqO8JbrOYulUHFDzWbid6_pYZLHiWVzrk/edit#gid=0;https://docs.google.com/spreadsheets/d/16r_khFZJxguj1o1wSrDQO4vlJhSDhIdN8AbUJQbnDq0/edit#gid=0;https://www.youtube.com/watch?v=yLHdH2LhfE0
person_shizumania,Shizumania,shizumania,Shizumania,sheet_or_video_extracted,https://docs.google.com/spreadsheets/d/1ACnJyxD1hx-mbOcZXoJ5BjXDOwUF1TYmfgkqtJgFRXk/edit#gid=0;https://docs.google.com/spreadsheets/d/1kXhNwKGrqQTwSal0NxpZ9h0yo6u_mQwhwg4vGVwxMX4/edit#gid=0;https://docs.google.com/spreadsheets/d/1Jc6mBqbU8wYKfz3WxfpxsWbj_6xaZB6OmoCRPGzGJLM/edit#gid=0;https://docs.google.com/spreadsheets/d/16r_khFZJxguj1o1wSrDQO4vlJhSDhIdN8AbUJQbnDq0/edit#gid=0
person_silva,Silva,silva,Silva,sheet_or_video_extracted,https://docs.google.com/spreadsheets/d/1n9SmK-ccTCn8Jjhs4U2LKnibXY8PvuBtV3V9MCOURRA/edit#gid=0;https://docs.google.com/spreadsheets/d/14N_40jsahiN9DChpnNaPTnFy26If6imVHtqBGDWk6pg/edit#gid=0
person_sirazoa,Sirazoa,sirazoa,Sirazoa,sheet_or_video_extracted,https://docs.google.com/spreadsheets/d/13smsrG2BGYxr_omJWcgr-sUDr39bvOJPNL5RPt4DSow/edit#gid=1405051186;https://docs.google.com/spreadsheets/d/13smsrG2BGYxr_omJWcgr-sUDr39bvOJPNL5RPt4DSow/edit#gid=1215904780
person_snomnie,Snomnie,snomnie,Snomnie,sheet_or_video_extracted,https://docs.google.com/spreadsheets/d/13smsrG2BGYxr_omJWcgr-sUDr39bvOJPNL5RPt4DSow/edit#gid=1405051186;https://docs.google.com/spreadsheets/d/13smsrG2BGYxr_omJWcgr-sUDr39bvOJPNL5RPt4DSow/edit#gid=1215904780
person_steveparker,SteveParker,steveparker,SteveParker,sheet_or_video_extracted,https://docs.google.com/spreadsheets/d/1vJ-pioe3RZKSZ3LIGEA3FVTv_KEE_XKIQAXSIUNNd-Q/edit#gid=0;https://docs.google.com/spreadsheets/d/16wGz0QnHeyqfcAhKdYvDqUZAvKxXKuAHchszJjhpp-o/edit#gid=0
person_stratocopter_tv,Stratocopter TV,stratocopter tv,Stratocopter TV,sheet_or_video_extracted,https://docs.google.com/spreadsheets/d/1Jej38dwkqOARMHvKaUfQeHME0pLqP9GE6vPZQMUxMcg/edit#gid=1613120774;https://docs.google.com/spreadsheets/d/11wxsKyCydVmDjp4kGLJAOLPM_LgwCLN2GYpbDQkNtkk/edit#gid=483990761;https://docs.google.com/spreadsheets/d/1Jej38dwkqOARMHvKaUfQeHME0pLqP9GE6vPZQMUxMcg/edit#gid=2102144361;https://docs.google.com/spreadsheets/d/11wxsKyCydVmDjp4kGLJAOLPM_LgwCLN2GYpbDQkNtkk/edit#gid=1758213758
person_suishomaru,Suishomaru,suishomaru,Suishomaru,sheet_or_video_extracted,https://docs.google.com/spreadsheets/d/1iwPqphIOO1ID-4NV3sv5CrIsmpQF-saq1sNE9Sxo9oE/edit#gid=0;https://docs.google.com/spreadsheets/d/1NKXigWOr5wX73nBCnJrqO0_OprQy7Q5ncRmxnsQencI/edit#gid=2071855674
person_surskittv,SurskitTV,surskittv,SurskitTV,sheet_or_video_extracted,https://docs.google.com/spreadsheets/d/1n9SmK-ccTCn8Jjhs4U2LKnibXY8PvuBtV3V9MCOURRA/edit#gid=0;https://docs.google.com/spreadsheets/d/1vJ-pioe3RZKSZ3LIGEA3FVTv_KEE_XKIQAXSIUNNd-Q/edit#gid=0;https://docs.google.com/spreadsheets/d/13ggv8-k1WCcrrjlwXb-ZoSwhODIQlG_NVffp3TGKOgI/edit#gid=0;https://docs.google.com/spreadsheets/d/1kXhNwKGrqQTwSal0NxpZ9h0yo6u_mQwhwg4vGVwxMX4/edit#gid=0;https://docs.google.com/spreadsheets/d/1rZd3D0JRNj3lK0ZKdMXPLvCNBofRhFsvW0AlPuBk3VE/edit#gid=0;https://docs.google.com/spreadsheets/d/14N_40jsahiN9DChpnNaPTnFy26If6imVHtqBGDWk6pg/edit#gid=0;https://docs.google.com/spreadsheets/d/16wGz0QnHeyqfcAhKdYvDqUZAvKxXKuAHchszJjhpp-o/edit#gid=0;https://docs.google.com/spreadsheets/d/15MPuuKWiOBeqO8JbrOYulUHFDzWbid6_pYZLHiWVzrk/edit#gid=0;https://docs.google.com/spreadsheets/d/1u8AORkPkqIxR4GblUqU5faeTfuuKGjKrllUxnnUdRz0/edit#gid=992181004
person_tabasco_tv,Tabasco TV,tabasco tv,Tabasco TV,sheet_or_video_extracted,https://docs.google.com/spreadsheets/d/1iwPqphIOO1ID-4NV3sv5CrIsmpQF-saq1sNE9Sxo9oE/edit#gid=0;https://docs.google.com/spreadsheets/d/1nONaKwJcrN04APGKN-HrZ8yavwZdFkfnaA59Zp1sdBU/edit#gid=1708603996;https://docs.google.com/spreadsheets/d/1nONaKwJcrN04APGKN-HrZ8yavwZdFkfnaA59Zp1sdBU/edit#gid=405850997;https://docs.google.com/spreadsheets/d/11wxsKyCydVmDjp4kGLJAOLPM_LgwCLN2GYpbDQkNtkk/edit#gid=483990761;https://docs.google.com/spreadsheets/d/1nwiq_ggEj7QePeZGMR2xoi0bEHJr_ZGO24YCRdt93No/edit#gid=1953934700;https://docs.google.com/spreadsheets/d/1NKXigWOr5wX73nBCnJrqO0_OprQy7Q5ncRmxnsQencI/edit#gid=2071855674;https://docs.google.com/spreadsheets/d/11wxsKyCydVmDjp4kGLJAOLPM_LgwCLN2GYpbDQkNtkk/edit#gid=892995759;https://docs.google.com/spreadsheets/d/11wxsKyCydVmDjp4kGLJAOLPM_LgwCLN2GYpbDQkNtkk/edit#gid=1758213758;https://docs.google.com/spreadsheets/d/1nwiq_ggEj7QePeZGMR2xoi0bEHJr_ZGO24YCRdt93No/edit#gid=1358421537
person_themiifii,TheMiiFii,themiifii,TheMiiFii,sheet_or_video_extracted,https://docs.google.com/spreadsheets/d/1kXhNwKGrqQTwSal0NxpZ9h0yo6u_mQwhwg4vGVwxMX4/edit#gid=0;https://docs.google.com/spreadsheets/d/1iwPqphIOO1ID-4NV3sv5CrIsmpQF-saq1sNE9Sxo9oE/edit#gid=0;https://docs.google.com/spreadsheets/d/16r_khFZJxguj1o1wSrDQO4vlJhSDhIdN8AbUJQbnDq0/edit#gid=0;https://docs.google.com/spreadsheets/d/1NKXigWOr5wX73nBCnJrqO0_OprQy7Q5ncRmxnsQencI/edit#gid=2071855674
person_wolvx,WolvX,wolvx,WolvX,sheet_or_video_extracted,https://docs.google.com/spreadsheets/d/1ACnJyxD1hx-mbOcZXoJ5BjXDOwUF1TYmfgkqtJgFRXk/edit#gid=0;https://docs.google.com/spreadsheets/d/1kXhNwKGrqQTwSal0NxpZ9h0yo6u_mQwhwg4vGVwxMX4/edit#gid=0;https://docs.google.com/spreadsheets/d/1Jc6mBqbU8wYKfz3WxfpxsWbj_6xaZB6OmoCRPGzGJLM/edit#gid=0;https://docs.google.com/spreadsheets/d/16r_khFZJxguj1o1wSrDQO4vlJhSDhIdN8AbUJQbnDq0/edit#gid=0
person_zant,Zant,zant,Zant,sheet_or_video_extracted,https://docs.google.com/spreadsheets/d/1ACnJyxD1hx-mbOcZXoJ5BjXDOwUF1TYmfgkqtJgFRXk/edit#gid=0;https://docs.google.com/spreadsheets/d/1Jc6mBqbU8wYKfz3WxfpxsWbj_6xaZB6OmoCRPGzGJLM/edit#gid=0
