person_id,person_name,seasons,season_list,seasons_won,title_seasons,matches,wins,losses,draws,win_pct,weighted_rating,elo,points,kills,deaths,differential,best_rank,source_urls
person_bene,Bene,8,"S3, S4, S5, S6, S7, S8, S9, S10",4,"S4, S8, S9, S10",127,94,32,1,74.4,68.5,1762,274,583,375,203,1,https://docs.google.com/spreadsheets/d/11wxsKyCydVmDjp4kGLJAOLPM_LgwCLN2GYpbDQkNtkk/edit#gid=1758213758;https://docs.google.com/spreadsheets/d/11wxsKyCydVmDjp4kGLJAOLPM_LgwCLN2GYpbDQkNtkk/edit#gid=483990761;https://docs.google.com/spreadsheets/d/11wxsKyCydVmDjp4kGLJAOLPM_LgwCLN2GYpbDQkNtkk/edit#gid=892995759;https://docs.google.com/spreadsheets/d/13ggv8-k1WCcrrjlwXb-ZoSwhODIQlG_NVffp3TGKOgI/edit#gid=0;https://docs.google.com/spreadsheets/d/13smsrG2BGYxr_omJWcgr-sUDr39bvOJPNL5RPt4DSow/edit#gid=1215904780;https://docs.google.com/spreadsheets/d/13smsrG2BGYxr_omJWcgr-sUDr39bvOJPNL5RPt4DSow/edit#gid=1405051186;https://docs.google.com/spreadsheets/d/13smsrG2BGYxr_omJWcgr-sUDr39bvOJPNL5RPt4DSow/edit#gid=1953790464;https://docs.google.com/spreadsheets/d/15MPuuKWiOBeqO8JbrOYulUHFDzWbid6_pYZLHiWVzrk/edit#gid=0;https://docs.google.com/spreadsheets/d/1B2uTMvWlAHb7WlpupJV1A2Hbi3K3U1vCyoFV0wCapcw/edit#gid=1432574016;https://docs.google.com/spreadsheets/d/1B2uTMvWlAHb7WlpupJV1A2Hbi3K3U1vCyoFV0wCapcw/edit#gid=1953934700;https://docs.google.com/spreadsheets/d/1nONaKwJcrN04APGKN-HrZ8yavwZdFkfnaA59Zp1sdBU/edit#gid=1708603996;https://docs.google.com/spreadsheets/d/1nONaKwJcrN04APGKN-HrZ8yavwZdFkfnaA59Zp1sdBU/edit#gid=405850997;https://docs.google.com/spreadsheets/d/1nwiq_ggEj7QePeZGMR2xoi0bEHJr_ZGO24YCRdt93No/edit#gid=1358421537;https://docs.google.com/spreadsheets/d/1nwiq_ggEj7QePeZGMR2xoi0bEHJr_ZGO24YCRdt93No/edit#gid=1953934700;https://docs.google.com/spreadsheets/d/1rZd3D0JRNj3lK0ZKdMXPLvCNBofRhFsvW0AlPuBk3VE/edit#gid=0;https://docs.google.com/spreadsheets/d/1u8AORkPkqIxR4GblUqU5faeTfuuKGjKrllUxnnUdRz0/edit#gid=992181004;https://docs.google.com/spreadsheets/d/1uo7-E_E2jbehB2hbBurpPayP_0fKY5sPZcFgZmfLydY/edit#gid=1037187549;https://docs.google.com/spreadsheets/d/1uo7-E_E2jbehB2hbBurpPayP_0fKY5sPZcFgZmfLydY/edit#gid=1772394412;https://docs.google.com/spreadsheets/d/1uo7-E_E2jbehB2hbBurpPayP_0fKY5sPZcFgZmfLydY/edit#gid=1953155019;https://docs.google.com/spreadsheets/d/1uo7-E_E2jbehB2hbBurpPayP_0fKY5sPZcFgZmfLydY/edit#gid=1993336510
person_present,PresentLP,10,"S1, S2, S3, S4, S5, S6, S7, S8, S9, S10",2,"S1, S3",184,119,64,1,64.9,60.6,1662,355,946,748,198,1,https://docs.google.com/spreadsheets/d/11wxsKyCydVmDjp4kGLJAOLPM_LgwCLN2GYpbDQkNtkk/edit#gid=1532844442;https://docs.google.com/spreadsheets/d/11wxsKyCydVmDjp4kGLJAOLPM_LgwCLN2GYpbDQkNtkk/edit#gid=892995759;https://docs.google.com/spreadsheets/d/13ggv8-k1WCcrrjlwXb-ZoSwhODIQlG_NVffp3TGKOgI/edit#gid=0;https://docs.google.com/spreadsheets/d/13smsrG2BGYxr_omJWcgr-sUDr39bvOJPNL5RPt4DSow/edit#gid=1215904780;https://docs.google.com/spreadsheets/d/13smsrG2BGYxr_omJWcgr-sUDr39bvOJPNL5RPt4DSow/edit#gid=1405051186;https://docs.google.com/spreadsheets/d/13smsrG2BGYxr_omJWcgr-sUDr39bvOJPNL5RPt4DSow/edit#gid=1953790464;https://docs.google.com/spreadsheets/d/14N_40jsahiN9DChpnNaPTnFy26If6imVHtqBGDWk6pg/edit#gid=0;https://docs.google.com/spreadsheets/d/15MPuuKWiOBeqO8JbrOYulUHFDzWbid6_pYZLHiWVzrk/edit#gid=0;https://docs.google.com/spreadsheets/d/16wGz0QnHeyqfcAhKdYvDqUZAvKxXKuAHchszJjhpp-o/edit#gid=0;https://docs.google.com/spreadsheets/d/1B2uTMvWlAHb7WlpupJV1A2Hbi3K3U1vCyoFV0wCapcw/edit#gid=1432574016;https://docs.google.com/spreadsheets/d/1B2uTMvWlAHb7WlpupJV1A2Hbi3K3U1vCyoFV0wCapcw/edit#gid=1953934700;https://docs.google.com/spreadsheets/d/1n9SmK-ccTCn8Jjhs4U2LKnibXY8PvuBtV3V9MCOURRA/edit#gid=0;https://docs.google.com/spreadsheets/d/1nONaKwJcrN04APGKN-HrZ8yavwZdFkfnaA59Zp1sdBU/edit#gid=1708603996;https://docs.google.com/spreadsheets/d/1nONaKwJcrN04APGKN-HrZ8yavwZdFkfnaA59Zp1sdBU/edit#gid=405850997;https://docs.google.com/spreadsheets/d/1nwiq_ggEj7QePeZGMR2xoi0bEHJr_ZGO24YCRdt93No/edit#gid=1358421537;https://docs.google.com/spreadsheets/d/1nwiq_ggEj7QePeZGMR2xoi0bEHJr_ZGO24YCRdt93No/edit#gid=1953934700;https://docs.google.com/spreadsheets/d/1rZd3D0JRNj3lK0ZKdMXPLvCNBofRhFsvW0AlPuBk3VE/edit#gid=0;https://docs.google.com/spreadsheets/d/1u8AORkPkqIxR4GblUqU5faeTfuuKGjKrllUxnnUdRz0/edit#gid=992181004;https://docs.google.com/spreadsheets/d/1uo7-E_E2jbehB2hbBurpPayP_0fKY5sPZcFgZmfLydY/edit#gid=1037187549;https://docs.google.com/spreadsheets/d/1uo7-E_E2jbehB2hbBurpPayP_0fKY5sPZcFgZmfLydY/edit#gid=1993336510;https://docs.google.com/spreadsheets/d/1vJ-pioe3RZKSZ3LIGEA3FVTv_KEE_XKIQAXSIUNNd-Q/edit#gid=0;https://www.youtube.com/watch?v=I4_AqvEj0TA
person_steveparker,SteveParker,1,S2,1,S2,26,18,6,2,73.1,58.2,1595,56,138,84,54,1,https://docs.google.com/spreadsheets/d/16wGz0QnHeyqfcAhKdYvDqUZAvKxXKuAHchszJjhpp-o/edit#gid=0;https://docs.google.com/spreadsheets/d/1vJ-pioe3RZKSZ3LIGEA3FVTv_KEE_XKIQAXSIUNNd-Q/edit#gid=0
person_nestfloh,Nestfloh,5,"S6, S7, S8, S9, S10",1,S7,65,42,23,0,64.6,56.9,1605,126,324,244,80,1,https://docs.google.com/spreadsheets/d/11wxsKyCydVmDjp4kGLJAOLPM_LgwCLN2GYpbDQkNtkk/edit#gid=1758213758;https://docs.google.com/spreadsheets/d/11wxsKyCydVmDjp4kGLJAOLPM_LgwCLN2GYpbDQkNtkk/edit#gid=483990761;https://docs.google.com/spreadsheets/d/13smsrG2BGYxr_omJWcgr-sUDr39bvOJPNL5RPt4DSow/edit#gid=1215904780;https://docs.google.com/spreadsheets/d/13smsrG2BGYxr_omJWcgr-sUDr39bvOJPNL5RPt4DSow/edit#gid=1405051186;https://docs.google.com/spreadsheets/d/13smsrG2BGYxr_omJWcgr-sUDr39bvOJPNL5RPt4DSow/edit#gid=1953790464;https://docs.google.com/spreadsheets/d/1B2uTMvWlAHb7WlpupJV1A2Hbi3K3U1vCyoFV0wCapcw/edit#gid=1432574016;https://docs.google.com/spreadsheets/d/1B2uTMvWlAHb7WlpupJV1A2Hbi3K3U1vCyoFV0wCapcw/edit#gid=1953934700;https://docs.google.com/spreadsheets/d/1nwiq_ggEj7QePeZGMR2xoi0bEHJr_ZGO24YCRdt93No/edit#gid=1358421537;https://docs.google.com/spreadsheets/d/1nwiq_ggEj7QePeZGMR2xoi0bEHJr_ZGO24YCRdt93No/edit#gid=1953934700;https://docs.google.com/spreadsheets/d/1uo7-E_E2jbehB2hbBurpPayP_0fKY5sPZcFgZmfLydY/edit#gid=1037187549;https://docs.google.com/spreadsheets/d/1uo7-E_E2jbehB2hbBurpPayP_0fKY5sPZcFgZmfLydY/edit#gid=1772394412
person_lauris,Lauris,4,"S3, S4, S5, S6",1,S5,81,50,31,0,61.7,55.2,1671,149,391,329,62,1,https://docs.google.com/spreadsheets/d/11wxsKyCydVmDjp4kGLJAOLPM_LgwCLN2GYpbDQkNtkk/edit#gid=1532844442;https://docs.google.com/spreadsheets/d/11wxsKyCydVmDjp4kGLJAOLPM_LgwCLN2GYpbDQkNtkk/edit#gid=892995759;https://docs.google.com/spreadsheets/d/13ggv8-k1WCcrrjlwXb-ZoSwhODIQlG_NVffp3TGKOgI/edit#gid=0;https://docs.google.com/spreadsheets/d/15MPuuKWiOBeqO8JbrOYulUHFDzWbid6_pYZLHiWVzrk/edit#gid=0;https://docs.google.com/spreadsheets/d/16r_khFZJxguj1o1wSrDQO4vlJhSDhIdN8AbUJQbnDq0/edit#gid=0;https://docs.google.com/spreadsheets/d/1nONaKwJcrN04APGKN-HrZ8yavwZdFkfnaA59Zp1sdBU/edit#gid=1708603996;https://docs.google.com/spreadsheets/d/1nONaKwJcrN04APGKN-HrZ8yavwZdFkfnaA59Zp1sdBU/edit#gid=405850997;https://docs.google.com/spreadsheets/d/1rZd3D0JRNj3lK0ZKdMXPLvCNBofRhFsvW0AlPuBk3VE/edit#gid=0;https://docs.google.com/spreadsheets/d/1u8AORkPkqIxR4GblUqU5faeTfuuKGjKrllUxnnUdRz0/edit#gid=992181004
person_belmontgabriel,BelmontGabriel,5,"S5, S6, S7, S8, S9",1,S9,67,40,27,0,59.7,52.7,1602,120,289,241,48,1,https://docs.google.com/spreadsheets/d/11wxsKyCydVmDjp4kGLJAOLPM_LgwCLN2GYpbDQkNtkk/edit#gid=1758213758;https://docs.google.com/spreadsheets/d/11wxsKyCydVmDjp4kGLJAOLPM_LgwCLN2GYpbDQkNtkk/edit#gid=483990761;https://docs.google.com/spreadsheets/d/11wxsKyCydVmDjp4kGLJAOLPM_LgwCLN2GYpbDQkNtkk/edit#gid=892995759;https://docs.google.com/spreadsheets/d/1B2uTMvWlAHb7WlpupJV1A2Hbi3K3U1vCyoFV0wCapcw/edit#gid=1432574016;https://docs.google.com/spreadsheets/d/1B2uTMvWlAHb7WlpupJV1A2Hbi3K3U1vCyoFV0wCapcw/edit#gid=1953934700;https://docs.google.com/spreadsheets/d/1Jej38dwkqOARMHvKaUfQeHME0pLqP9GE6vPZQMUxMcg/edit#gid=1613120774;https://docs.google.com/spreadsheets/d/1Jej38dwkqOARMHvKaUfQeHME0pLqP9GE6vPZQMUxMcg/edit#gid=2102144361;https://docs.google.com/spreadsheets/d/1nwiq_ggEj7QePeZGMR2xoi0bEHJr_ZGO24YCRdt93No/edit#gid=1358421537;https://docs.google.com/spreadsheets/d/1nwiq_ggEj7QePeZGMR2xoi0bEHJr_ZGO24YCRdt93No/edit#gid=1953934700;https://docs.google.com/spreadsheets/d/1uo7-E_E2jbehB2hbBurpPayP_0fKY5sPZcFgZmfLydY/edit#gid=1037187549;https://docs.google.com/spreadsheets/d/1uo7-E_E2jbehB2hbBurpPayP_0fKY5sPZcFgZmfLydY/edit#gid=1772394412;https://docs.google.com/spreadsheets/d/1uo7-E_E2jbehB2hbBurpPayP_0fKY5sPZcFgZmfLydY/edit#gid=1953155019;https://docs.google.com/spreadsheets/d/1uo7-E_E2jbehB2hbBurpPayP_0fKY5sPZcFgZmfLydY/edit#gid=1993336510
person_el_scizor,El Scizor,1,S9,1,S9,7,6,1,0,85.7,52.4,1582,18,0,0,0,1,https://docs.google.com/spreadsheets/d/1uo7-E_E2jbehB2hbBurpPayP_0fKY5sPZcFgZmfLydY/edit#gid=1037187549;https://docs.google.com/spreadsheets/d/1uo7-E_E2jbehB2hbBurpPayP_0fKY5sPZcFgZmfLydY/edit#gid=1772394412;https://docs.google.com/spreadsheets/d/1uo7-E_E2jbehB2hbBurpPayP_0fKY5sPZcFgZmfLydY/edit#gid=1953155019;https://docs.google.com/spreadsheets/d/1uo7-E_E2jbehB2hbBurpPayP_0fKY5sPZcFgZmfLydY/edit#gid=1993336510
person_barry_d_sin_of_speed,Barry D. Sin of Speed,6,"S4, S5, S6, S7, S8, S9",1,S6,96,44,50,2,46.9,42.4,1442,134,434,441,-7,2,https://docs.google.com/spreadsheets/d/11wxsKyCydVmDjp4kGLJAOLPM_LgwCLN2GYpbDQkNtkk/edit#gid=1532844442;https://docs.google.com/spreadsheets/d/11wxsKyCydVmDjp4kGLJAOLPM_LgwCLN2GYpbDQkNtkk/edit#gid=892995759;https://docs.google.com/spreadsheets/d/1B2uTMvWlAHb7WlpupJV1A2Hbi3K3U1vCyoFV0wCapcw/edit#gid=306702305;https://docs.google.com/spreadsheets/d/1B2uTMvWlAHb7WlpupJV1A2Hbi3K3U1vCyoFV0wCapcw/edit#gid=419572953;https://docs.google.com/spreadsheets/d/1NKXigWOr5wX73nBCnJrqO0_OprQy7Q5ncRmxnsQencI/edit#gid=2071855674;https://docs.google.com/spreadsheets/d/1iwPqphIOO1ID-4NV3sv5CrIsmpQF-saq1sNE9Sxo9oE/edit#gid=0;https://docs.google.com/spreadsheets/d/1nONaKwJcrN04APGKN-HrZ8yavwZdFkfnaA59Zp1sdBU/edit#gid=1708603996;https://docs.google.com/spreadsheets/d/1nONaKwJcrN04APGKN-HrZ8yavwZdFkfnaA59Zp1sdBU/edit#gid=405850997;https://docs.google.com/spreadsheets/d/1nwiq_ggEj7QePeZGMR2xoi0bEHJr_ZGO24YCRdt93No/edit#gid=1358421537;https://docs.google.com/spreadsheets/d/1nwiq_ggEj7QePeZGMR2xoi0bEHJr_ZGO24YCRdt93No/edit#gid=1953934700;https://docs.google.com/spreadsheets/d/1uo7-E_E2jbehB2hbBurpPayP_0fKY5sPZcFgZmfLydY/edit#gid=1037187549;https://docs.google.com/spreadsheets/d/1uo7-E_E2jbehB2hbBurpPayP_0fKY5sPZcFgZmfLydY/edit#gid=1993336510
person_silva,Silva,1,S1,0,,22,16,6,0,72.7,56.6,1541,48,108,82,26,2,https://docs.google.com/spreadsheets/d/14N_40jsahiN9DChpnNaPTnFy26If6imVHtqBGDWk6pg/edit#gid=0;https://docs.google.com/spreadsheets/d/1n9SmK-ccTCn8Jjhs4U2LKnibXY8PvuBtV3V9MCOURRA/edit#gid=0
person_suishomaru,Suishomaru,1,S4,0,,22,16,6,0,72.7,56.6,1592,48,113,93,20,3,https://docs.google.com/spreadsheets/d/1NKXigWOr5wX73nBCnJrqO0_OprQy7Q5ncRmxnsQencI/edit#gid=2071855674;https://docs.google.com/spreadsheets/d/1iwPqphIOO1ID-4NV3sv5CrIsmpQF-saq1sNE9Sxo9oE/edit#gid=0
person_daumenkino,DaumenkinoLP,2,"S1, S2",0,,48,31,16,1,65.6,56.3,1617,94,230,189,41,2,https://docs.google.com/spreadsheets/d/14N_40jsahiN9DChpnNaPTnFy26If6imVHtqBGDWk6pg/edit#gid=0;https://docs.google.com/spreadsheets/d/16wGz0QnHeyqfcAhKdYvDqUZAvKxXKuAHchszJjhpp-o/edit#gid=0;https://docs.google.com/spreadsheets/d/1n9SmK-ccTCn8Jjhs4U2LKnibXY8PvuBtV3V9MCOURRA/edit#gid=0;https://docs.google.com/spreadsheets/d/1vJ-pioe3RZKSZ3LIGEA3FVTv_KEE_XKIQAXSIUNNd-Q/edit#gid=0
person_professor_n,Professor N,3,"S3, S4, S5",0,,49,32,17,0,65.3,56.1,1598,96,225,179,46,2,https://docs.google.com/spreadsheets/d/16r_khFZJxguj1o1wSrDQO4vlJhSDhIdN8AbUJQbnDq0/edit#gid=0;https://docs.google.com/spreadsheets/d/1NKXigWOr5wX73nBCnJrqO0_OprQy7Q5ncRmxnsQencI/edit#gid=2071855674;https://docs.google.com/spreadsheets/d/1iwPqphIOO1ID-4NV3sv5CrIsmpQF-saq1sNE9Sxo9oE/edit#gid=0;https://docs.google.com/spreadsheets/d/1nONaKwJcrN04APGKN-HrZ8yavwZdFkfnaA59Zp1sdBU/edit#gid=1708603996;https://docs.google.com/spreadsheets/d/1nONaKwJcrN04APGKN-HrZ8yavwZdFkfnaA59Zp1sdBU/edit#gid=405850997
person_tabasco_tv,Tabasco TV,4,"S4, S5, S6, S7",0,,51,32,18,1,63.7,55.0,1599,97,232,174,58,1,https://docs.google.com/spreadsheets/d/11wxsKyCydVmDjp4kGLJAOLPM_LgwCLN2GYpbDQkNtkk/edit#gid=1758213758;https://docs.google.com/spreadsheets/d/11wxsKyCydVmDjp4kGLJAOLPM_LgwCLN2GYpbDQkNtkk/edit#gid=483990761;https://docs.google.com/spreadsheets/d/11wxsKyCydVmDjp4kGLJAOLPM_LgwCLN2GYpbDQkNtkk/edit#gid=892995759;https://docs.google.com/spreadsheets/d/1NKXigWOr5wX73nBCnJrqO0_OprQy7Q5ncRmxnsQencI/edit#gid=2071855674;https://docs.google.com/spreadsheets/d/1iwPqphIOO1ID-4NV3sv5CrIsmpQF-saq1sNE9Sxo9oE/edit#gid=0;https://docs.google.com/spreadsheets/d/1nONaKwJcrN04APGKN-HrZ8yavwZdFkfnaA59Zp1sdBU/edit#gid=1708603996;https://docs.google.com/spreadsheets/d/1nONaKwJcrN04APGKN-HrZ8yavwZdFkfnaA59Zp1sdBU/edit#gid=405850997;https://docs.google.com/spreadsheets/d/1nwiq_ggEj7QePeZGMR2xoi0bEHJr_ZGO24YCRdt93No/edit#gid=1358421537;https://docs.google.com/spreadsheets/d/1nwiq_ggEj7QePeZGMR2xoi0bEHJr_ZGO24YCRdt93No/edit#gid=1953934700
person_dauni_daunstar,Dauni,7,"S4, S5, S6, S7, S8, S9, S10",0,,109,65,44,0,59.6,54.2,1624,195,551,479,78,2,https://docs.google.com/spreadsheets/d/11wxsKyCydVmDjp4kGLJAOLPM_LgwCLN2GYpbDQkNtkk/edit#gid=1758213758;https://docs.google.com/spreadsheets/d/11wxsKyCydVmDjp4kGLJAOLPM_LgwCLN2GYpbDQkNtkk/edit#gid=483990761;https://docs.google.com/spreadsheets/d/11wxsKyCydVmDjp4kGLJAOLPM_LgwCLN2GYpbDQkNtkk/edit#gid=892995759;https://docs.google.com/spreadsheets/d/13smsrG2BGYxr_omJWcgr-sUDr39bvOJPNL5RPt4DSow/edit#gid=1215904780;https://docs.google.com/spreadsheets/d/13smsrG2BGYxr_omJWcgr-sUDr39bvOJPNL5RPt4DSow/edit#gid=1405051186;https://docs.google.com/spreadsheets/d/13smsrG2BGYxr_omJWcgr-sUDr39bvOJPNL5RPt4DSow/edit#gid=1953790464;https://docs.google.com/spreadsheets/d/1B2uTMvWlAHb7WlpupJV1A2Hbi3K3U1vCyoFV0wCapcw/edit#gid=1432574016;https://docs.google.com/spreadsheets/d/1B2uTMvWlAHb7WlpupJV1A2Hbi3K3U1vCyoFV0wCapcw/edit#gid=1953934700;https://docs.google.com/spreadsheets/d/1Jej38dwkqOARMHvKaUfQeHME0pLqP9GE6vPZQMUxMcg/edit#gid=1613120774;https://docs.google.com/spreadsheets/d/1Jej38dwkqOARMHvKaUfQeHME0pLqP9GE6vPZQMUxMcg/edit#gid=2102144361;https://docs.google.com/spreadsheets/d/1NKXigWOr5wX73nBCnJrqO0_OprQy7Q5ncRmxnsQencI/edit#gid=2071855674;https://docs.google.com/spreadsheets/d/1iwPqphIOO1ID-4NV3sv5CrIsmpQF-saq1sNE9Sxo9oE/edit#gid=0;https://docs.google.com/spreadsheets/d/1nwiq_ggEj7QePeZGMR2xoi0bEHJr_ZGO24YCRdt93No/edit#gid=1358421537;https://docs.google.com/spreadsheets/d/1nwiq_ggEj7QePeZGMR2xoi0bEHJr_ZGO24YCRdt93No/edit#gid=1953934700;https://docs.google.com/spreadsheets/d/1uo7-E_E2jbehB2hbBurpPayP_0fKY5sPZcFgZmfLydY/edit#gid=1037187549;https://docs.google.com/spreadsheets/d/1uo7-E_E2jbehB2hbBurpPayP_0fKY5sPZcFgZmfLydY/edit#gid=1993336510
person_glebber,Glebber,2,"S4, S5",0,,44,26,18,0,59.1,50.6,1588,78,212,186,26,4,https://docs.google.com/spreadsheets/d/1NKXigWOr5wX73nBCnJrqO0_OprQy7Q5ncRmxnsQencI/edit#gid=2071855674;https://docs.google.com/spreadsheets/d/1iwPqphIOO1ID-4NV3sv5CrIsmpQF-saq1sNE9Sxo9oE/edit#gid=0;https://docs.google.com/spreadsheets/d/1nONaKwJcrN04APGKN-HrZ8yavwZdFkfnaA59Zp1sdBU/edit#gid=1708603996;https://docs.google.com/spreadsheets/d/1nONaKwJcrN04APGKN-HrZ8yavwZdFkfnaA59Zp1sdBU/edit#gid=405850997
person_elektechn9ne,ElektechN9ne,5,"S5, S6, S7, S8, S9",0,,74,42,32,0,56.8,50.5,1536,126,332,322,10,2,https://docs.google.com/spreadsheets/d/11wxsKyCydVmDjp4kGLJAOLPM_LgwCLN2GYpbDQkNtkk/edit#gid=1758213758;https://docs.google.com/spreadsheets/d/11wxsKyCydVmDjp4kGLJAOLPM_LgwCLN2GYpbDQkNtkk/edit#gid=483990761;https://docs.google.com/spreadsheets/d/11wxsKyCydVmDjp4kGLJAOLPM_LgwCLN2GYpbDQkNtkk/edit#gid=892995759;https://docs.google.com/spreadsheets/d/1B2uTMvWlAHb7WlpupJV1A2Hbi3K3U1vCyoFV0wCapcw/edit#gid=1432574016;https://docs.google.com/spreadsheets/d/1B2uTMvWlAHb7WlpupJV1A2Hbi3K3U1vCyoFV0wCapcw/edit#gid=1953934700;https://docs.google.com/spreadsheets/d/1Jej38dwkqOARMHvKaUfQeHME0pLqP9GE6vPZQMUxMcg/edit#gid=1613120774;https://docs.google.com/spreadsheets/d/1Jej38dwkqOARMHvKaUfQeHME0pLqP9GE6vPZQMUxMcg/edit#gid=2102144361;https://docs.google.com/spreadsheets/d/1nwiq_ggEj7QePeZGMR2xoi0bEHJr_ZGO24YCRdt93No/edit#gid=1358421537;https://docs.google.com/spreadsheets/d/1nwiq_ggEj7QePeZGMR2xoi0bEHJr_ZGO24YCRdt93No/edit#gid=1953934700;https://docs.google.com/spreadsheets/d/1uo7-E_E2jbehB2hbBurpPayP_0fKY5sPZcFgZmfLydY/edit#gid=1037187549;https://docs.google.com/spreadsheets/d/1uo7-E_E2jbehB2hbBurpPayP_0fKY5sPZcFgZmfLydY/edit#gid=1772394412
person_minetube,Minetube,7,"S2, S3, S4, S5, S6, S9, S10",0,,134,73,60,1,54.9,50.3,1585,220,617,590,27,1,https://docs.google.com/spreadsheets/d/11wxsKyCydVmDjp4kGLJAOLPM_LgwCLN2GYpbDQkNtkk/edit#gid=1532844442;https://docs.google.com/spreadsheets/d/11wxsKyCydVmDjp4kGLJAOLPM_LgwCLN2GYpbDQkNtkk/edit#gid=892995759;https://docs.google.com/spreadsheets/d/13ggv8-k1WCcrrjlwXb-ZoSwhODIQlG_NVffp3TGKOgI/edit#gid=0;https://docs.google.com/spreadsheets/d/13smsrG2BGYxr_omJWcgr-sUDr39bvOJPNL5RPt4DSow/edit#gid=1215904780;https://docs.google.com/spreadsheets/d/13smsrG2BGYxr_omJWcgr-sUDr39bvOJPNL5RPt4DSow/edit#gid=1405051186;https://docs.google.com/spreadsheets/d/13smsrG2BGYxr_omJWcgr-sUDr39bvOJPNL5RPt4DSow/edit#gid=1953790464;https://docs.google.com/spreadsheets/d/15MPuuKWiOBeqO8JbrOYulUHFDzWbid6_pYZLHiWVzrk/edit#gid=0;https://docs.google.com/spreadsheets/d/1ACnJyxD1hx-mbOcZXoJ5BjXDOwUF1TYmfgkqtJgFRXk/edit#gid=0;https://docs.google.com/spreadsheets/d/1Jc6mBqbU8wYKfz3WxfpxsWbj_6xaZB6OmoCRPGzGJLM/edit#gid=0;https://docs.google.com/spreadsheets/d/1nONaKwJcrN04APGKN-HrZ8yavwZdFkfnaA59Zp1sdBU/edit#gid=1708603996;https://docs.google.com/spreadsheets/d/1nONaKwJcrN04APGKN-HrZ8yavwZdFkfnaA59Zp1sdBU/edit#gid=405850997;https://docs.google.com/spreadsheets/d/1rZd3D0JRNj3lK0ZKdMXPLvCNBofRhFsvW0AlPuBk3VE/edit#gid=0;https://docs.google.com/spreadsheets/d/1u8AORkPkqIxR4GblUqU5faeTfuuKGjKrllUxnnUdRz0/edit#gid=992181004;https://docs.google.com/spreadsheets/d/1uo7-E_E2jbehB2hbBurpPayP_0fKY5sPZcFgZmfLydY/edit#gid=1037187549;https://docs.google.com/spreadsheets/d/1uo7-E_E2jbehB2hbBurpPayP_0fKY5sPZcFgZmfLydY/edit#gid=1772394412
person_lightgaming,LightGaming,2,"S2, S3",0,,52,30,22,0,57.7,50.1,1587,90,108,122,-14,9,https://docs.google.com/spreadsheets/d/16r_khFZJxguj1o1wSrDQO4vlJhSDhIdN8AbUJQbnDq0/edit#gid=0;https://docs.google.com/spreadsheets/d/1ACnJyxD1hx-mbOcZXoJ5BjXDOwUF1TYmfgkqtJgFRXk/edit#gid=0;https://docs.google.com/spreadsheets/d/1Jc6mBqbU8wYKfz3WxfpxsWbj_6xaZB6OmoCRPGzGJLM/edit#gid=0
person_raikani,Raikani,1,S2,0,,26,16,10,0,61.5,50.0,1560,48,126,106,20,6,https://docs.google.com/spreadsheets/d/1ACnJyxD1hx-mbOcZXoJ5BjXDOwUF1TYmfgkqtJgFRXk/edit#gid=0;https://docs.google.com/spreadsheets/d/1Jc6mBqbU8wYKfz3WxfpxsWbj_6xaZB6OmoCRPGzGJLM/edit#gid=0
person_fanmadeletsplay,FanmadeLetsPlay,3,"S1, S2, S3",0,,61,34,26,1,56.6,49.7,1553,100,234,231,3,3,https://docs.google.com/spreadsheets/d/13ggv8-k1WCcrrjlwXb-ZoSwhODIQlG_NVffp3TGKOgI/edit#gid=0;https://docs.google.com/spreadsheets/d/14N_40jsahiN9DChpnNaPTnFy26If6imVHtqBGDWk6pg/edit#gid=0;https://docs.google.com/spreadsheets/d/15MPuuKWiOBeqO8JbrOYulUHFDzWbid6_pYZLHiWVzrk/edit#gid=0;https://docs.google.com/spreadsheets/d/16wGz0QnHeyqfcAhKdYvDqUZAvKxXKuAHchszJjhpp-o/edit#gid=0;https://docs.google.com/spreadsheets/d/1n9SmK-ccTCn8Jjhs4U2LKnibXY8PvuBtV3V9MCOURRA/edit#gid=0;https://docs.google.com/spreadsheets/d/1vJ-pioe3RZKSZ3LIGEA3FVTv_KEE_XKIQAXSIUNNd-Q/edit#gid=0
person_pokebazi,PokeBazi,6,"S2, S3, S4, S5, S6, S7",0,,120,64,54,2,54.2,49.5,1581,191,565,547,18,1,https://docs.google.com/spreadsheets/d/11wxsKyCydVmDjp4kGLJAOLPM_LgwCLN2GYpbDQkNtkk/edit#gid=1532844442;https://docs.google.com/spreadsheets/d/11wxsKyCydVmDjp4kGLJAOLPM_LgwCLN2GYpbDQkNtkk/edit#gid=892995759;https://docs.google.com/spreadsheets/d/13ggv8-k1WCcrrjlwXb-ZoSwhODIQlG_NVffp3TGKOgI/edit#gid=0;https://docs.google.com/spreadsheets/d/15MPuuKWiOBeqO8JbrOYulUHFDzWbid6_pYZLHiWVzrk/edit#gid=0;https://docs.google.com/spreadsheets/d/1ACnJyxD1hx-mbOcZXoJ5BjXDOwUF1TYmfgkqtJgFRXk/edit#gid=0;https://docs.google.com/spreadsheets/d/1Jc6mBqbU8wYKfz3WxfpxsWbj_6xaZB6OmoCRPGzGJLM/edit#gid=0;https://docs.google.com/spreadsheets/d/1Jej38dwkqOARMHvKaUfQeHME0pLqP9GE6vPZQMUxMcg/edit#gid=1613120774;https://docs.google.com/spreadsheets/d/1Jej38dwkqOARMHvKaUfQeHME0pLqP9GE6vPZQMUxMcg/edit#gid=2102144361;https://docs.google.com/spreadsheets/d/1nwiq_ggEj7QePeZGMR2xoi0bEHJr_ZGO24YCRdt93No/edit#gid=1358421537;https://docs.google.com/spreadsheets/d/1nwiq_ggEj7QePeZGMR2xoi0bEHJr_ZGO24YCRdt93No/edit#gid=1953934700;https://docs.google.com/spreadsheets/d/1rZd3D0JRNj3lK0ZKdMXPLvCNBofRhFsvW0AlPuBk3VE/edit#gid=0;https://docs.google.com/spreadsheets/d/1u8AORkPkqIxR4GblUqU5faeTfuuKGjKrllUxnnUdRz0/edit#gid=992181004
person_lucariolp,LucarioLP,2,"S2, S3",0,,36,21,15,0,58.3,49.2,1514,63,134,90,44,3,https://docs.google.com/spreadsheets/d/13ggv8-k1WCcrrjlwXb-ZoSwhODIQlG_NVffp3TGKOgI/edit#gid=0;https://docs.google.com/spreadsheets/d/15MPuuKWiOBeqO8JbrOYulUHFDzWbid6_pYZLHiWVzrk/edit#gid=0;https://docs.google.com/spreadsheets/d/1ACnJyxD1hx-mbOcZXoJ5BjXDOwUF1TYmfgkqtJgFRXk/edit#gid=0;https://docs.google.com/spreadsheets/d/1Jc6mBqbU8wYKfz3WxfpxsWbj_6xaZB6OmoCRPGzGJLM/edit#gid=0
person_shiro,Shiro,3,"S1, S2, S3",0,,74,39,33,2,54.1,48.1,1566,119,337,329,8,3,https://docs.google.com/spreadsheets/d/13ggv8-k1WCcrrjlwXb-ZoSwhODIQlG_NVffp3TGKOgI/edit#gid=0;https://docs.google.com/spreadsheets/d/14N_40jsahiN9DChpnNaPTnFy26If6imVHtqBGDWk6pg/edit#gid=0;https://docs.google.com/spreadsheets/d/15MPuuKWiOBeqO8JbrOYulUHFDzWbid6_pYZLHiWVzrk/edit#gid=0;https://docs.google.com/spreadsheets/d/16r_khFZJxguj1o1wSrDQO4vlJhSDhIdN8AbUJQbnDq0/edit#gid=0;https://docs.google.com/spreadsheets/d/16wGz0QnHeyqfcAhKdYvDqUZAvKxXKuAHchszJjhpp-o/edit#gid=0;https://docs.google.com/spreadsheets/d/1n9SmK-ccTCn8Jjhs4U2LKnibXY8PvuBtV3V9MCOURRA/edit#gid=0;https://docs.google.com/spreadsheets/d/1vJ-pioe3RZKSZ3LIGEA3FVTv_KEE_XKIQAXSIUNNd-Q/edit#gid=0;https://www.youtube.com/watch?v=yLHdH2LhfE0
person_regibang,RegiBang,6,"S2, S3, S4, S6, S7, S8",0,,112,58,53,1,52.2,47.5,1531,171,510,498,12,2,https://docs.google.com/spreadsheets/d/11wxsKyCydVmDjp4kGLJAOLPM_LgwCLN2GYpbDQkNtkk/edit#gid=1758213758;https://docs.google.com/spreadsheets/d/11wxsKyCydVmDjp4kGLJAOLPM_LgwCLN2GYpbDQkNtkk/edit#gid=483990761;https://docs.google.com/spreadsheets/d/13ggv8-k1WCcrrjlwXb-ZoSwhODIQlG_NVffp3TGKOgI/edit#gid=0;https://docs.google.com/spreadsheets/d/15MPuuKWiOBeqO8JbrOYulUHFDzWbid6_pYZLHiWVzrk/edit#gid=0;https://docs.google.com/spreadsheets/d/16wGz0QnHeyqfcAhKdYvDqUZAvKxXKuAHchszJjhpp-o/edit#gid=0;https://docs.google.com/spreadsheets/d/1B2uTMvWlAHb7WlpupJV1A2Hbi3K3U1vCyoFV0wCapcw/edit#gid=1432574016;https://docs.google.com/spreadsheets/d/1B2uTMvWlAHb7WlpupJV1A2Hbi3K3U1vCyoFV0wCapcw/edit#gid=1953934700;https://docs.google.com/spreadsheets/d/1nwiq_ggEj7QePeZGMR2xoi0bEHJr_ZGO24YCRdt93No/edit#gid=1358421537;https://docs.google.com/spreadsheets/d/1nwiq_ggEj7QePeZGMR2xoi0bEHJr_ZGO24YCRdt93No/edit#gid=1953934700;https://docs.google.com/spreadsheets/d/1rZd3D0JRNj3lK0ZKdMXPLvCNBofRhFsvW0AlPuBk3VE/edit#gid=0;https://docs.google.com/spreadsheets/d/1u8AORkPkqIxR4GblUqU5faeTfuuKGjKrllUxnnUdRz0/edit#gid=992181004;https://docs.google.com/spreadsheets/d/1vJ-pioe3RZKSZ3LIGEA3FVTv_KEE_XKIQAXSIUNNd-Q/edit#gid=0
person_parsifani,Parsifani,4,"S2, S3, S5, S6",0,,80,41,37,2,52.5,47.0,1496,125,305,284,21,1,https://docs.google.com/spreadsheets/d/11wxsKyCydVmDjp4kGLJAOLPM_LgwCLN2GYpbDQkNtkk/edit#gid=1532844442;https://docs.google.com/spreadsheets/d/11wxsKyCydVmDjp4kGLJAOLPM_LgwCLN2GYpbDQkNtkk/edit#gid=892995759;https://docs.google.com/spreadsheets/d/13ggv8-k1WCcrrjlwXb-ZoSwhODIQlG_NVffp3TGKOgI/edit#gid=0;https://docs.google.com/spreadsheets/d/15MPuuKWiOBeqO8JbrOYulUHFDzWbid6_pYZLHiWVzrk/edit#gid=0;https://docs.google.com/spreadsheets/d/1ACnJyxD1hx-mbOcZXoJ5BjXDOwUF1TYmfgkqtJgFRXk/edit#gid=0;https://docs.google.com/spreadsheets/d/1Jc6mBqbU8wYKfz3WxfpxsWbj_6xaZB6OmoCRPGzGJLM/edit#gid=0;https://docs.google.com/spreadsheets/d/1nONaKwJcrN04APGKN-HrZ8yavwZdFkfnaA59Zp1sdBU/edit#gid=1708603996;https://docs.google.com/spreadsheets/d/1nONaKwJcrN04APGKN-HrZ8yavwZdFkfnaA59Zp1sdBU/edit#gid=405850997
person_bravebird,BraveBird,3,"S3, S4, S5",0,,70,37,33,0,52.9,47.0,1537,111,221,200,20,3,https://docs.google.com/spreadsheets/d/16r_khFZJxguj1o1wSrDQO4vlJhSDhIdN8AbUJQbnDq0/edit#gid=0;https://docs.google.com/spreadsheets/d/1Jej38dwkqOARMHvKaUfQeHME0pLqP9GE6vPZQMUxMcg/edit#gid=1613120774;https://docs.google.com/spreadsheets/d/1Jej38dwkqOARMHvKaUfQeHME0pLqP9GE6vPZQMUxMcg/edit#gid=2102144361;https://docs.google.com/spreadsheets/d/1NKXigWOr5wX73nBCnJrqO0_OprQy7Q5ncRmxnsQencI/edit#gid=2071855674;https://docs.google.com/spreadsheets/d/1iwPqphIOO1ID-4NV3sv5CrIsmpQF-saq1sNE9Sxo9oE/edit#gid=0
person_robinvgc,RobinVGC,1,S10,0,,13,8,5,0,61.5,46.3,1534,24,71,64,7,5,https://docs.google.com/spreadsheets/d/13smsrG2BGYxr_omJWcgr-sUDr39bvOJPNL5RPt4DSow/edit#gid=1215904780;https://docs.google.com/spreadsheets/d/13smsrG2BGYxr_omJWcgr-sUDr39bvOJPNL5RPt4DSow/edit#gid=1405051186;https://docs.google.com/spreadsheets/d/13smsrG2BGYxr_omJWcgr-sUDr39bvOJPNL5RPt4DSow/edit#gid=1953790464
person_letskayze,LetsKayze,2,"S2, S3",0,,47,25,22,0,53.2,46.1,1513,75,115,101,14,7,https://docs.google.com/spreadsheets/d/16r_khFZJxguj1o1wSrDQO4vlJhSDhIdN8AbUJQbnDq0/edit#gid=0;https://docs.google.com/spreadsheets/d/1ACnJyxD1hx-mbOcZXoJ5BjXDOwUF1TYmfgkqtJgFRXk/edit#gid=0;https://docs.google.com/spreadsheets/d/1Jc6mBqbU8wYKfz3WxfpxsWbj_6xaZB6OmoCRPGzGJLM/edit#gid=0
person_maxi_von_vogel,Maxi von Vogel,3,"S6, S8, S9",0,,39,21,18,0,53.8,46.0,1534,63,180,172,8,3,https://docs.google.com/spreadsheets/d/11wxsKyCydVmDjp4kGLJAOLPM_LgwCLN2GYpbDQkNtkk/edit#gid=1532844442;https://docs.google.com/spreadsheets/d/11wxsKyCydVmDjp4kGLJAOLPM_LgwCLN2GYpbDQkNtkk/edit#gid=892995759;https://docs.google.com/spreadsheets/d/1B2uTMvWlAHb7WlpupJV1A2Hbi3K3U1vCyoFV0wCapcw/edit#gid=306702305;https://docs.google.com/spreadsheets/d/1B2uTMvWlAHb7WlpupJV1A2Hbi3K3U1vCyoFV0wCapcw/edit#gid=419572953;https://docs.google.com/spreadsheets/d/1uo7-E_E2jbehB2hbBurpPayP_0fKY5sPZcFgZmfLydY/edit#gid=1037187549;https://docs.google.com/spreadsheets/d/1uo7-E_E2jbehB2hbBurpPayP_0fKY5sPZcFgZmfLydY/edit#gid=1993336510
person_domibri,Domibri,1,S2,0,,26,14,11,1,55.8,46.0,1495,37,126,95,31,8,https://docs.google.com/spreadsheets/d/1ACnJyxD1hx-mbOcZXoJ5BjXDOwUF1TYmfgkqtJgFRXk/edit#gid=0;https://docs.google.com/spreadsheets/d/1Jc6mBqbU8wYKfz3WxfpxsWbj_6xaZB6OmoCRPGzGJLM/edit#gid=0
person_king_blex,KingBlex,3,"S8, S9, S10",0,,40,21,19,0,52.5,45.1,1521,63,200,187,13,1,https://docs.google.com/spreadsheets/d/13smsrG2BGYxr_omJWcgr-sUDr39bvOJPNL5RPt4DSow/edit#gid=1215904780;https://docs.google.com/spreadsheets/d/13smsrG2BGYxr_omJWcgr-sUDr39bvOJPNL5RPt4DSow/edit#gid=1405051186;https://docs.google.com/spreadsheets/d/1B2uTMvWlAHb7WlpupJV1A2Hbi3K3U1vCyoFV0wCapcw/edit#gid=306702305;https://docs.google.com/spreadsheets/d/1B2uTMvWlAHb7WlpupJV1A2Hbi3K3U1vCyoFV0wCapcw/edit#gid=419572953;https://docs.google.com/spreadsheets/d/1uo7-E_E2jbehB2hbBurpPayP_0fKY5sPZcFgZmfLydY/edit#gid=1037187549;https://docs.google.com/spreadsheets/d/1uo7-E_E2jbehB2hbBurpPayP_0fKY5sPZcFgZmfLydY/edit#gid=1993336510
person_captaincrinch,CaptainCrinch,6,"S2, S3, S4, S5, S6, S7",0,,120,58,62,0,48.3,44.2,1476,174,535,521,14,4,https://docs.google.com/spreadsheets/d/11wxsKyCydVmDjp4kGLJAOLPM_LgwCLN2GYpbDQkNtkk/edit#gid=1758213758;https://docs.google.com/spreadsheets/d/11wxsKyCydVmDjp4kGLJAOLPM_LgwCLN2GYpbDQkNtkk/edit#gid=483990761;https://docs.google.com/spreadsheets/d/13ggv8-k1WCcrrjlwXb-ZoSwhODIQlG_NVffp3TGKOgI/edit#gid=0;https://docs.google.com/spreadsheets/d/15MPuuKWiOBeqO8JbrOYulUHFDzWbid6_pYZLHiWVzrk/edit#gid=0;https://docs.google.com/spreadsheets/d/1ACnJyxD1hx-mbOcZXoJ5BjXDOwUF1TYmfgkqtJgFRXk/edit#gid=0;https://docs.google.com/spreadsheets/d/1Jc6mBqbU8wYKfz3WxfpxsWbj_6xaZB6OmoCRPGzGJLM/edit#gid=0;https://docs.google.com/spreadsheets/d/1nONaKwJcrN04APGKN-HrZ8yavwZdFkfnaA59Zp1sdBU/edit#gid=1708603996;https://docs.google.com/spreadsheets/d/1nONaKwJcrN04APGKN-HrZ8yavwZdFkfnaA59Zp1sdBU/edit#gid=405850997;https://docs.google.com/spreadsheets/d/1nwiq_ggEj7QePeZGMR2xoi0bEHJr_ZGO24YCRdt93No/edit#gid=1358421537;https://docs.google.com/spreadsheets/d/1nwiq_ggEj7QePeZGMR2xoi0bEHJr_ZGO24YCRdt93No/edit#gid=1953934700;https://docs.google.com/spreadsheets/d/1rZd3D0JRNj3lK0ZKdMXPLvCNBofRhFsvW0AlPuBk3VE/edit#gid=0;https://docs.google.com/spreadsheets/d/1u8AORkPkqIxR4GblUqU5faeTfuuKGjKrllUxnnUdRz0/edit#gid=992181004
person_melevies,MeLevies,3,"S3, S4, S5",0,,61,29,31,1,48.4,42.8,1482,88,106,102,4,6,https://docs.google.com/spreadsheets/d/16r_khFZJxguj1o1wSrDQO4vlJhSDhIdN8AbUJQbnDq0/edit#gid=0;https://docs.google.com/spreadsheets/d/1nONaKwJcrN04APGKN-HrZ8yavwZdFkfnaA59Zp1sdBU/edit#gid=405850997;https://docs.google.com/spreadsheets/d/1rZd3D0JRNj3lK0ZKdMXPLvCNBofRhFsvW0AlPuBk3VE/edit#gid=0;https://docs.google.com/spreadsheets/d/1u8AORkPkqIxR4GblUqU5faeTfuuKGjKrllUxnnUdRz0/edit#gid=992181004
person_surskittv,SurskitTV,4,"S1, S2, S3, S4",0,,96,44,50,2,46.9,42.4,1520,134,417,434,-18,5,https://docs.google.com/spreadsheets/d/13ggv8-k1WCcrrjlwXb-ZoSwhODIQlG_NVffp3TGKOgI/edit#gid=0;https://docs.google.com/spreadsheets/d/14N_40jsahiN9DChpnNaPTnFy26If6imVHtqBGDWk6pg/edit#gid=0;https://docs.google.com/spreadsheets/d/15MPuuKWiOBeqO8JbrOYulUHFDzWbid6_pYZLHiWVzrk/edit#gid=0;https://docs.google.com/spreadsheets/d/16wGz0QnHeyqfcAhKdYvDqUZAvKxXKuAHchszJjhpp-o/edit#gid=0;https://docs.google.com/spreadsheets/d/1n9SmK-ccTCn8Jjhs4U2LKnibXY8PvuBtV3V9MCOURRA/edit#gid=0;https://docs.google.com/spreadsheets/d/1rZd3D0JRNj3lK0ZKdMXPLvCNBofRhFsvW0AlPuBk3VE/edit#gid=0;https://docs.google.com/spreadsheets/d/1u8AORkPkqIxR4GblUqU5faeTfuuKGjKrllUxnnUdRz0/edit#gid=992181004;https://docs.google.com/spreadsheets/d/1vJ-pioe3RZKSZ3LIGEA3FVTv_KEE_XKIQAXSIUNNd-Q/edit#gid=0
person_killuasan,KilluaSan,1,S3,0,,13,7,6,0,53.8,42.2,1494,21,0,0,0,,https://docs.google.com/spreadsheets/d/16r_khFZJxguj1o1wSrDQO4vlJhSDhIdN8AbUJQbnDq0/edit#gid=0
person_oktopaul,Oktopaul,3,"S2, S3, S5",0,,74,34,39,1,46.6,41.7,1424,103,323,352,-29,6,https://docs.google.com/spreadsheets/d/13ggv8-k1WCcrrjlwXb-ZoSwhODIQlG_NVffp3TGKOgI/edit#gid=0;https://docs.google.com/spreadsheets/d/15MPuuKWiOBeqO8JbrOYulUHFDzWbid6_pYZLHiWVzrk/edit#gid=0;https://docs.google.com/spreadsheets/d/16wGz0QnHeyqfcAhKdYvDqUZAvKxXKuAHchszJjhpp-o/edit#gid=0;https://docs.google.com/spreadsheets/d/1Jej38dwkqOARMHvKaUfQeHME0pLqP9GE6vPZQMUxMcg/edit#gid=1613120774;https://docs.google.com/spreadsheets/d/1Jej38dwkqOARMHvKaUfQeHME0pLqP9GE6vPZQMUxMcg/edit#gid=2102144361;https://docs.google.com/spreadsheets/d/1vJ-pioe3RZKSZ3LIGEA3FVTv_KEE_XKIQAXSIUNNd-Q/edit#gid=0
person_raizor,Raizor,9,"S1, S2, S3, S5, S6, S7, S8, S9, S10",0,,163,73,90,0,44.8,41.4,1585,213,695,751,-56,2,https://docs.google.com/spreadsheets/d/11wxsKyCydVmDjp4kGLJAOLPM_LgwCLN2GYpbDQkNtkk/edit#gid=1532844442;https://docs.google.com/spreadsheets/d/11wxsKyCydVmDjp4kGLJAOLPM_LgwCLN2GYpbDQkNtkk/edit#gid=892995759;https://docs.google.com/spreadsheets/d/13ggv8-k1WCcrrjlwXb-ZoSwhODIQlG_NVffp3TGKOgI/edit#gid=0;https://docs.google.com/spreadsheets/d/13smsrG2BGYxr_omJWcgr-sUDr39bvOJPNL5RPt4DSow/edit#gid=1215904780;https://docs.google.com/spreadsheets/d/13smsrG2BGYxr_omJWcgr-sUDr39bvOJPNL5RPt4DSow/edit#gid=1405051186;https://docs.google.com/spreadsheets/d/13smsrG2BGYxr_omJWcgr-sUDr39bvOJPNL5RPt4DSow/edit#gid=1953790464;https://docs.google.com/spreadsheets/d/14N_40jsahiN9DChpnNaPTnFy26If6imVHtqBGDWk6pg/edit#gid=0;https://docs.google.com/spreadsheets/d/15MPuuKWiOBeqO8JbrOYulUHFDzWbid6_pYZLHiWVzrk/edit#gid=0;https://docs.google.com/spreadsheets/d/16wGz0QnHeyqfcAhKdYvDqUZAvKxXKuAHchszJjhpp-o/edit#gid=0;https://docs.google.com/spreadsheets/d/1B2uTMvWlAHb7WlpupJV1A2Hbi3K3U1vCyoFV0wCapcw/edit#gid=306702305;https://docs.google.com/spreadsheets/d/1B2uTMvWlAHb7WlpupJV1A2Hbi3K3U1vCyoFV0wCapcw/edit#gid=419572953;https://docs.google.com/spreadsheets/d/1n9SmK-ccTCn8Jjhs4U2LKnibXY8PvuBtV3V9MCOURRA/edit#gid=0;https://docs.google.com/spreadsheets/d/1nONaKwJcrN04APGKN-HrZ8yavwZdFkfnaA59Zp1sdBU/edit#gid=1708603996;https://docs.google.com/spreadsheets/d/1nONaKwJcrN04APGKN-HrZ8yavwZdFkfnaA59Zp1sdBU/edit#gid=405850997;https://docs.google.com/spreadsheets/d/1nwiq_ggEj7QePeZGMR2xoi0bEHJr_ZGO24YCRdt93No/edit#gid=1358421537;https://docs.google.com/spreadsheets/d/1nwiq_ggEj7QePeZGMR2xoi0bEHJr_ZGO24YCRdt93No/edit#gid=1953934700;https://docs.google.com/spreadsheets/d/1uo7-E_E2jbehB2hbBurpPayP_0fKY5sPZcFgZmfLydY/edit#gid=1037187549;https://docs.google.com/spreadsheets/d/1uo7-E_E2jbehB2hbBurpPayP_0fKY5sPZcFgZmfLydY/edit#gid=1772394412;https://docs.google.com/spreadsheets/d/1vJ-pioe3RZKSZ3LIGEA3FVTv_KEE_XKIQAXSIUNNd-Q/edit#gid=0
person_blocki,Blocki,3,"S8, S9, S10",0,,40,19,21,0,47.5,41.2,1463,57,185,217,-32,2,https://docs.google.com/spreadsheets/d/13smsrG2BGYxr_omJWcgr-sUDr39bvOJPNL5RPt4DSow/edit#gid=1215904780;https://docs.google.com/spreadsheets/d/13smsrG2BGYxr_omJWcgr-sUDr39bvOJPNL5RPt4DSow/edit#gid=1405051186;https://docs.google.com/spreadsheets/d/1B2uTMvWlAHb7WlpupJV1A2Hbi3K3U1vCyoFV0wCapcw/edit#gid=306702305;https://docs.google.com/spreadsheets/d/1B2uTMvWlAHb7WlpupJV1A2Hbi3K3U1vCyoFV0wCapcw/edit#gid=419572953;https://docs.google.com/spreadsheets/d/1uo7-E_E2jbehB2hbBurpPayP_0fKY5sPZcFgZmfLydY/edit#gid=1037187549;https://docs.google.com/spreadsheets/d/1uo7-E_E2jbehB2hbBurpPayP_0fKY5sPZcFgZmfLydY/edit#gid=1993336510
person_art_n_gaming,Art'n'Gaming,6,"S1, S2, S3, S4, S5, S6",0,,129,57,71,1,44.6,40.9,1572,171,557,612,-55,1,https://docs.google.com/spreadsheets/d/11wxsKyCydVmDjp4kGLJAOLPM_LgwCLN2GYpbDQkNtkk/edit#gid=1758213758;https://docs.google.com/spreadsheets/d/11wxsKyCydVmDjp4kGLJAOLPM_LgwCLN2GYpbDQkNtkk/edit#gid=483990761;https://docs.google.com/spreadsheets/d/11wxsKyCydVmDjp4kGLJAOLPM_LgwCLN2GYpbDQkNtkk/edit#gid=892995759;https://docs.google.com/spreadsheets/d/13ggv8-k1WCcrrjlwXb-ZoSwhODIQlG_NVffp3TGKOgI/edit#gid=0;https://docs.google.com/spreadsheets/d/14N_40jsahiN9DChpnNaPTnFy26If6imVHtqBGDWk6pg/edit#gid=0;https://docs.google.com/spreadsheets/d/15MPuuKWiOBeqO8JbrOYulUHFDzWbid6_pYZLHiWVzrk/edit#gid=0;https://docs.google.com/spreadsheets/d/16wGz0QnHeyqfcAhKdYvDqUZAvKxXKuAHchszJjhpp-o/edit#gid=0;https://docs.google.com/spreadsheets/d/1n9SmK-ccTCn8Jjhs4U2LKnibXY8PvuBtV3V9MCOURRA/edit#gid=0;https://docs.google.com/spreadsheets/d/1nONaKwJcrN04APGKN-HrZ8yavwZdFkfnaA59Zp1sdBU/edit#gid=1708603996;https://docs.google.com/spreadsheets/d/1nONaKwJcrN04APGKN-HrZ8yavwZdFkfnaA59Zp1sdBU/edit#gid=405850997;https://docs.google.com/spreadsheets/d/1rZd3D0JRNj3lK0ZKdMXPLvCNBofRhFsvW0AlPuBk3VE/edit#gid=0;https://docs.google.com/spreadsheets/d/1u8AORkPkqIxR4GblUqU5faeTfuuKGjKrllUxnnUdRz0/edit#gid=992181004;https://docs.google.com/spreadsheets/d/1vJ-pioe3RZKSZ3LIGEA3FVTv_KEE_XKIQAXSIUNNd-Q/edit#gid=0
person_crowdcontroller,CrowdController,3,"S3, S4, S5",0,,60,27,33,0,45.0,40.0,1457,81,184,221,-38,6,https://docs.google.com/spreadsheets/d/16r_khFZJxguj1o1wSrDQO4vlJhSDhIdN8AbUJQbnDq0/edit#gid=0;https://docs.google.com/spreadsheets/d/1Jej38dwkqOARMHvKaUfQeHME0pLqP9GE6vPZQMUxMcg/edit#gid=1613120774;https://docs.google.com/spreadsheets/d/1Jej38dwkqOARMHvKaUfQeHME0pLqP9GE6vPZQMUxMcg/edit#gid=2102144361;https://docs.google.com/spreadsheets/d/1rZd3D0JRNj3lK0ZKdMXPLvCNBofRhFsvW0AlPuBk3VE/edit#gid=0;https://docs.google.com/spreadsheets/d/1u8AORkPkqIxR4GblUqU5faeTfuuKGjKrllUxnnUdRz0/edit#gid=992181004
person_blacklink,BlackLink,7,"S3, S4, S5, S6, S7, S8, S9",0,,109,47,62,0,43.1,39.3,1500,141,428,482,-54,4,https://docs.google.com/spreadsheets/d/11wxsKyCydVmDjp4kGLJAOLPM_LgwCLN2GYpbDQkNtkk/edit#gid=1532844442;https://docs.google.com/spreadsheets/d/11wxsKyCydVmDjp4kGLJAOLPM_LgwCLN2GYpbDQkNtkk/edit#gid=892995759;https://docs.google.com/spreadsheets/d/16r_khFZJxguj1o1wSrDQO4vlJhSDhIdN8AbUJQbnDq0/edit#gid=0;https://docs.google.com/spreadsheets/d/1B2uTMvWlAHb7WlpupJV1A2Hbi3K3U1vCyoFV0wCapcw/edit#gid=306702305;https://docs.google.com/spreadsheets/d/1B2uTMvWlAHb7WlpupJV1A2Hbi3K3U1vCyoFV0wCapcw/edit#gid=419572953;https://docs.google.com/spreadsheets/d/1Jej38dwkqOARMHvKaUfQeHME0pLqP9GE6vPZQMUxMcg/edit#gid=1613120774;https://docs.google.com/spreadsheets/d/1Jej38dwkqOARMHvKaUfQeHME0pLqP9GE6vPZQMUxMcg/edit#gid=2102144361;https://docs.google.com/spreadsheets/d/1NKXigWOr5wX73nBCnJrqO0_OprQy7Q5ncRmxnsQencI/edit#gid=2071855674;https://docs.google.com/spreadsheets/d/1iwPqphIOO1ID-4NV3sv5CrIsmpQF-saq1sNE9Sxo9oE/edit#gid=0;https://docs.google.com/spreadsheets/d/1nwiq_ggEj7QePeZGMR2xoi0bEHJr_ZGO24YCRdt93No/edit#gid=1358421537;https://docs.google.com/spreadsheets/d/1nwiq_ggEj7QePeZGMR2xoi0bEHJr_ZGO24YCRdt93No/edit#gid=1953934700;https://docs.google.com/spreadsheets/d/1uo7-E_E2jbehB2hbBurpPayP_0fKY5sPZcFgZmfLydY/edit#gid=1037187549;https://docs.google.com/spreadsheets/d/1uo7-E_E2jbehB2hbBurpPayP_0fKY5sPZcFgZmfLydY/edit#gid=1993336510
person_leinux,Leinux,2,"S3, S4",0,,48,21,27,0,43.8,38.6,1415,63,79,111,-32,9,https://docs.google.com/spreadsheets/d/16r_khFZJxguj1o1wSrDQO4vlJhSDhIdN8AbUJQbnDq0/edit#gid=0;https://docs.google.com/spreadsheets/d/1NKXigWOr5wX73nBCnJrqO0_OprQy7Q5ncRmxnsQencI/edit#gid=2071855674;https://docs.google.com/spreadsheets/d/1iwPqphIOO1ID-4NV3sv5CrIsmpQF-saq1sNE9Sxo9oE/edit#gid=0
person_burakio,Burakio,1,S3,0,,20,9,11,0,45.0,38.2,1460,27,0,0,0,,https://docs.google.com/spreadsheets/d/16r_khFZJxguj1o1wSrDQO4vlJhSDhIdN8AbUJQbnDq0/edit#gid=0
person_og_dnz,OGDNZ,3,"S8, S9, S10",0,,40,17,23,0,42.5,37.4,1487,51,194,207,-13,5,https://docs.google.com/spreadsheets/d/13smsrG2BGYxr_omJWcgr-sUDr39bvOJPNL5RPt4DSow/edit#gid=1215904780;https://docs.google.com/spreadsheets/d/13smsrG2BGYxr_omJWcgr-sUDr39bvOJPNL5RPt4DSow/edit#gid=1405051186;https://docs.google.com/spreadsheets/d/1B2uTMvWlAHb7WlpupJV1A2Hbi3K3U1vCyoFV0wCapcw/edit#gid=306702305;https://docs.google.com/spreadsheets/d/1B2uTMvWlAHb7WlpupJV1A2Hbi3K3U1vCyoFV0wCapcw/edit#gid=419572953;https://docs.google.com/spreadsheets/d/1uo7-E_E2jbehB2hbBurpPayP_0fKY5sPZcFgZmfLydY/edit#gid=1037187549;https://docs.google.com/spreadsheets/d/1uo7-E_E2jbehB2hbBurpPayP_0fKY5sPZcFgZmfLydY/edit#gid=1772394412
person_shizumania,Shizumania,2,"S2, S3",0,,39,16,23,0,41.0,36.3,1472,48,105,129,-24,11,https://docs.google.com/spreadsheets/d/16r_khFZJxguj1o1wSrDQO4vlJhSDhIdN8AbUJQbnDq0/edit#gid=0;https://docs.google.com/spreadsheets/d/1ACnJyxD1hx-mbOcZXoJ5BjXDOwUF1TYmfgkqtJgFRXk/edit#gid=0;https://docs.google.com/spreadsheets/d/1Jc6mBqbU8wYKfz3WxfpxsWbj_6xaZB6OmoCRPGzGJLM/edit#gid=0
person_scarlet,Scarlet,1,S3,0,,13,5,7,1,42.3,36.2,1454,16,0,0,0,,https://docs.google.com/spreadsheets/d/16r_khFZJxguj1o1wSrDQO4vlJhSDhIdN8AbUJQbnDq0/edit#gid=0
person_diaswordplay,DiaSwordPlay,2,"S1, S3",0,,43,17,25,1,40.7,36.1,1417,52,93,94,-1,8,https://docs.google.com/spreadsheets/d/14N_40jsahiN9DChpnNaPTnFy26If6imVHtqBGDWk6pg/edit#gid=0;https://docs.google.com/spreadsheets/d/16r_khFZJxguj1o1wSrDQO4vlJhSDhIdN8AbUJQbnDq0/edit#gid=0;https://docs.google.com/spreadsheets/d/1n9SmK-ccTCn8Jjhs4U2LKnibXY8PvuBtV3V9MCOURRA/edit#gid=0
person_stratocopter_tv,Stratocopter TV,2,"S5, S6",0,,33,13,19,1,40.9,36.0,1447,40,138,147,-9,7,https://docs.google.com/spreadsheets/d/11wxsKyCydVmDjp4kGLJAOLPM_LgwCLN2GYpbDQkNtkk/edit#gid=1758213758;https://docs.google.com/spreadsheets/d/11wxsKyCydVmDjp4kGLJAOLPM_LgwCLN2GYpbDQkNtkk/edit#gid=483990761;https://docs.google.com/spreadsheets/d/1Jej38dwkqOARMHvKaUfQeHME0pLqP9GE6vPZQMUxMcg/edit#gid=1613120774;https://docs.google.com/spreadsheets/d/1Jej38dwkqOARMHvKaUfQeHME0pLqP9GE6vPZQMUxMcg/edit#gid=2102144361
person_domji,Domji,1,S10,0,,12,5,7,0,41.7,35.9,1476,15,59,72,-13,10,https://docs.google.com/spreadsheets/d/13smsrG2BGYxr_omJWcgr-sUDr39bvOJPNL5RPt4DSow/edit#gid=1215904780;https://docs.google.com/spreadsheets/d/13smsrG2BGYxr_omJWcgr-sUDr39bvOJPNL5RPt4DSow/edit#gid=1405051186
person_dirtyd64,DirtyD64,2,"S1, S2",0,,48,19,29,0,39.6,35.4,1395,54,190,226,-36,6,https://docs.google.com/spreadsheets/d/14N_40jsahiN9DChpnNaPTnFy26If6imVHtqBGDWk6pg/edit#gid=0;https://docs.google.com/spreadsheets/d/16wGz0QnHeyqfcAhKdYvDqUZAvKxXKuAHchszJjhpp-o/edit#gid=0;https://docs.google.com/spreadsheets/d/1n9SmK-ccTCn8Jjhs4U2LKnibXY8PvuBtV3V9MCOURRA/edit#gid=0;https://docs.google.com/spreadsheets/d/1vJ-pioe3RZKSZ3LIGEA3FVTv_KEE_XKIQAXSIUNNd-Q/edit#gid=0
person_pokeknight,PokéKnight,1,S3,0,,5,2,3,0,40.0,35.3,1482,6,0,0,0,,https://docs.google.com/spreadsheets/d/16r_khFZJxguj1o1wSrDQO4vlJhSDhIdN8AbUJQbnDq0/edit#gid=0
person_scherany,Scherany,1,S2,0,,26,10,16,0,38.5,34.2,1459,30,106,135,-29,11,https://docs.google.com/spreadsheets/d/16wGz0QnHeyqfcAhKdYvDqUZAvKxXKuAHchszJjhpp-o/edit#gid=0;https://docs.google.com/spreadsheets/d/1vJ-pioe3RZKSZ3LIGEA3FVTv_KEE_XKIQAXSIUNNd-Q/edit#gid=0
person_themiifii,TheMiiFii,2,"S3, S4",0,,48,18,30,0,37.5,33.7,1430,54,92,98,-6,8,https://docs.google.com/spreadsheets/d/16r_khFZJxguj1o1wSrDQO4vlJhSDhIdN8AbUJQbnDq0/edit#gid=0;https://docs.google.com/spreadsheets/d/1NKXigWOr5wX73nBCnJrqO0_OprQy7Q5ncRmxnsQencI/edit#gid=2071855674;https://docs.google.com/spreadsheets/d/1iwPqphIOO1ID-4NV3sv5CrIsmpQF-saq1sNE9Sxo9oE/edit#gid=0
person_pokgalaxy,Pokgalaxy,3,"S8, S9, S10",0,,40,15,25,0,37.5,33.6,1499,45,183,208,-25,3,https://docs.google.com/spreadsheets/d/13smsrG2BGYxr_omJWcgr-sUDr39bvOJPNL5RPt4DSow/edit#gid=1215904780;https://docs.google.com/spreadsheets/d/13smsrG2BGYxr_omJWcgr-sUDr39bvOJPNL5RPt4DSow/edit#gid=1405051186;https://docs.google.com/spreadsheets/d/1B2uTMvWlAHb7WlpupJV1A2Hbi3K3U1vCyoFV0wCapcw/edit#gid=306702305;https://docs.google.com/spreadsheets/d/1B2uTMvWlAHb7WlpupJV1A2Hbi3K3U1vCyoFV0wCapcw/edit#gid=419572953;https://docs.google.com/spreadsheets/d/1uo7-E_E2jbehB2hbBurpPayP_0fKY5sPZcFgZmfLydY/edit#gid=1037187549;https://docs.google.com/spreadsheets/d/1uo7-E_E2jbehB2hbBurpPayP_0fKY5sPZcFgZmfLydY/edit#gid=1772394412
person_hydronic,Hydronic,4,"S6, S7, S8, S9",0,,52,19,33,0,36.5,33.0,1458,57,205,254,-49,7,https://docs.google.com/spreadsheets/d/11wxsKyCydVmDjp4kGLJAOLPM_LgwCLN2GYpbDQkNtkk/edit#gid=1532844442;https://docs.google.com/spreadsheets/d/11wxsKyCydVmDjp4kGLJAOLPM_LgwCLN2GYpbDQkNtkk/edit#gid=892995759;https://docs.google.com/spreadsheets/d/1B2uTMvWlAHb7WlpupJV1A2Hbi3K3U1vCyoFV0wCapcw/edit#gid=1432574016;https://docs.google.com/spreadsheets/d/1B2uTMvWlAHb7WlpupJV1A2Hbi3K3U1vCyoFV0wCapcw/edit#gid=1953934700;https://docs.google.com/spreadsheets/d/1nwiq_ggEj7QePeZGMR2xoi0bEHJr_ZGO24YCRdt93No/edit#gid=1358421537;https://docs.google.com/spreadsheets/d/1nwiq_ggEj7QePeZGMR2xoi0bEHJr_ZGO24YCRdt93No/edit#gid=1953934700;https://docs.google.com/spreadsheets/d/1uo7-E_E2jbehB2hbBurpPayP_0fKY5sPZcFgZmfLydY/edit#gid=1037187549;https://docs.google.com/spreadsheets/d/1uo7-E_E2jbehB2hbBurpPayP_0fKY5sPZcFgZmfLydY/edit#gid=1772394412
person_pokebree,PokéBree,2,"S2, S3",0,,52,19,33,0,36.5,33.0,1383,57,90,116,-26,10,https://docs.google.com/spreadsheets/d/16r_khFZJxguj1o1wSrDQO4vlJhSDhIdN8AbUJQbnDq0/edit#gid=0;https://docs.google.com/spreadsheets/d/1ACnJyxD1hx-mbOcZXoJ5BjXDOwUF1TYmfgkqtJgFRXk/edit#gid=0;https://docs.google.com/spreadsheets/d/1Jc6mBqbU8wYKfz3WxfpxsWbj_6xaZB6OmoCRPGzGJLM/edit#gid=0
person_pyromanix,Pyromanix,1,S3,0,,13,4,8,1,34.6,32.3,1428,13,0,0,0,,https://docs.google.com/spreadsheets/d/16r_khFZJxguj1o1wSrDQO4vlJhSDhIdN8AbUJQbnDq0/edit#gid=0
person_fnupa,Cabgolord,6,"S1, S2, S3, S4, S5, S6",0,,129,44,84,1,34.5,31.8,1390,133,354,524,-170,7,https://docs.google.com/spreadsheets/d/11wxsKyCydVmDjp4kGLJAOLPM_LgwCLN2GYpbDQkNtkk/edit#gid=1758213758;https://docs.google.com/spreadsheets/d/11wxsKyCydVmDjp4kGLJAOLPM_LgwCLN2GYpbDQkNtkk/edit#gid=483990761;https://docs.google.com/spreadsheets/d/14N_40jsahiN9DChpnNaPTnFy26If6imVHtqBGDWk6pg/edit#gid=0;https://docs.google.com/spreadsheets/d/16r_khFZJxguj1o1wSrDQO4vlJhSDhIdN8AbUJQbnDq0/edit#gid=0;https://docs.google.com/spreadsheets/d/16wGz0QnHeyqfcAhKdYvDqUZAvKxXKuAHchszJjhpp-o/edit#gid=0;https://docs.google.com/spreadsheets/d/1n9SmK-ccTCn8Jjhs4U2LKnibXY8PvuBtV3V9MCOURRA/edit#gid=0;https://docs.google.com/spreadsheets/d/1nONaKwJcrN04APGKN-HrZ8yavwZdFkfnaA59Zp1sdBU/edit#gid=1708603996;https://docs.google.com/spreadsheets/d/1nONaKwJcrN04APGKN-HrZ8yavwZdFkfnaA59Zp1sdBU/edit#gid=405850997;https://docs.google.com/spreadsheets/d/1rZd3D0JRNj3lK0ZKdMXPLvCNBofRhFsvW0AlPuBk3VE/edit#gid=0;https://docs.google.com/spreadsheets/d/1u8AORkPkqIxR4GblUqU5faeTfuuKGjKrllUxnnUdRz0/edit#gid=992181004;https://docs.google.com/spreadsheets/d/1vJ-pioe3RZKSZ3LIGEA3FVTv_KEE_XKIQAXSIUNNd-Q/edit#gid=0;https://www.youtube.com/watch?v=I4_AqvEj0TA;https://www.youtube.com/watch?v=yLHdH2LhfE0
person_pentaplayer,PentaPlayer,1,S2,0,,26,9,17,0,34.6,31.6,1445,21,86,129,-43,12,https://docs.google.com/spreadsheets/d/1ACnJyxD1hx-mbOcZXoJ5BjXDOwUF1TYmfgkqtJgFRXk/edit#gid=0;https://docs.google.com/spreadsheets/d/1Jc6mBqbU8wYKfz3WxfpxsWbj_6xaZB6OmoCRPGzGJLM/edit#gid=0
person_craycom,Craycom,2,"S5, S6",0,,33,11,22,0,33.3,30.6,1363,33,123,168,-45,9,https://docs.google.com/spreadsheets/d/11wxsKyCydVmDjp4kGLJAOLPM_LgwCLN2GYpbDQkNtkk/edit#gid=1758213758;https://docs.google.com/spreadsheets/d/11wxsKyCydVmDjp4kGLJAOLPM_LgwCLN2GYpbDQkNtkk/edit#gid=483990761;https://docs.google.com/spreadsheets/d/1Jej38dwkqOARMHvKaUfQeHME0pLqP9GE6vPZQMUxMcg/edit#gid=1613120774;https://docs.google.com/spreadsheets/d/1Jej38dwkqOARMHvKaUfQeHME0pLqP9GE6vPZQMUxMcg/edit#gid=2102144361
person_sirazoa,Sirazoa,1,S10,0,,12,3,9,0,25.0,27.8,1422,9,54,71,-17,13,https://docs.google.com/spreadsheets/d/13smsrG2BGYxr_omJWcgr-sUDr39bvOJPNL5RPt4DSow/edit#gid=1215904780;https://docs.google.com/spreadsheets/d/13smsrG2BGYxr_omJWcgr-sUDr39bvOJPNL5RPt4DSow/edit#gid=1405051186
person_snomnie,Snomnie,1,S10,0,,12,3,9,0,25.0,27.8,1444,9,74,89,-15,12,https://docs.google.com/spreadsheets/d/13smsrG2BGYxr_omJWcgr-sUDr39bvOJPNL5RPt4DSow/edit#gid=1215904780;https://docs.google.com/spreadsheets/d/13smsrG2BGYxr_omJWcgr-sUDr39bvOJPNL5RPt4DSow/edit#gid=1405051186
person_pokemonfakten,PokemonFakten,1,S1,0,,11,2,8,1,22.7,27.1,1431,7,0,0,0,7,https://docs.google.com/spreadsheets/d/14N_40jsahiN9DChpnNaPTnFy26If6imVHtqBGDWk6pg/edit#gid=0;https://docs.google.com/spreadsheets/d/1n9SmK-ccTCn8Jjhs4U2LKnibXY8PvuBtV3V9MCOURRA/edit#gid=0
person_kuchenjaeger,Kuchenjaeger,1,S2,0,,26,7,19,0,26.9,26.6,1399,21,94,136,-42,13,https://docs.google.com/spreadsheets/d/16wGz0QnHeyqfcAhKdYvDqUZAvKxXKuAHchszJjhpp-o/edit#gid=0;https://docs.google.com/spreadsheets/d/1vJ-pioe3RZKSZ3LIGEA3FVTv_KEE_XKIQAXSIUNNd-Q/edit#gid=0
person_wolvx,WolvX,2,"S2, S3",0,,32,8,24,0,25.0,24.9,1377,24,88,134,-46,13,https://docs.google.com/spreadsheets/d/16r_khFZJxguj1o1wSrDQO4vlJhSDhIdN8AbUJQbnDq0/edit#gid=0;https://docs.google.com/spreadsheets/d/1ACnJyxD1hx-mbOcZXoJ5BjXDOwUF1TYmfgkqtJgFRXk/edit#gid=0;https://docs.google.com/spreadsheets/d/1Jc6mBqbU8wYKfz3WxfpxsWbj_6xaZB6OmoCRPGzGJLM/edit#gid=0
person_scoutley,Scoutley,3,"S4, S5, S6",0,,55,13,41,1,24.5,23.6,1306,40,196,296,-99,10,https://docs.google.com/spreadsheets/d/11wxsKyCydVmDjp4kGLJAOLPM_LgwCLN2GYpbDQkNtkk/edit#gid=1532844442;https://docs.google.com/spreadsheets/d/11wxsKyCydVmDjp4kGLJAOLPM_LgwCLN2GYpbDQkNtkk/edit#gid=892995759;https://docs.google.com/spreadsheets/d/1Jej38dwkqOARMHvKaUfQeHME0pLqP9GE6vPZQMUxMcg/edit#gid=1613120774;https://docs.google.com/spreadsheets/d/1Jej38dwkqOARMHvKaUfQeHME0pLqP9GE6vPZQMUxMcg/edit#gid=2102144361;https://docs.google.com/spreadsheets/d/1NKXigWOr5wX73nBCnJrqO0_OprQy7Q5ncRmxnsQencI/edit#gid=2071855674;https://docs.google.com/spreadsheets/d/1iwPqphIOO1ID-4NV3sv5CrIsmpQF-saq1sNE9Sxo9oE/edit#gid=0
person_morbolth,Morbolth,1,S1,0,,22,4,17,1,20.5,23.1,1458,13,52,72,-20,12,https://docs.google.com/spreadsheets/d/14N_40jsahiN9DChpnNaPTnFy26If6imVHtqBGDWk6pg/edit#gid=0;https://docs.google.com/spreadsheets/d/1n9SmK-ccTCn8Jjhs4U2LKnibXY8PvuBtV3V9MCOURRA/edit#gid=0
person_asalakoren,Asalakoren,3,"S4, S5, S6",0,,55,11,44,0,20.0,20.1,1300,33,214,290,-76,11,https://docs.google.com/spreadsheets/d/11wxsKyCydVmDjp4kGLJAOLPM_LgwCLN2GYpbDQkNtkk/edit#gid=1532844442;https://docs.google.com/spreadsheets/d/11wxsKyCydVmDjp4kGLJAOLPM_LgwCLN2GYpbDQkNtkk/edit#gid=892995759;https://docs.google.com/spreadsheets/d/1Jej38dwkqOARMHvKaUfQeHME0pLqP9GE6vPZQMUxMcg/edit#gid=1613120774;https://docs.google.com/spreadsheets/d/1Jej38dwkqOARMHvKaUfQeHME0pLqP9GE6vPZQMUxMcg/edit#gid=2102144361;https://docs.google.com/spreadsheets/d/1NKXigWOr5wX73nBCnJrqO0_OprQy7Q5ncRmxnsQencI/edit#gid=2071855674;https://docs.google.com/spreadsheets/d/1iwPqphIOO1ID-4NV3sv5CrIsmpQF-saq1sNE9Sxo9oE/edit#gid=0
person_zant,Zant,1,S2,0,,26,3,23,0,11.5,16.9,1306,6,69,150,-81,14,https://docs.google.com/spreadsheets/d/1ACnJyxD1hx-mbOcZXoJ5BjXDOwUF1TYmfgkqtJgFRXk/edit#gid=0;https://docs.google.com/spreadsheets/d/1Jc6mBqbU8wYKfz3WxfpxsWbj_6xaZB6OmoCRPGzGJLM/edit#gid=0
