season_id,person_id,person_name,person_name_normalized,team_id,team_name,team_name_normalized,division,stage,rank,start_week,end_week,matches,wins,losses,draws,points,kills,deaths,differential,data_status,notes,source_urls
season_001,person_present,PresentLP,present,season_001_prekani,Prekani,prekani,Regular Season,full_season,1,,,22,20,2,0,60,126,69,57,sheet_extracted,Full-season person stats from the final standings row.,https://docs.google.com/spreadsheets/d/1n9SmK-ccTCn8Jjhs4U2LKnibXY8PvuBtV3V9MCOURRA/edit#gid=0
season_001,person_silva,Silva,silva,season_001_diggersby_army,Diggersby Army,diggersby army,Regular Season,full_season,2,,,22,16,6,0,48,108,82,26,sheet_extracted,Full-season person stats from the final standings row.,https://docs.google.com/spreadsheets/d/1n9SmK-ccTCn8Jjhs4U2LKnibXY8PvuBtV3V9MCOURRA/edit#gid=0
season_001,person_daumenkino,DaumenkinoLP,daumenkino,season_001_melting_mamoswines,Melting Mamoswines,melting mamoswines,Regular Season,full_season,3,,,22,13,8,1,40,98,84,14,sheet_extracted,Full-season person stats from the final standings row.,https://docs.google.com/spreadsheets/d/1n9SmK-ccTCn8Jjhs4U2LKnibXY8PvuBtV3V9MCOURRA/edit#gid=0
season_001,person_shiro,Shiro,shiro,season_001_dancing_darmanitans,Dancing Darmanitans,dancing darmanitans,Regular Season,full_season,4,,,22,12,10,0,36,99,99,0,sheet_extracted,Full-season person stats from the final standings row.,https://docs.google.com/spreadsheets/d/1n9SmK-ccTCn8Jjhs4U2LKnibXY8PvuBtV3V9MCOURRA/edit#gid=0
season_001,person_raizor,Raizor,raizor,season_001_raizoroark,Raizoroark,raizoroark,Regular Season,full_season,5,,,22,11,11,0,33,94,94,0,sheet_extracted,Full-season person stats from the final standings row.,https://docs.google.com/spreadsheets/d/1n9SmK-ccTCn8Jjhs4U2LKnibXY8PvuBtV3V9MCOURRA/edit#gid=0
season_001,person_dirtyd64,DirtyD64,dirtyd64,season_001_lucky_luxray,Lucky Luxray,lucky luxray,Regular Season,full_season,6,,,22,11,11,0,33,92,93,-1,sheet_extracted,Full-season person stats from the final standings row.,https://docs.google.com/spreadsheets/d/1n9SmK-ccTCn8Jjhs4U2LKnibXY8PvuBtV3V9MCOURRA/edit#gid=0
season_001,person_diaswordplay,DiaSwordPlay,diaswordplay,season_001_diaslashplay,Diaslashplay,diaslashplay,Regular Season,full_season,8,,,22,10,12,0,30,93,94,-1,sheet_extracted,Full-season person stats from the final standings row.,https://docs.google.com/spreadsheets/d/1n9SmK-ccTCn8Jjhs4U2LKnibXY8PvuBtV3V9MCOURRA/edit#gid=0
season_001,person_surskittv,SurskitTV,surskittv,season_001_surstars,Surstars,surstars,Regular Season,full_season,9,,,22,9,12,1,28,88,98,-10,sheet_extracted,Full-season person stats from the final standings row.,https://docs.google.com/spreadsheets/d/1n9SmK-ccTCn8Jjhs4U2LKnibXY8PvuBtV3V9MCOURRA/edit#gid=0
season_001,person_art_n_gaming,Art'n'Gaming,art n gaming,season_001_arbok_duel_union,Arbok Duel Union,arbok duel union,Regular Season,full_season,10,,,22,7,15,0,21,87,110,-23,sheet_extracted,Full-season person stats from the final standings row.,https://docs.google.com/spreadsheets/d/1n9SmK-ccTCn8Jjhs4U2LKnibXY8PvuBtV3V9MCOURRA/edit#gid=0
season_001,person_fnupa,Cabgolord,fnupa,season_001_fnupagladi,Fnupagladi,fnupagladi,Regular Season,full_season,11,,,22,7,15,0,21,78,107,-29,sheet_extracted,Full-season person stats from the final standings row.,https://docs.google.com/spreadsheets/d/1n9SmK-ccTCn8Jjhs4U2LKnibXY8PvuBtV3V9MCOURRA/edit#gid=0
season_001,person_morbolth,Morbolth,morbolth,season_001_mortox,Mortox,mortox,Regular Season,full_season,12,,,22,4,17,1,13,52,72,-20,sheet_extracted,Full-season person stats from the final standings row.,https://docs.google.com/spreadsheets/d/1n9SmK-ccTCn8Jjhs4U2LKnibXY8PvuBtV3V9MCOURRA/edit#gid=0
season_001,person_pokemonfakten,PokemonFakten,pokemonfakten,season_001_nocturne,Nocturne*,nocturne,Regular Season,controller_stint,7,1,11,11,2,8,1,7,,,,user_provided,User-provided controller correction: PokemonFakten led Nocturne in the first half before FanmadeLetsPlay took over for the Rückrunde. Team-level final table stats are not safely attributable to either individual.,https://docs.google.com/spreadsheets/d/1n9SmK-ccTCn8Jjhs4U2LKnibXY8PvuBtV3V9MCOURRA/edit#gid=0;https://docs.google.com/spreadsheets/d/14N_40jsahiN9DChpnNaPTnFy26If6imVHtqBGDWk6pg/edit#gid=0
season_001,person_fanmadeletsplay,FanmadeLetsPlay,fanmadeletsplay,season_001_nocturne,Nocturne*,nocturne,Regular Season,controller_stint,7,12,22,9,6,2,1,19,,,,user_provided,User-provided controller correction: FanmadeLetsPlay led Nocturne from the Rückrunde onward. Team-level final table stats are not safely attributable to either individual.,https://docs.google.com/spreadsheets/d/1n9SmK-ccTCn8Jjhs4U2LKnibXY8PvuBtV3V9MCOURRA/edit#gid=0;https://docs.google.com/spreadsheets/d/14N_40jsahiN9DChpnNaPTnFy26If6imVHtqBGDWk6pg/edit#gid=0
season_002,person_steveparker,SteveParker,steveparker,season_002_toxicblast,ToxicBlast,toxicblast,Regular Season,full_season,1,,,26,18,6,2,56,138,84,54,sheet_extracted,Full-season person stats from the final standings row.,https://docs.google.com/spreadsheets/d/1vJ-pioe3RZKSZ3LIGEA3FVTv_KEE_XKIQAXSIUNNd-Q/edit#gid=0
season_002,person_daumenkino,DaumenkinoLP,daumenkino,season_002_melting_mamoswines,Melting Mamoswines,melting mamoswines,Regular Season,full_season,2,,,26,18,8,0,54,132,105,27,sheet_extracted,Full-season person stats from the final standings row.,https://docs.google.com/spreadsheets/d/1vJ-pioe3RZKSZ3LIGEA3FVTv_KEE_XKIQAXSIUNNd-Q/edit#gid=0
season_002,person_shiro,Shiro,shiro,season_002_rotom_kebab,Rotom Kebab,rotom kebab,Regular Season,full_season,3,,,26,16,8,2,50,126,97,29,sheet_extracted,Full-season person stats from the final standings row.,https://docs.google.com/spreadsheets/d/1vJ-pioe3RZKSZ3LIGEA3FVTv_KEE_XKIQAXSIUNNd-Q/edit#gid=0
season_002,person_art_n_gaming,Art'n'Gaming,art n gaming,season_002_little_littleos,Little Littleos,little littleos,Regular Season,full_season,4,,,26,16,10,0,48,127,98,29,sheet_extracted,Full-season person stats from the final standings row.,https://docs.google.com/spreadsheets/d/1vJ-pioe3RZKSZ3LIGEA3FVTv_KEE_XKIQAXSIUNNd-Q/edit#gid=0
season_002,person_surskittv,SurskitTV,surskittv,season_002_surdrakings,SurDrakings,surdrakings,Regular Season,full_season,5,,,26,16,10,0,48,125,108,17,sheet_extracted,Full-season person stats from the final standings row.,https://docs.google.com/spreadsheets/d/1vJ-pioe3RZKSZ3LIGEA3FVTv_KEE_XKIQAXSIUNNd-Q/edit#gid=0
season_002,person_oktopaul,Oktopaul,oktopaul,season_002_blazing_okturtles,Blazing Okturtles,blazing okturtles,Regular Season,full_season,6,,,26,14,11,1,43,114,107,7,sheet_extracted,Full-season person stats from the final standings row.,https://docs.google.com/spreadsheets/d/1vJ-pioe3RZKSZ3LIGEA3FVTv_KEE_XKIQAXSIUNNd-Q/edit#gid=0
season_002,person_present,PresentLP,present,season_002_prekani,Prekani,prekani,Regular Season,full_season,7,,,26,13,12,1,40,120,112,8,sheet_extracted,Full-season person stats from the final standings row.,https://docs.google.com/spreadsheets/d/1vJ-pioe3RZKSZ3LIGEA3FVTv_KEE_XKIQAXSIUNNd-Q/edit#gid=0
season_002,person_regibang,RegiBang,regibang,season_002_lucha_libres,Lucha Libres,lucha libres,Regular Season,full_season,8,,,26,13,13,0,36,120,113,7,sheet_extracted,Full-season person stats from the final standings row.,https://docs.google.com/spreadsheets/d/1vJ-pioe3RZKSZ3LIGEA3FVTv_KEE_XKIQAXSIUNNd-Q/edit#gid=0
season_002,person_fanmadeletsplay,FanmadeLetsPlay,fanmadeletsplay,season_002_croakdrop,CroakDrop,croakdrop,Regular Season,full_season,9,,,26,13,13,0,36,114,117,-3,sheet_extracted,Full-season person stats from the final standings row.,https://docs.google.com/spreadsheets/d/1vJ-pioe3RZKSZ3LIGEA3FVTv_KEE_XKIQAXSIUNNd-Q/edit#gid=0
season_002,person_raizor,Raizor,raizor,season_002_raizoroark,Raizoroark,raizoroark,Regular Season,full_season,10,,,26,12,14,0,36,109,121,-12,sheet_extracted,Full-season person stats from the final standings row.,https://docs.google.com/spreadsheets/d/1vJ-pioe3RZKSZ3LIGEA3FVTv_KEE_XKIQAXSIUNNd-Q/edit#gid=0
season_002,person_scherany,Scherany,scherany,season_002_fabulous_gayloppaz,Fabulous Gayloppaz,fabulous gayloppaz,Regular Season,full_season,11,,,26,10,16,0,30,106,135,-29,sheet_extracted,Full-season person stats from the final standings row.,https://docs.google.com/spreadsheets/d/1vJ-pioe3RZKSZ3LIGEA3FVTv_KEE_XKIQAXSIUNNd-Q/edit#gid=0
season_002,person_dirtyd64,DirtyD64,dirtyd64,season_002_magic_manaphys,Magic Manaphys,magic manaphys,Regular Season,full_season,12,,,26,8,18,0,21,98,133,-35,sheet_extracted,Full-season person stats from the final standings row.,https://docs.google.com/spreadsheets/d/1vJ-pioe3RZKSZ3LIGEA3FVTv_KEE_XKIQAXSIUNNd-Q/edit#gid=0
season_002,person_kuchenjaeger,Kuchenjaeger,kuchenjaeger,season_002_stunfiskunderdogs,StunfiskUnderdogs,stunfiskunderdogs,Regular Season,full_season,13,,,26,7,19,0,21,94,136,-42,sheet_extracted,Full-season person stats from the final standings row.,https://docs.google.com/spreadsheets/d/1vJ-pioe3RZKSZ3LIGEA3FVTv_KEE_XKIQAXSIUNNd-Q/edit#gid=0
season_002,person_fnupa,Cabgolord,fnupa,season_002_doomforce,Doomforce,doomforce,Regular Season,full_season,14,,,26,5,21,0,15,74,137,-63,sheet_extracted,Full-season person stats from the final standings row.,https://docs.google.com/spreadsheets/d/1vJ-pioe3RZKSZ3LIGEA3FVTv_KEE_XKIQAXSIUNNd-Q/edit#gid=0
season_002,person_parsifani,Parsifani,parsifani,season_002_duelling_luca_ri_oh,Duelling Luca-Ri-Oh,duelling luca ri oh,Liga 2,full_season,1,,,26,19,5,2,59,140,105,35,sheet_extracted,Full-season person stats from the final standings row.,https://docs.google.com/spreadsheets/d/1ACnJyxD1hx-mbOcZXoJ5BjXDOwUF1TYmfgkqtJgFRXk/edit#gid=0
season_002,person_pokebazi,PokeBazi,pokebazi,season_002_psychic_bazis,Psychic Bazis,psychic bazis,Liga 2,full_season,2,,,26,19,6,1,55,137,111,26,sheet_extracted,Full-season person stats from the final standings row.,https://docs.google.com/spreadsheets/d/1ACnJyxD1hx-mbOcZXoJ5BjXDOwUF1TYmfgkqtJgFRXk/edit#gid=0
season_002,person_lucariolp,LucarioLP,lucariolp,season_002_wildcats,Wildcats,wildcats,Liga 2,full_season,3,,,26,18,8,0,54,134,90,44,sheet_extracted,Full-season person stats from the final standings row.,https://docs.google.com/spreadsheets/d/1ACnJyxD1hx-mbOcZXoJ5BjXDOwUF1TYmfgkqtJgFRXk/edit#gid=0
season_002,person_minetube,Minetube,minetube,season_002_triyolotree,Triyolotree,triyolotree,Liga 2,full_season,4,,,26,17,9,0,51,121,97,24,sheet_extracted,Full-season person stats from the final standings row.,https://docs.google.com/spreadsheets/d/1ACnJyxD1hx-mbOcZXoJ5BjXDOwUF1TYmfgkqtJgFRXk/edit#gid=0
season_002,person_captaincrinch,CaptainCrinch,captaincrinch,season_002_crinchilla,Crinchilla,crinchilla,Liga 2,full_season,5,,,26,16,10,0,48,130,92,38,sheet_extracted,Full-season person stats from the final standings row.,https://docs.google.com/spreadsheets/d/1ACnJyxD1hx-mbOcZXoJ5BjXDOwUF1TYmfgkqtJgFRXk/edit#gid=0
season_002,person_raikani,Raikani,raikani,season_002_bulettenbande,Bulettenbande,bulettenbande,Liga 2,full_season,6,,,26,16,10,0,48,126,106,20,sheet_extracted,Full-season person stats from the final standings row.,https://docs.google.com/spreadsheets/d/1ACnJyxD1hx-mbOcZXoJ5BjXDOwUF1TYmfgkqtJgFRXk/edit#gid=0
season_002,person_letskayze,LetsKayze,letskayze,season_002_infernayze,Infernayze,infernayze,Liga 2,full_season,7,,,26,14,12,0,42,115,101,14,sheet_extracted,Full-season person stats from the final standings row.,https://docs.google.com/spreadsheets/d/1ACnJyxD1hx-mbOcZXoJ5BjXDOwUF1TYmfgkqtJgFRXk/edit#gid=0
season_002,person_domibri,Domibri,domibri,season_002_sunny_reptiles_2,Sunny Reptiles*²,sunny reptiles 2,Liga 2,full_season,8,,,26,14,11,1,37,126,95,31,sheet_extracted,Full-season person stats from the final standings row.,https://docs.google.com/spreadsheets/d/1ACnJyxD1hx-mbOcZXoJ5BjXDOwUF1TYmfgkqtJgFRXk/edit#gid=0
season_002,person_lightgaming,LightGaming,lightgaming,season_002_salty_gengars,Salty Gengars,salty gengars,Liga 2,full_season,9,,,26,11,15,0,33,108,122,-14,sheet_extracted,Full-season person stats from the final standings row.,https://docs.google.com/spreadsheets/d/1ACnJyxD1hx-mbOcZXoJ5BjXDOwUF1TYmfgkqtJgFRXk/edit#gid=0
season_002,person_pokebree,PokéBree,pokebree,season_002_absocore,Absocore,absocore,Liga 2,full_season,10,,,26,10,16,0,30,90,116,-26,sheet_extracted,Full-season person stats from the final standings row.,https://docs.google.com/spreadsheets/d/1ACnJyxD1hx-mbOcZXoJ5BjXDOwUF1TYmfgkqtJgFRXk/edit#gid=0
season_002,person_shizumania,Shizumania,shizumania,season_002_buzzingmaniacs_3,Buzzingmaniacs*³,buzzingmaniacs 3,Liga 2,full_season,11,,,26,9,17,0,27,105,129,-24,sheet_extracted,Full-season person stats from the final standings row.,https://docs.google.com/spreadsheets/d/1ACnJyxD1hx-mbOcZXoJ5BjXDOwUF1TYmfgkqtJgFRXk/edit#gid=0
season_002,person_pentaplayer,PentaPlayer,pentaplayer,season_002_power_knilz_bande,Power Knilz Bande,power knilz bande,Liga 2,full_season,12,,,26,9,17,0,21,86,129,-43,sheet_extracted,Full-season person stats from the final standings row.,https://docs.google.com/spreadsheets/d/1ACnJyxD1hx-mbOcZXoJ5BjXDOwUF1TYmfgkqtJgFRXk/edit#gid=0
season_002,person_wolvx,WolvX,wolvx,season_002_the_gymleader,The Gymleader,the gymleader,Liga 2,full_season,13,,,26,6,20,0,18,88,134,-46,sheet_extracted,Full-season person stats from the final standings row.,https://docs.google.com/spreadsheets/d/1ACnJyxD1hx-mbOcZXoJ5BjXDOwUF1TYmfgkqtJgFRXk/edit#gid=0
season_002,person_zant,Zant,zant,season_002_typhlosion_burning_squad,Typhlosion burning Squad,typhlosion burning squad,Liga 2,full_season,14,,,26,3,23,0,6,69,150,-81,sheet_extracted,Full-season person stats from the final standings row.,https://docs.google.com/spreadsheets/d/1ACnJyxD1hx-mbOcZXoJ5BjXDOwUF1TYmfgkqtJgFRXk/edit#gid=0
season_003,person_present,PresentLP,present,season_003_prekani,Prekani,prekani,Regular Season,full_season,1,,,26,19,7,0,57,145,104,41,sheet_extracted,Full-season person stats from the final standings row.,https://docs.google.com/spreadsheets/d/13ggv8-k1WCcrrjlwXb-ZoSwhODIQlG_NVffp3TGKOgI/edit#gid=0
season_003,person_regibang,RegiBang,regibang,season_003_glorious_emperors,Glorious Emperors,glorious emperors,Regular Season,full_season,2,,,26,16,10,0,48,122,110,12,sheet_extracted,Full-season person stats from the final standings row.,https://docs.google.com/spreadsheets/d/13ggv8-k1WCcrrjlwXb-ZoSwhODIQlG_NVffp3TGKOgI/edit#gid=0
season_003,person_fanmadeletsplay,FanmadeLetsPlay,fanmadeletsplay,season_003_coldlauncher,Coldlauncher,coldlauncher,Regular Season,full_season,3,,,26,15,11,0,45,120,114,6,sheet_extracted,Full-season person stats from the final standings row.,https://docs.google.com/spreadsheets/d/13ggv8-k1WCcrrjlwXb-ZoSwhODIQlG_NVffp3TGKOgI/edit#gid=0
season_003,person_minetube,Minetube,minetube,season_003_triyolotree,Triyolotree,triyolotree,Regular Season,full_season,4,,,26,14,12,0,42,124,110,14,sheet_extracted,Full-season person stats from the final standings row.,https://docs.google.com/spreadsheets/d/13ggv8-k1WCcrrjlwXb-ZoSwhODIQlG_NVffp3TGKOgI/edit#gid=0
season_003,person_captaincrinch,CaptainCrinch,captaincrinch,season_003_crinchilla,Crinchilla,crinchilla,Regular Season,full_season,6,,,26,13,13,0,39,125,123,2,sheet_extracted,Full-season person stats from the final standings row.,https://docs.google.com/spreadsheets/d/13ggv8-k1WCcrrjlwXb-ZoSwhODIQlG_NVffp3TGKOgI/edit#gid=0
season_003,person_pokebazi,PokeBazi,pokebazi,season_003_krebuknackis,Krebuknackis,krebuknackis,Regular Season,full_season,7,,,26,13,13,0,39,119,125,-6,sheet_extracted,Full-season person stats from the final standings row.,https://docs.google.com/spreadsheets/d/13ggv8-k1WCcrrjlwXb-ZoSwhODIQlG_NVffp3TGKOgI/edit#gid=0
season_003,person_lauris,Lauris,lauris,season_003_enteigeddon_3_1,Enteigeddon*³ **¹,enteigeddon 3 1,Regular Season,full_season,8,,,26,13,13,0,38,119,125,-6,sheet_extracted,Full-season person stats from the final standings row.,https://docs.google.com/spreadsheets/d/13ggv8-k1WCcrrjlwXb-ZoSwhODIQlG_NVffp3TGKOgI/edit#gid=0
season_003,person_raizor,Raizor,raizor,season_003_unbound_zoroarks,Unbound Zoroarks,unbound zoroarks,Regular Season,full_season,9,,,26,12,14,0,36,110,120,-10,sheet_extracted,Full-season person stats from the final standings row.,https://docs.google.com/spreadsheets/d/13ggv8-k1WCcrrjlwXb-ZoSwhODIQlG_NVffp3TGKOgI/edit#gid=0
season_003,person_oktopaul,Oktopaul,oktopaul,season_003_petalburg_panchams,Petalburg Panchams,petalburg panchams,Regular Season,full_season,10,,,26,12,14,0,36,118,130,-12,sheet_extracted,Full-season person stats from the final standings row.,https://docs.google.com/spreadsheets/d/13ggv8-k1WCcrrjlwXb-ZoSwhODIQlG_NVffp3TGKOgI/edit#gid=0
season_003,person_art_n_gaming,Art'n'Gaming,art n gaming,season_003_little_littleos,Little Littleos,little littleos,Regular Season,full_season,11,,,26,11,15,0,33,120,125,-5,sheet_extracted,Full-season person stats from the final standings row.,https://docs.google.com/spreadsheets/d/13ggv8-k1WCcrrjlwXb-ZoSwhODIQlG_NVffp3TGKOgI/edit#gid=0
season_003,person_shiro,Shiro,shiro,season_003_munich_magbys_2,Munich Magbys*²,munich magbys 2,Regular Season,full_season,12,,,26,11,15,0,33,112,133,-21,sheet_extracted,Full-season person stats from the final standings row.,https://docs.google.com/spreadsheets/d/13ggv8-k1WCcrrjlwXb-ZoSwhODIQlG_NVffp3TGKOgI/edit#gid=0
season_003,person_parsifani,Parsifani,parsifani,season_003_persian_carpets,Persian Carpets,persian carpets,Regular Season,full_season,13,,,26,10,16,0,30,118,125,-7,sheet_extracted,Full-season person stats from the final standings row.,https://docs.google.com/spreadsheets/d/13ggv8-k1WCcrrjlwXb-ZoSwhODIQlG_NVffp3TGKOgI/edit#gid=0
season_003,person_surskittv,SurskitTV,surskittv,season_003_surstars,Surstars,surstars,Regular Season,full_season,14,,,26,10,16,0,30,115,127,-13,sheet_extracted,Full-season person stats from the final standings row.,https://docs.google.com/spreadsheets/d/13ggv8-k1WCcrrjlwXb-ZoSwhODIQlG_NVffp3TGKOgI/edit#gid=0
season_003,person_lucariolp,LucarioLP,lucariolp,season_003_unlimited_blade_works_1,Unlimited Blade Works*¹,unlimited blade works 1,Regular Season,controller_stint,5,1,10,10,3,7,0,9,,,,user_provided,User-provided controller correction: LucarioLP led the team before Bene joined at Spieltag 11.,https://docs.google.com/spreadsheets/d/13ggv8-k1WCcrrjlwXb-ZoSwhODIQlG_NVffp3TGKOgI/edit#gid=0;https://docs.google.com/spreadsheets/d/15MPuuKWiOBeqO8JbrOYulUHFDzWbid6_pYZLHiWVzrk/edit#gid=0
season_003,person_bene,Bene,bene,season_003_unlimited_blade_works_1,Unlimited Blade Works*¹,unlimited blade works 1,Regular Season,controller_stint,5,11,26,16,10,6,0,30,,,,user_provided,User-provided controller correction plus table footnote: Bene led the team from Spieltag 11 onward.,https://docs.google.com/spreadsheets/d/13ggv8-k1WCcrrjlwXb-ZoSwhODIQlG_NVffp3TGKOgI/edit#gid=0;https://docs.google.com/spreadsheets/d/15MPuuKWiOBeqO8JbrOYulUHFDzWbid6_pYZLHiWVzrk/edit#gid=0
season_004,person_bene,Bene,bene,season_004_ritter_der_tapukokosnuss,Ritter der Tapukokosnuss,ritter der tapukokosnuss,Regular Season,full_season,1,,,22,19,3,0,57,127,63,64,sheet_extracted,Full-season person stats from the final standings row.,https://docs.google.com/spreadsheets/d/1rZd3D0JRNj3lK0ZKdMXPLvCNBofRhFsvW0AlPuBk3VE/edit#gid=0
season_004,person_present,PresentLP,present,season_004_prekani,Prekani,prekani,Regular Season,full_season,2,,,22,16,6,0,48,113,81,32,sheet_extracted,Full-season person stats from the final standings row.,https://docs.google.com/spreadsheets/d/1rZd3D0JRNj3lK0ZKdMXPLvCNBofRhFsvW0AlPuBk3VE/edit#gid=0
season_004,person_minetube,Minetube,minetube,season_004_triyolotree,Triyolotree,triyolotree,Regular Season,full_season,3,,,22,12,9,1,37,102,97,5,sheet_extracted,Full-season person stats from the final standings row.,https://docs.google.com/spreadsheets/d/1rZd3D0JRNj3lK0ZKdMXPLvCNBofRhFsvW0AlPuBk3VE/edit#gid=0
season_004,person_regibang,RegiBang,regibang,season_004_flexing_masskito,Flexing Masskito,flexing masskito,Regular Season,full_season,4,,,22,12,10,0,36,104,93,11,sheet_extracted,Full-season person stats from the final standings row.,https://docs.google.com/spreadsheets/d/1rZd3D0JRNj3lK0ZKdMXPLvCNBofRhFsvW0AlPuBk3VE/edit#gid=0
season_004,person_lauris,Lauris,lauris,season_004_enteikutierung,Enteikutierung,enteikutierung,Regular Season,full_season,5,,,22,11,11,0,33,98,95,3,sheet_extracted,Full-season person stats from the final standings row.,https://docs.google.com/spreadsheets/d/1rZd3D0JRNj3lK0ZKdMXPLvCNBofRhFsvW0AlPuBk3VE/edit#gid=0
season_004,person_melevies,MeLevies,melevies,season_004_shocking_shaymins,Shocking Shaymins,shocking shaymins,Regular Season,full_season,6,,,22,10,11,1,31,106,102,4,sheet_extracted,Full-season person stats from the final standings row.,https://docs.google.com/spreadsheets/d/1rZd3D0JRNj3lK0ZKdMXPLvCNBofRhFsvW0AlPuBk3VE/edit#gid=0
season_004,person_fnupa,Cabgolord,fnupa,season_004_slicing_knights,Slicing Knights,slicing knights,Regular Season,full_season,7,,,22,10,12,0,30,91,104,-13,sheet_extracted,Full-season person stats from the final standings row.,https://docs.google.com/spreadsheets/d/1rZd3D0JRNj3lK0ZKdMXPLvCNBofRhFsvW0AlPuBk3VE/edit#gid=0
season_004,person_surskittv,SurskitTV,surskittv,season_004_surstars,Surstars,surstars,Regular Season,full_season,8,,,22,9,12,1,28,89,101,-12,sheet_extracted,Full-season person stats from the final standings row.,https://docs.google.com/spreadsheets/d/1rZd3D0JRNj3lK0ZKdMXPLvCNBofRhFsvW0AlPuBk3VE/edit#gid=0
season_004,person_captaincrinch,CaptainCrinch,captaincrinch,season_004_suicide_squad,Suicide Squad,suicide squad,Regular Season,full_season,9,,,22,9,13,0,27,90,102,-12,sheet_extracted,Full-season person stats from the final standings row.,https://docs.google.com/spreadsheets/d/1rZd3D0JRNj3lK0ZKdMXPLvCNBofRhFsvW0AlPuBk3VE/edit#gid=0
season_004,person_art_n_gaming,Art'n'Gaming,art n gaming,season_004_pyroars_of_the_carribean,Pyroars of the Carribean,pyroars of the carribean,Regular Season,full_season,10,,,22,9,13,0,26,87,112,-25,sheet_extracted,Full-season person stats from the final standings row.,https://docs.google.com/spreadsheets/d/1rZd3D0JRNj3lK0ZKdMXPLvCNBofRhFsvW0AlPuBk3VE/edit#gid=0
season_004,person_pokebazi,PokeBazi,pokebazi,season_004_schnittlauchs,Schnittlauchs,schnittlauchs,Regular Season,full_season,11,,,22,7,14,1,22,90,114,-24,sheet_extracted,Full-season person stats from the final standings row.,https://docs.google.com/spreadsheets/d/1rZd3D0JRNj3lK0ZKdMXPLvCNBofRhFsvW0AlPuBk3VE/edit#gid=0
season_004,person_crowdcontroller,CrowdController,crowdcontroller,season_004_variant_vulpix,Variant Vulpix,variant vulpix,Regular Season,full_season,12,,,22,6,16,0,18,78,113,-35,sheet_extracted,Full-season person stats from the final standings row.,https://docs.google.com/spreadsheets/d/1rZd3D0JRNj3lK0ZKdMXPLvCNBofRhFsvW0AlPuBk3VE/edit#gid=0
season_004,person_tabasco_tv,Tabasco TV,tabasco tv,season_004_insirnapes,Insirnapes,insirnapes,Liga 2,full_season,1,,,22,17,5,0,51,119,79,40,sheet_extracted,Full-season person stats from the final standings row.,https://docs.google.com/spreadsheets/d/1iwPqphIOO1ID-4NV3sv5CrIsmpQF-saq1sNE9Sxo9oE/edit#gid=0
season_004,person_professor_n,Professor N,professor n,season_004_bending_manaphys,Bending Manaphys,bending manaphys,Liga 2,full_season,2,,,22,16,6,0,48,120,85,35,sheet_extracted,Full-season person stats from the final standings row.,https://docs.google.com/spreadsheets/d/1iwPqphIOO1ID-4NV3sv5CrIsmpQF-saq1sNE9Sxo9oE/edit#gid=0
season_004,person_suishomaru,Suishomaru,suishomaru,season_004_crimson_sunrise,Crimson Sunrise,crimson sunrise,Liga 2,full_season,3,,,22,16,6,0,48,113,93,20,sheet_extracted,Full-season person stats from the final standings row.,https://docs.google.com/spreadsheets/d/1iwPqphIOO1ID-4NV3sv5CrIsmpQF-saq1sNE9Sxo9oE/edit#gid=0
season_004,person_glebber,Glebber,glebber,season_004_energie_tobutz,Energie Tobutz,energie tobutz,Liga 2,full_season,4,,,22,14,8,0,42,109,86,23,sheet_extracted,Full-season person stats from the final standings row.,https://docs.google.com/spreadsheets/d/1iwPqphIOO1ID-4NV3sv5CrIsmpQF-saq1sNE9Sxo9oE/edit#gid=0
season_004,person_bravebird,BraveBird,bravebird,season_004_talonflame_skyliners,Talonflame Skyliners,talonflame skyliners,Liga 2,full_season,5,,,22,13,9,0,39,116,103,13,sheet_extracted,Full-season person stats from the final standings row.,https://docs.google.com/spreadsheets/d/1iwPqphIOO1ID-4NV3sv5CrIsmpQF-saq1sNE9Sxo9oE/edit#gid=0
season_004,person_barry_d_sin_of_speed,Barry D. Sin of Speed,barry d sin of speed,season_004_marvelous_speedsters,Marvelous Speedsters,marvelous speedsters,Liga 2,full_season,6,,,22,12,9,1,37,108,102,6,sheet_extracted,Full-season person stats from the final standings row.,https://docs.google.com/spreadsheets/d/1iwPqphIOO1ID-4NV3sv5CrIsmpQF-saq1sNE9Sxo9oE/edit#gid=0
season_004,person_dauni_daunstar,Dauni,dauni daunstar,season_004_bloodrush_noivern,Bloodrush Noivern,bloodrush noivern,Liga 2,full_season,7,,,22,12,10,0,36,101,96,11,sheet_extracted,Full-season person stats from the final standings row.,https://docs.google.com/spreadsheets/d/1iwPqphIOO1ID-4NV3sv5CrIsmpQF-saq1sNE9Sxo9oE/edit#gid=0
season_004,person_themiifii,TheMiiFii,themiifii,season_004_dreaded_dittos,Dreaded Dittos,dreaded dittos,Liga 2,full_season,8,,,22,11,11,0,33,92,98,-6,sheet_extracted,Full-season person stats from the final standings row.,https://docs.google.com/spreadsheets/d/1iwPqphIOO1ID-4NV3sv5CrIsmpQF-saq1sNE9Sxo9oE/edit#gid=0
season_004,person_leinux,Leinux,leinux,season_004_meowseyside,Meowseyside,meowseyside,Liga 2,full_season,9,,,22,6,16,0,18,79,111,-32,sheet_extracted,Full-season person stats from the final standings row.,https://docs.google.com/spreadsheets/d/1iwPqphIOO1ID-4NV3sv5CrIsmpQF-saq1sNE9Sxo9oE/edit#gid=0
season_004,person_scoutley,Scoutley,scoutley,season_004_penguin_squad,Penguin Squad,penguin squad,Liga 2,full_season,10,,,22,5,16,1,16,81,124,-42,sheet_extracted,Full-season person stats from the final standings row.,https://docs.google.com/spreadsheets/d/1iwPqphIOO1ID-4NV3sv5CrIsmpQF-saq1sNE9Sxo9oE/edit#gid=0
season_004,person_blacklink,BlackLink,blacklink,season_004_silver_fang,Silver Fang,silver fang,Liga 2,full_season,11,,,22,5,17,0,15,87,123,-36,sheet_extracted,Full-season person stats from the final standings row.,https://docs.google.com/spreadsheets/d/1iwPqphIOO1ID-4NV3sv5CrIsmpQF-saq1sNE9Sxo9oE/edit#gid=0
season_004,person_asalakoren,Asalakoren,asalakoren,season_004_azumarines,Azumarines,azumarines,Liga 2,full_season,12,,,22,4,18,0,12,90,113,-23,sheet_extracted,Full-season person stats from the final standings row.,https://docs.google.com/spreadsheets/d/1iwPqphIOO1ID-4NV3sv5CrIsmpQF-saq1sNE9Sxo9oE/edit#gid=0
season_005,person_lauris,Lauris,lauris,season_005_shockwaving_magearnas,Shockwaving Magearnas,shockwaving magearnas,Liga 1,full_season,1,,,22,19,3,0,57,121,69,52,sheet_extracted,Full-season person stats from the final standings row.,https://docs.google.com/spreadsheets/d/1nONaKwJcrN04APGKN-HrZ8yavwZdFkfnaA59Zp1sdBU/edit#gid=1708603996
season_005,person_bene,Bene,bene,season_005_victini_bottom,Victini Bottom,victini bottom,Liga 1,full_season,2,,,22,16,6,0,48,115,73,37,sheet_extracted,Full-season person stats from the final standings row.,https://docs.google.com/spreadsheets/d/1nONaKwJcrN04APGKN-HrZ8yavwZdFkfnaA59Zp1sdBU/edit#gid=1708603996
season_005,person_present,PresentLP,present,season_005_prekani,Prekani,prekani,Liga 1,full_season,3,,,22,13,9,0,39,106,93,13,sheet_extracted,Full-season person stats from the final standings row.,https://docs.google.com/spreadsheets/d/1nONaKwJcrN04APGKN-HrZ8yavwZdFkfnaA59Zp1sdBU/edit#gid=1708603996
season_005,person_captaincrinch,CaptainCrinch,captaincrinch,season_005_crinchilla,Crinchilla,crinchilla,Liga 1,full_season,4,,,22,12,10,0,36,101,89,12,sheet_extracted,Full-season person stats from the final standings row.,https://docs.google.com/spreadsheets/d/1nONaKwJcrN04APGKN-HrZ8yavwZdFkfnaA59Zp1sdBU/edit#gid=1708603996
season_005,person_professor_n,Professor N,professor n,season_005_howling_commandos,Howling Commandos,howling commandos,Liga 1,full_season,5,,,22,12,10,0,36,105,94,11,sheet_extracted,Full-season person stats from the final standings row.,https://docs.google.com/spreadsheets/d/1nONaKwJcrN04APGKN-HrZ8yavwZdFkfnaA59Zp1sdBU/edit#gid=1708603996
season_005,person_glebber,glebber,glebber,season_005_energie_tobutz,Energie Tobutz,energie tobutz,Liga 1,full_season,6,,,22,12,10,0,36,103,100,3,sheet_extracted,Full-season person stats from the final standings row.,https://docs.google.com/spreadsheets/d/1nONaKwJcrN04APGKN-HrZ8yavwZdFkfnaA59Zp1sdBU/edit#gid=1708603996
season_005,person_barry_d_sin_of_speed,Barry D. Sin of Speed,barry d sin of speed,season_005_marvelous_speedsters,Marvelous Speedsters,marvelous speedsters,Liga 1,full_season,7,,,22,10,11,1,31,94,103,-9,sheet_extracted,Full-season person stats from the final standings row.,https://docs.google.com/spreadsheets/d/1nONaKwJcrN04APGKN-HrZ8yavwZdFkfnaA59Zp1sdBU/edit#gid=1708603996
season_005,person_raizor,Raizor,raizor,season_005_soulstealer,Soulstealer,soulstealer,Liga 1,full_season,8,,,22,9,13,0,27,97,100,-3,sheet_extracted,Full-season person stats from the final standings row.,https://docs.google.com/spreadsheets/d/1nONaKwJcrN04APGKN-HrZ8yavwZdFkfnaA59Zp1sdBU/edit#gid=1708603996
season_005,person_minetube,Minetube,minetube,season_005_triyolotree,Triyolotree,triyolotree,Liga 1,full_season,9,,,22,9,13,0,27,94,111,-17,sheet_extracted,Full-season person stats from the final standings row.,https://docs.google.com/spreadsheets/d/1nONaKwJcrN04APGKN-HrZ8yavwZdFkfnaA59Zp1sdBU/edit#gid=1708603996
season_005,person_art_n_gaming,Art'n'Gaming,art n gaming,season_005_little_litleos,Little Litleos*,little litleos,Liga 1,full_season,11,,,22,6,16,0,18,78,119,-41,sheet_extracted,Full-season person stats from the final standings row.,https://docs.google.com/spreadsheets/d/1nONaKwJcrN04APGKN-HrZ8yavwZdFkfnaA59Zp1sdBU/edit#gid=1708603996
season_005,person_fnupa,Cabgolord,fnupa,season_005_cabgosport,Cabgosport,cabgosport,Liga 1,full_season,12,,,22,5,17,0,15,77,118,-41,sheet_extracted,Full-season person stats from the final standings row.,https://docs.google.com/spreadsheets/d/1nONaKwJcrN04APGKN-HrZ8yavwZdFkfnaA59Zp1sdBU/edit#gid=1708603996
season_005,person_belmontgabriel,BelmontGabriel,belmontgabriel,season_005_symphonic_swellow,Symphonic Swellow,symphonic swellow,Liga 2,full_season,1,,,22,18,4,0,54,121,67,54,sheet_extracted,Full-season person stats from the final standings row.,https://docs.google.com/spreadsheets/d/1Jej38dwkqOARMHvKaUfQeHME0pLqP9GE6vPZQMUxMcg/edit#gid=1613120774
season_005,person_elektechn9ne,ElektechN9ne,elektechn9ne,season_005_elekid_s_club,Elekid's Club,elekid s club,Liga 2,full_season,2,,,22,17,5,0,51,115,83,32,sheet_extracted,Full-season person stats from the final standings row.,https://docs.google.com/spreadsheets/d/1Jej38dwkqOARMHvKaUfQeHME0pLqP9GE6vPZQMUxMcg/edit#gid=1613120774
season_005,person_bravebird,BraveBird,bravebird,season_005_brazilliant,Brazilliant,brazilliant,Liga 2,full_season,3,,,22,14,8,0,42,105,97,7,sheet_extracted,Full-season person stats from the final standings row.,https://docs.google.com/spreadsheets/d/1Jej38dwkqOARMHvKaUfQeHME0pLqP9GE6vPZQMUxMcg/edit#gid=1613120774
season_005,person_blacklink,BlackLink,blacklink,season_005_stardew_silvally,Stardew Silvally,stardew silvally,Liga 2,full_season,4,,,22,13,9,0,39,108,94,14,sheet_extracted,Full-season person stats from the final standings row.,https://docs.google.com/spreadsheets/d/1Jej38dwkqOARMHvKaUfQeHME0pLqP9GE6vPZQMUxMcg/edit#gid=1613120774
season_005,person_dauni_daunstar,Dauni,dauni daunstar,season_005_wild_west_style,Wild West Style,wild west style,Liga 2,full_season,5,,,22,11,11,0,33,102,99,3,sheet_extracted,Full-season person stats from the final standings row.,https://docs.google.com/spreadsheets/d/1Jej38dwkqOARMHvKaUfQeHME0pLqP9GE6vPZQMUxMcg/edit#gid=1613120774
season_005,person_crowdcontroller,CrowdController,crowdcontroller,season_005_lax_litwick,Lax Litwick,lax litwick,Liga 2,full_season,6,,,22,11,11,0,33,106,108,-3,sheet_extracted,Full-season person stats from the final standings row.,https://docs.google.com/spreadsheets/d/1Jej38dwkqOARMHvKaUfQeHME0pLqP9GE6vPZQMUxMcg/edit#gid=1613120774
season_005,person_stratocopter_tv,Stratocopter TV,stratocopter tv,season_005_crustle_crusaders,Crustle Crusaders,crustle crusaders,Liga 2,full_season,7,,,22,10,12,0,30,92,94,-2,sheet_extracted,Full-season person stats from the final standings row.,https://docs.google.com/spreadsheets/d/1Jej38dwkqOARMHvKaUfQeHME0pLqP9GE6vPZQMUxMcg/edit#gid=1613120774
season_005,person_pokebazi,PokeBazi,pokebazi,season_005_krebuknackis,Krebuknackis,krebuknackis,Liga 2,full_season,8,,,22,10,12,0,30,96,104,-8,sheet_extracted,Full-season person stats from the final standings row.,https://docs.google.com/spreadsheets/d/1Jej38dwkqOARMHvKaUfQeHME0pLqP9GE6vPZQMUxMcg/edit#gid=1613120774
season_005,person_craycom,Craycom,craycom,season_005_weavile_ga_kill,Weavile Ga Kill,weavile ga kill,Liga 2,full_season,9,,,22,9,13,0,27,91,107,-16,sheet_extracted,Full-season person stats from the final standings row.,https://docs.google.com/spreadsheets/d/1Jej38dwkqOARMHvKaUfQeHME0pLqP9GE6vPZQMUxMcg/edit#gid=1613120774
season_005,person_oktopaul,Oktopaul,oktopaul,season_005_goofy_gufas,Goofy Gufas,goofy gufas,Liga 2,full_season,10,,,22,8,14,0,24,91,115,-24,sheet_extracted,Full-season person stats from the final standings row.,https://docs.google.com/spreadsheets/d/1Jej38dwkqOARMHvKaUfQeHME0pLqP9GE6vPZQMUxMcg/edit#gid=1613120774
season_005,person_scoutley,Scoutley,scoutley,season_005_goetterboten,Götterboten,goetterboten,Liga 2,full_season,11,,,22,6,16,0,18,84,114,-30,sheet_extracted,Full-season person stats from the final standings row.,https://docs.google.com/spreadsheets/d/1Jej38dwkqOARMHvKaUfQeHME0pLqP9GE6vPZQMUxMcg/edit#gid=1613120774
season_005,person_asalakoren,Asalakoren,asalakoren,season_005_thrillerbark,Thrillerbark,thrillerbark,Liga 2,full_season,12,,,22,5,17,0,15,87,116,-29,sheet_extracted,Full-season person stats from the final standings row.,https://docs.google.com/spreadsheets/d/1Jej38dwkqOARMHvKaUfQeHME0pLqP9GE6vPZQMUxMcg/edit#gid=1613120774
season_005,person_tabasco_tv,Tabasco TV,tabasco tv,season_005_aggron_successors,Aggron Successors*,aggron successors,Liga 1,controller_stint,10,1,5,5,1,3,1,4,,,,user_provided,Controller correction: Tabasco TV led Aggron Successors through Spieltag 5 before Parsifani took over.,https://docs.google.com/spreadsheets/d/1nONaKwJcrN04APGKN-HrZ8yavwZdFkfnaA59Zp1sdBU/edit#gid=1708603996;https://docs.google.com/spreadsheets/d/1nONaKwJcrN04APGKN-HrZ8yavwZdFkfnaA59Zp1sdBU/edit#gid=405850997
season_005,person_parsifani,Parsifani,parsifani,season_005_aggron_successors,Aggron Successors*,aggron successors,Liga 1,controller_stint,10,6,22,17,7,10,0,21,,,,user_provided,Controller correction: Parsifani led Aggron Successors from Spieltag 6 onward.,https://docs.google.com/spreadsheets/d/1nONaKwJcrN04APGKN-HrZ8yavwZdFkfnaA59Zp1sdBU/edit#gid=1708603996;https://docs.google.com/spreadsheets/d/1nONaKwJcrN04APGKN-HrZ8yavwZdFkfnaA59Zp1sdBU/edit#gid=405850997
season_006,person_pokebazi,PokeBazi,pokebazi,season_006_pokebassis,Pokebassis,pokebassis,Sun Conference,full_season,1,,,11,9,2,0,27,61,38,23,sheet_extracted,Full-season person stats from the final standings row.,https://docs.google.com/spreadsheets/d/11wxsKyCydVmDjp4kGLJAOLPM_LgwCLN2GYpbDQkNtkk/edit#gid=1532844442
season_006,person_barry_d_sin_of_speed,Barry D. Sin of Speed,barry d sin of speed,season_006_nova_dragons,Nova Dragons,nova dragons,Sun Conference,full_season,2,,,11,8,3,0,24,60,30,30,sheet_extracted,Full-season person stats from the final standings row.,https://docs.google.com/spreadsheets/d/11wxsKyCydVmDjp4kGLJAOLPM_LgwCLN2GYpbDQkNtkk/edit#gid=1532844442
season_006,person_maxi_von_vogel,Maxi von Vogel,maxi von vogel,season_006_youngstars,Youngstars,youngstars,Sun Conference,full_season,3,,,11,8,3,0,24,58,40,18,sheet_extracted,Full-season person stats from the final standings row.,https://docs.google.com/spreadsheets/d/11wxsKyCydVmDjp4kGLJAOLPM_LgwCLN2GYpbDQkNtkk/edit#gid=1532844442
season_006,person_present,PresentLP,present,season_006_prekani,Prekani,prekani,Sun Conference,full_season,4,,,11,8,3,0,24,56,42,14,sheet_extracted,Full-season person stats from the final standings row.,https://docs.google.com/spreadsheets/d/11wxsKyCydVmDjp4kGLJAOLPM_LgwCLN2GYpbDQkNtkk/edit#gid=1532844442
season_006,person_lauris,Lauris,lauris,season_006_schleudergang,Schleudergang,schleudergang,Sun Conference,full_season,5,,,11,7,4,0,21,53,40,13,sheet_extracted,Full-season person stats from the final standings row.,https://docs.google.com/spreadsheets/d/11wxsKyCydVmDjp4kGLJAOLPM_LgwCLN2GYpbDQkNtkk/edit#gid=1532844442
season_006,person_minetube,Minetube,minetube,season_006_triyolotree,Triyolotree,triyolotree,Sun Conference,full_season,6,,,11,6,5,0,18,46,53,-7,sheet_extracted,Full-season person stats from the final standings row.,https://docs.google.com/spreadsheets/d/11wxsKyCydVmDjp4kGLJAOLPM_LgwCLN2GYpbDQkNtkk/edit#gid=1532844442
season_006,person_blacklink,BlackLink,blacklink,season_006_majora_s_maskeregen,Majora's Maskeregen,majora s maskeregen,Sun Conference,full_season,7,,,11,5,6,0,15,51,55,-4,sheet_extracted,Full-season person stats from the final standings row.,https://docs.google.com/spreadsheets/d/11wxsKyCydVmDjp4kGLJAOLPM_LgwCLN2GYpbDQkNtkk/edit#gid=1532844442
season_006,person_parsifani,Parsifani,parsifani,season_006_mythical_fighterz,Mythical FighterZ,mythical fighterz,Sun Conference,full_season,8,,,11,5,6,0,15,47,54,-7,sheet_extracted,Full-season person stats from the final standings row.,https://docs.google.com/spreadsheets/d/11wxsKyCydVmDjp4kGLJAOLPM_LgwCLN2GYpbDQkNtkk/edit#gid=1532844442
season_006,person_raizor,Raizor,raizor,season_006_soulstealer,Soulstealer,soulstealer,Sun Conference,full_season,9,,,11,3,8,0,9,41,55,-14,sheet_extracted,Full-season person stats from the final standings row.,https://docs.google.com/spreadsheets/d/11wxsKyCydVmDjp4kGLJAOLPM_LgwCLN2GYpbDQkNtkk/edit#gid=1532844442
season_006,person_hydronic,Hydronic,hydronic,season_006_grippebaerchen,Grippebärchen,grippebaerchen,Sun Conference,full_season,10,,,11,3,8,0,9,38,53,-15,sheet_extracted,Full-season person stats from the final standings row.,https://docs.google.com/spreadsheets/d/11wxsKyCydVmDjp4kGLJAOLPM_LgwCLN2GYpbDQkNtkk/edit#gid=1532844442
season_006,person_asalakoren,Asalakoren,asalakoren,season_006_absolutism,Absolutism,absolutism,Sun Conference,full_season,11,,,11,2,9,0,6,37,61,-24,sheet_extracted,Full-season person stats from the final standings row.,https://docs.google.com/spreadsheets/d/11wxsKyCydVmDjp4kGLJAOLPM_LgwCLN2GYpbDQkNtkk/edit#gid=1532844442
season_006,person_scoutley,Scoutley,scoutley,season_006_rising_delibirds,Rising Delibirds,rising delibirds,Sun Conference,full_season,12,,,11,2,9,0,6,31,58,-27,sheet_extracted,Full-season person stats from the final standings row.,https://docs.google.com/spreadsheets/d/11wxsKyCydVmDjp4kGLJAOLPM_LgwCLN2GYpbDQkNtkk/edit#gid=1532844442
season_006,person_art_n_gaming,Art'n'Gaming,art n gaming,season_006_little_litleos,Little Litleos,little litleos,Moon Conference,full_season,1,,,11,8,2,1,25,58,48,10,sheet_extracted,Full-season person stats from the final standings row.,https://docs.google.com/spreadsheets/d/11wxsKyCydVmDjp4kGLJAOLPM_LgwCLN2GYpbDQkNtkk/edit#gid=483990761
season_006,person_dauni_daunstar,Dauni,dauni daunstar,season_006_lazycakes,Lazycakes,lazycakes,Moon Conference,full_season,2,,,11,8,3,0,24,58,38,20,sheet_extracted,Full-season person stats from the final standings row.,https://docs.google.com/spreadsheets/d/11wxsKyCydVmDjp4kGLJAOLPM_LgwCLN2GYpbDQkNtkk/edit#gid=483990761
season_006,person_bene,Bene,bene,season_006_kleinsteins_gate,Kleinsteins;Gate,kleinsteins gate,Moon Conference,full_season,3,,,11,7,3,1,22,58,40,18,sheet_extracted,Full-season person stats from the final standings row.,https://docs.google.com/spreadsheets/d/11wxsKyCydVmDjp4kGLJAOLPM_LgwCLN2GYpbDQkNtkk/edit#gid=483990761
season_006,person_elektechn9ne,ElektechN9ne,elektechn9ne,season_006_elekids_club,Elekids Club,elekids club,Moon Conference,full_season,4,,,11,7,4,0,21,53,42,11,sheet_extracted,Full-season person stats from the final standings row.,https://docs.google.com/spreadsheets/d/11wxsKyCydVmDjp4kGLJAOLPM_LgwCLN2GYpbDQkNtkk/edit#gid=483990761
season_006,person_belmontgabriel,BelmontGabriel,belmontgabriel,season_006_niemandsland,Niemandsland,niemandsland,Moon Conference,full_season,5,,,11,6,5,0,18,55,44,11,sheet_extracted,Full-season person stats from the final standings row.,https://docs.google.com/spreadsheets/d/11wxsKyCydVmDjp4kGLJAOLPM_LgwCLN2GYpbDQkNtkk/edit#gid=483990761
season_006,person_tabasco_tv,Tabasco TV,tabasco tv,season_006_aggron_berlin,Aggron Berlin,aggron berlin,Moon Conference,full_season,6,,,11,6,5,0,18,53,46,7,sheet_extracted,Full-season person stats from the final standings row.,https://docs.google.com/spreadsheets/d/11wxsKyCydVmDjp4kGLJAOLPM_LgwCLN2GYpbDQkNtkk/edit#gid=483990761
season_006,person_nestfloh,Nestfloh,nestfloh,season_006_flutschige_zaepfchen,Flutschige Zäpfchen,flutschige zaepfchen,Moon Conference,full_season,7,,,11,6,5,0,18,50,45,5,sheet_extracted,Full-season person stats from the final standings row.,https://docs.google.com/spreadsheets/d/11wxsKyCydVmDjp4kGLJAOLPM_LgwCLN2GYpbDQkNtkk/edit#gid=483990761
season_006,person_regibang,RegiBang,regibang,season_006_tectass_toppas,Tectass Toppas,tectass toppas,Moon Conference,full_season,8,,,11,4,6,1,12,48,54,-6,sheet_extracted,Full-season person stats from the final standings row.,https://docs.google.com/spreadsheets/d/11wxsKyCydVmDjp4kGLJAOLPM_LgwCLN2GYpbDQkNtkk/edit#gid=483990761
season_006,person_captaincrinch,CaptainCrinch,captaincrinch,season_006_crinchilla,Crinchilla,crinchilla,Moon Conference,full_season,9,,,11,4,7,0,12,39,50,-11,sheet_extracted,Full-season person stats from the final standings row.,https://docs.google.com/spreadsheets/d/11wxsKyCydVmDjp4kGLJAOLPM_LgwCLN2GYpbDQkNtkk/edit#gid=483990761
season_006,person_stratocopter_tv,Stratocopter TV,stratocopter tv,season_006_crustle_crusaders,Crustle Crusaders,crustle crusaders,Moon Conference,full_season,10,,,11,3,7,1,10,46,53,-7,sheet_extracted,Full-season person stats from the final standings row.,https://docs.google.com/spreadsheets/d/11wxsKyCydVmDjp4kGLJAOLPM_LgwCLN2GYpbDQkNtkk/edit#gid=483990761
season_006,person_fnupa,Cabgolord,fnupa,season_006_blades_enforcer,Blades Enforcer,blades enforcer,Moon Conference,full_season,11,,,11,3,8,0,9,34,58,-24,sheet_extracted,Full-season person stats from the final standings row.,https://docs.google.com/spreadsheets/d/11wxsKyCydVmDjp4kGLJAOLPM_LgwCLN2GYpbDQkNtkk/edit#gid=483990761
season_006,person_craycom,Craycom,craycom,season_006_strubbelohr_bande,Strubbelohr Bande,strubbelohr bande,Moon Conference,full_season,12,,,11,2,9,0,6,32,61,-29,sheet_extracted,Full-season person stats from the final standings row.,https://docs.google.com/spreadsheets/d/11wxsKyCydVmDjp4kGLJAOLPM_LgwCLN2GYpbDQkNtkk/edit#gid=483990761
season_007,person_nestfloh,Nestfloh,nestfloh,season_007_flutschige_zaepfchen,Flutschige Zäpfchen,flutschige zaepfchen,Regular Season,full_season,1,,,13,11,2,0,33,70,40,30,sheet_extracted,Full-season person stats from the final standings row.,https://docs.google.com/spreadsheets/d/1nwiq_ggEj7QePeZGMR2xoi0bEHJr_ZGO24YCRdt93No/edit#gid=1953934700
season_007,person_dauni_daunstar,Dauni,dauni daunstar,season_007_milchbubis,Milchbubis,milchbubis,Regular Season,full_season,2,,,13,11,2,0,33,72,48,24,sheet_extracted,Full-season person stats from the final standings row.,https://docs.google.com/spreadsheets/d/1nwiq_ggEj7QePeZGMR2xoi0bEHJr_ZGO24YCRdt93No/edit#gid=1953934700
season_007,person_regibang,RegiBang,regibang,season_007_launching_dragapults,Launching Dragapults,launching dragapults,Regular Season,full_season,3,,,13,9,4,0,27,63,54,9,sheet_extracted,Full-season person stats from the final standings row.,https://docs.google.com/spreadsheets/d/1nwiq_ggEj7QePeZGMR2xoi0bEHJr_ZGO24YCRdt93No/edit#gid=1953934700
season_007,person_tabasco_tv,Tabasco TV,tabasco tv,season_007_aggron_berlin,Aggron Berlin,aggron berlin,Regular Season,full_season,4,,,13,8,5,0,24,60,49,11,sheet_extracted,Full-season person stats from the final standings row.,https://docs.google.com/spreadsheets/d/1nwiq_ggEj7QePeZGMR2xoi0bEHJr_ZGO24YCRdt93No/edit#gid=1953934700
season_007,person_bene,Bene,bene,season_007_riffex_pontifex,Riffex Pontifex,riffex pontifex,Regular Season,full_season,5,,,13,7,6,0,21,58,55,3,sheet_extracted,Full-season person stats from the final standings row.,https://docs.google.com/spreadsheets/d/1nwiq_ggEj7QePeZGMR2xoi0bEHJr_ZGO24YCRdt93No/edit#gid=1953934700
season_007,person_pokebazi,PokeBazi,pokebazi,season_007_therapiepi,Therapiepi,therapiepi,Regular Season,full_season,6,,,13,6,7,0,18,62,55,7,sheet_extracted,Full-season person stats from the final standings row.,https://docs.google.com/spreadsheets/d/1nwiq_ggEj7QePeZGMR2xoi0bEHJr_ZGO24YCRdt93No/edit#gid=1953934700
season_007,person_present,PresentLP,present,season_007_prekaknight,PrekaKnight,prekaknight,Regular Season,full_season,7,,,13,6,7,0,18,63,59,4,sheet_extracted,Full-season person stats from the final standings row.,https://docs.google.com/spreadsheets/d/1nwiq_ggEj7QePeZGMR2xoi0bEHJr_ZGO24YCRdt93No/edit#gid=1953934700
season_007,person_hydronic,Hydronic,hydronic,season_007_baltoy_story,Baltoy Story,baltoy story,Regular Season,full_season,8,,,13,6,7,0,18,56,63,-7,sheet_extracted,Full-season person stats from the final standings row.,https://docs.google.com/spreadsheets/d/1nwiq_ggEj7QePeZGMR2xoi0bEHJr_ZGO24YCRdt93No/edit#gid=1953934700
season_007,person_elektechn9ne,ElektechN9ne,elektechn9ne,season_007_elekids_club,Elekids Club,elekids club,Regular Season,full_season,9,,,13,6,7,0,18,48,60,-12,sheet_extracted,Full-season person stats from the final standings row.,https://docs.google.com/spreadsheets/d/1nwiq_ggEj7QePeZGMR2xoi0bEHJr_ZGO24YCRdt93No/edit#gid=1953934700
season_007,person_belmontgabriel,BelmontGabriel,belmontgabriel,season_007_igalima_impoleon,Igalima Impoleon,igalima impoleon,Regular Season,full_season,10,,,13,5,8,0,15,54,68,-14,sheet_extracted,Full-season person stats from the final standings row.,https://docs.google.com/spreadsheets/d/1nwiq_ggEj7QePeZGMR2xoi0bEHJr_ZGO24YCRdt93No/edit#gid=1953934700
season_007,person_blacklink,BlackLink,blacklink,season_007_nose_to_order,Nose to Order,nose to order,Regular Season,full_season,11,,,13,4,9,0,12,58,71,-13,sheet_extracted,Full-season person stats from the final standings row.,https://docs.google.com/spreadsheets/d/1nwiq_ggEj7QePeZGMR2xoi0bEHJr_ZGO24YCRdt93No/edit#gid=1953934700
season_007,person_raizor,Raizor,raizor,season_007_soulstealer,Soulstealer,soulstealer,Regular Season,full_season,12,,,13,4,9,0,12,55,69,-14,sheet_extracted,Full-season person stats from the final standings row.,https://docs.google.com/spreadsheets/d/1nwiq_ggEj7QePeZGMR2xoi0bEHJr_ZGO24YCRdt93No/edit#gid=1953934700
season_007,person_barry_d_sin_of_speed,Barry D. Sin of Speed,barry d sin of speed,season_007_skywalking_zacians,Skywalking Zacians,skywalking zacians,Regular Season,full_season,13,,,13,4,9,0,12,51,65,-14,sheet_extracted,Full-season person stats from the final standings row.,https://docs.google.com/spreadsheets/d/1nwiq_ggEj7QePeZGMR2xoi0bEHJr_ZGO24YCRdt93No/edit#gid=1953934700
season_007,person_captaincrinch,CaptainCrinch,captaincrinch,season_007_crinchilla,Crinchilla,crinchilla,Regular Season,full_season,14,,,13,4,9,0,12,50,65,-15,sheet_extracted,Full-season person stats from the final standings row.,https://docs.google.com/spreadsheets/d/1nwiq_ggEj7QePeZGMR2xoi0bEHJr_ZGO24YCRdt93No/edit#gid=1953934700
season_008,person_bene,Bene,bene,season_008_victini_bottom,Victini Bottom,victini bottom,Liga 1,full_season,1,,,14,13,1,0,39,80,41,39,sheet_extracted,Full-season person stats from the final standings row.,https://docs.google.com/spreadsheets/d/1B2uTMvWlAHb7WlpupJV1A2Hbi3K3U1vCyoFV0wCapcw/edit#gid=1953934700
season_008,person_nestfloh,Nestfloh,nestfloh,season_008_flutschige_zaepfchen,Flutschige Zäpfchen,flutschige zaepfchen,Liga 1,full_season,2,,,14,8,6,0,24,70,59,11,sheet_extracted,Full-season person stats from the final standings row.,https://docs.google.com/spreadsheets/d/1B2uTMvWlAHb7WlpupJV1A2Hbi3K3U1vCyoFV0wCapcw/edit#gid=1953934700
season_008,person_present,PresentLP,present,season_008_prekani,Prekani,prekani,Liga 1,full_season,3,,,14,7,7,0,21,69,66,3,sheet_extracted,Full-season person stats from the final standings row.,https://docs.google.com/spreadsheets/d/1B2uTMvWlAHb7WlpupJV1A2Hbi3K3U1vCyoFV0wCapcw/edit#gid=1953934700
season_008,person_dauni_daunstar,Dauni,dauni daunstar,season_008_glueckspilze,Glückspilze,glueckspilze,Liga 1,full_season,4,,,14,7,7,0,21,67,72,-5,sheet_extracted,Full-season person stats from the final standings row.,https://docs.google.com/spreadsheets/d/1B2uTMvWlAHb7WlpupJV1A2Hbi3K3U1vCyoFV0wCapcw/edit#gid=1953934700
season_008,person_belmontgabriel,BelmontGabriel,belmontgabriel,season_008_igalima_impoleon,Igalima Impoleon,igalima impoleon,Liga 1,full_season,5,,,14,6,8,0,18,59,62,-3,sheet_extracted,Full-season person stats from the final standings row.,https://docs.google.com/spreadsheets/d/1B2uTMvWlAHb7WlpupJV1A2Hbi3K3U1vCyoFV0wCapcw/edit#gid=1953934700
season_008,person_elektechn9ne,ElektechN9ne,elektechn9ne,season_008_elekids_club,Elekids Club,elekids club,Liga 1,full_season,6,,,14,6,8,0,18,56,66,-10,sheet_extracted,Full-season person stats from the final standings row.,https://docs.google.com/spreadsheets/d/1B2uTMvWlAHb7WlpupJV1A2Hbi3K3U1vCyoFV0wCapcw/edit#gid=1953934700
season_008,person_hydronic,Hydronic,hydronic,season_008_arktipico,Arktipico,arktipico,Liga 1,full_season,7,,,14,5,9,0,15,53,67,-14,sheet_extracted,Full-season person stats from the final standings row.,https://docs.google.com/spreadsheets/d/1B2uTMvWlAHb7WlpupJV1A2Hbi3K3U1vCyoFV0wCapcw/edit#gid=1953934700
season_008,person_regibang,RegiBang,regibang,season_008_pillar_mons,Pillar Mons,pillar mons,Liga 1,full_season,8,,,14,4,10,0,12,53,74,-21,sheet_extracted,Full-season person stats from the final standings row.,https://docs.google.com/spreadsheets/d/1B2uTMvWlAHb7WlpupJV1A2Hbi3K3U1vCyoFV0wCapcw/edit#gid=1953934700
season_008,person_king_blex,KingBlex,king blex,season_008_end_level_hydreigon,End Level Hydreigon,end level hydreigon,Liga 2,full_season,1,,,14,10,4,0,30,75,48,27,sheet_extracted,Full-season person stats from the final standings row.,https://docs.google.com/spreadsheets/d/1B2uTMvWlAHb7WlpupJV1A2Hbi3K3U1vCyoFV0wCapcw/edit#gid=419572953
season_008,person_blocki,Blocki,blocki,season_008_kastanienbomber,Kastanienbomber,kastanienbomber,Liga 2,full_season,2,,,14,9,5,0,27,68,65,3,sheet_extracted,Full-season person stats from the final standings row.,https://docs.google.com/spreadsheets/d/1B2uTMvWlAHb7WlpupJV1A2Hbi3K3U1vCyoFV0wCapcw/edit#gid=419572953
season_008,person_barry_d_sin_of_speed,Barry D. Sin of Speed,barry d sin of speed,season_008_holy_fairies,Holy Fairies,holy fairies,Liga 2,full_season,3,,,14,7,7,0,21,65,63,2,sheet_extracted,Full-season person stats from the final standings row.,https://docs.google.com/spreadsheets/d/1B2uTMvWlAHb7WlpupJV1A2Hbi3K3U1vCyoFV0wCapcw/edit#gid=419572953
season_008,person_maxi_von_vogel,Maxi von Vogel,maxi von vogel,season_008_rexcalybur,Rexcalybur,rexcalybur,Liga 2,full_season,3,,,14,7,7,0,21,65,63,2,sheet_extracted,Full-season person stats from the final standings row.,https://docs.google.com/spreadsheets/d/1B2uTMvWlAHb7WlpupJV1A2Hbi3K3U1vCyoFV0wCapcw/edit#gid=419572953
season_008,person_blacklink,BlackLink,blacklink,season_008_abyssal_nightmare,Abyssal Nightmare,abyssal nightmare,Liga 2,full_season,5,,,14,7,7,0,21,63,65,-2,sheet_extracted,Full-season person stats from the final standings row.,https://docs.google.com/spreadsheets/d/1B2uTMvWlAHb7WlpupJV1A2Hbi3K3U1vCyoFV0wCapcw/edit#gid=419572953
season_008,person_raizor,Raizor,raizor,season_008_soulstealer,Soulstealer,soulstealer,Liga 2,full_season,6,,,14,7,7,0,21,61,64,-3,sheet_extracted,Full-season person stats from the final standings row.,https://docs.google.com/spreadsheets/d/1B2uTMvWlAHb7WlpupJV1A2Hbi3K3U1vCyoFV0wCapcw/edit#gid=419572953
season_008,person_og_dnz,OGDNZ,og dnz,season_008_chasing_cinderaces,Chasing Cinderaces,chasing cinderaces,Liga 2,full_season,7,,,14,6,8,0,18,58,60,-2,sheet_extracted,Full-season person stats from the final standings row.,https://docs.google.com/spreadsheets/d/1B2uTMvWlAHb7WlpupJV1A2Hbi3K3U1vCyoFV0wCapcw/edit#gid=419572953
season_008,person_pokgalaxy,Pokgalaxy,pokgalaxy,season_008_issotop,Issotop,issotop,Liga 2,full_season,8,,,14,3,11,0,9,50,77,-27,sheet_extracted,Full-season person stats from the final standings row.,https://docs.google.com/spreadsheets/d/1B2uTMvWlAHb7WlpupJV1A2Hbi3K3U1vCyoFV0wCapcw/edit#gid=419572953
season_009,person_dauni_daunstar,Dauni,dauni daunstar,season_009_scherzkekse,Scherzkekse,scherzkekse,Singles,full_season,2,,,14,9,5,0,27,77,55,22,sheet_extracted,Full-season person stats from the final standings row.,https://docs.google.com/spreadsheets/d/1uo7-E_E2jbehB2hbBurpPayP_0fKY5sPZcFgZmfLydY/edit#gid=1993336510
season_009,person_blocki,Blocki,blocki,season_009_voltwizards,Voltwizards,voltwizards,Singles,full_season,3,,,14,7,7,0,21,57,58,-1,sheet_extracted,Full-season person stats from the final standings row.,https://docs.google.com/spreadsheets/d/1uo7-E_E2jbehB2hbBurpPayP_0fKY5sPZcFgZmfLydY/edit#gid=1993336510
season_009,person_present,PresentLP,present,season_009_soulblaze,Soulblaze,soulblaze,Singles,full_season,4,,,14,7,7,0,21,67,70,-3,sheet_extracted,Full-season person stats from the final standings row.,https://docs.google.com/spreadsheets/d/1uo7-E_E2jbehB2hbBurpPayP_0fKY5sPZcFgZmfLydY/edit#gid=1993336510
season_009,person_king_blex,KingBlex,king blex,season_009_toon_world,Toon World,toon world,Singles,full_season,5,,,14,7,7,0,21,59,62,-3,sheet_extracted,Full-season person stats from the final standings row.,https://docs.google.com/spreadsheets/d/1uo7-E_E2jbehB2hbBurpPayP_0fKY5sPZcFgZmfLydY/edit#gid=1993336510
season_009,person_maxi_von_vogel,Maxi von Vogel,maxi von vogel,season_009_fen_and_gator,Fen and Gator,fen and gator,Singles,full_season,6,,,14,6,8,0,18,57,69,-12,sheet_extracted,Full-season person stats from the final standings row.,https://docs.google.com/spreadsheets/d/1uo7-E_E2jbehB2hbBurpPayP_0fKY5sPZcFgZmfLydY/edit#gid=1993336510
season_009,person_blacklink,BlackLink,blacklink,season_009_royal_bluff,Royal Bluff,royal bluff,Singles,full_season,7,,,14,6,8,0,18,61,74,-13,sheet_extracted,Full-season person stats from the final standings row.,https://docs.google.com/spreadsheets/d/1uo7-E_E2jbehB2hbBurpPayP_0fKY5sPZcFgZmfLydY/edit#gid=1993336510
season_009,person_barry_d_sin_of_speed,Barry D. Sin of Speed,barry d sin of speed,season_009_akatsuki_amphibianz,Akatsuki Amphibianz,akatsuki amphibianz,Singles,full_season,8,,,14,3,11,0,9,56,78,-22,sheet_extracted,Full-season person stats from the final standings row.,https://docs.google.com/spreadsheets/d/1uo7-E_E2jbehB2hbBurpPayP_0fKY5sPZcFgZmfLydY/edit#gid=1993336510
season_009,person_nestfloh,Nestfloh,nestfloh,season_009_voltwizards,Voltwizards,voltwizards,Doubles,full_season,2,,,14,9,5,0,27,69,51,18,sheet_extracted,Full-season person stats from the final standings row.,https://docs.google.com/spreadsheets/d/1uo7-E_E2jbehB2hbBurpPayP_0fKY5sPZcFgZmfLydY/edit#gid=1772394412
season_009,person_pokgalaxy,Pokgalaxy,pokgalaxy,season_009_fen_and_gator,Fen and Gator,fen and gator,Doubles,full_season,3,,,14,7,7,0,21,62,64,-2,sheet_extracted,Full-season person stats from the final standings row.,https://docs.google.com/spreadsheets/d/1uo7-E_E2jbehB2hbBurpPayP_0fKY5sPZcFgZmfLydY/edit#gid=1772394412
season_009,person_minetube,Minetube,minetube,season_009_akatsuki_amphibianz,Akatsuki Amphibianz,akatsuki amphibianz,Doubles,full_season,4,,,14,6,8,0,18,58,65,-7,sheet_extracted,Full-season person stats from the final standings row.,https://docs.google.com/spreadsheets/d/1uo7-E_E2jbehB2hbBurpPayP_0fKY5sPZcFgZmfLydY/edit#gid=1772394412
season_009,person_og_dnz,OGDNZ,og dnz,season_009_toon_world,Toon World,toon world,Doubles,full_season,5,,,14,6,8,0,18,62,70,-8,sheet_extracted,Full-season person stats from the final standings row.,https://docs.google.com/spreadsheets/d/1uo7-E_E2jbehB2hbBurpPayP_0fKY5sPZcFgZmfLydY/edit#gid=1772394412
season_009,person_raizor,Raizor,raizor,season_009_soulblaze,Soulblaze,soulblaze,Doubles,full_season,6,,,14,6,8,0,18,62,72,-10,sheet_extracted,Full-season person stats from the final standings row.,https://docs.google.com/spreadsheets/d/1uo7-E_E2jbehB2hbBurpPayP_0fKY5sPZcFgZmfLydY/edit#gid=1772394412
season_009,person_elektechn9ne,ElektechN9ne,elektechn9ne,season_009_royal_bluff,Royal Bluff,royal bluff,Doubles,full_season,7,,,14,6,8,0,18,60,71,-11,sheet_extracted,Full-season person stats from the final standings row.,https://docs.google.com/spreadsheets/d/1uo7-E_E2jbehB2hbBurpPayP_0fKY5sPZcFgZmfLydY/edit#gid=1772394412
season_009,person_hydronic,Hydronic,hydronic,season_009_scherzkekse,Scherzkekse,scherzkekse,Doubles,full_season,8,,,14,5,9,0,15,58,71,-13,sheet_extracted,Full-season person stats from the final standings row.,https://docs.google.com/spreadsheets/d/1uo7-E_E2jbehB2hbBurpPayP_0fKY5sPZcFgZmfLydY/edit#gid=1772394412
season_009,person_belmontgabriel,BelmontGabriel,belmontgabriel,season_009_victory_instinct,Victory Instinct,victory instinct,Singles,controller_stint,1,1,7,7,5,2,0,15,,,,user_provided,User-provided controller correction: BelmontGabriel led the Singles side before El Scizor joined for the second half.,https://docs.google.com/spreadsheets/d/1uo7-E_E2jbehB2hbBurpPayP_0fKY5sPZcFgZmfLydY/edit#gid=1993336510;https://docs.google.com/spreadsheets/d/1uo7-E_E2jbehB2hbBurpPayP_0fKY5sPZcFgZmfLydY/edit#gid=1772394412;https://docs.google.com/spreadsheets/d/1uo7-E_E2jbehB2hbBurpPayP_0fKY5sPZcFgZmfLydY/edit#gid=1037187549
season_009,person_el_scizor,El Scizor,el scizor,season_009_victory_instinct,Victory Instinct,victory instinct,Singles,controller_stint,1,8,14,7,6,1,0,18,,,,user_provided,User-provided controller correction: El Scizor led the Singles side from the second half onward.,https://docs.google.com/spreadsheets/d/1uo7-E_E2jbehB2hbBurpPayP_0fKY5sPZcFgZmfLydY/edit#gid=1993336510;https://docs.google.com/spreadsheets/d/1uo7-E_E2jbehB2hbBurpPayP_0fKY5sPZcFgZmfLydY/edit#gid=1772394412;https://docs.google.com/spreadsheets/d/1uo7-E_E2jbehB2hbBurpPayP_0fKY5sPZcFgZmfLydY/edit#gid=1037187549
season_009,person_bene,Bene,bene,season_009_victory_instinct,Victory Instinct,victory instinct,Doubles,controller_stint,1,1,14,14,11,3,0,33,76,43,33,sheet_extracted,Bene led the Doubles side across Season 9.,https://docs.google.com/spreadsheets/d/1uo7-E_E2jbehB2hbBurpPayP_0fKY5sPZcFgZmfLydY/edit#gid=1993336510;https://docs.google.com/spreadsheets/d/1uo7-E_E2jbehB2hbBurpPayP_0fKY5sPZcFgZmfLydY/edit#gid=1772394412;https://docs.google.com/spreadsheets/d/1uo7-E_E2jbehB2hbBurpPayP_0fKY5sPZcFgZmfLydY/edit#gid=1037187549
season_010,person_present,PresentLP,present,season_010_prekani,Prekani,prekani,Regular Season,full_season,2,,,12,9,3,0,27,81,52,29,sheet_extracted,Full-season person stats from the final standings row.,https://docs.google.com/spreadsheets/d/13smsrG2BGYxr_omJWcgr-sUDr39bvOJPNL5RPt4DSow/edit#gid=1405051186
season_010,person_minetube,Minetube,minetube,season_010_throes_mad,Throes Mad,throes mad,Regular Season,full_season,1,,,12,9,3,0,27,72,57,15,sheet_extracted,Full-season person stats from the final standings row.,https://docs.google.com/spreadsheets/d/13smsrG2BGYxr_omJWcgr-sUDr39bvOJPNL5RPt4DSow/edit#gid=1405051186
season_010,person_nestfloh,Nestfloh,nestfloh,season_010_boeller_brueder,Böller Brüder,boeller brueder,Regular Season,full_season,3,,,12,8,4,0,24,65,49,16,sheet_extracted,Full-season person stats from the final standings row.,https://docs.google.com/spreadsheets/d/13smsrG2BGYxr_omJWcgr-sUDr39bvOJPNL5RPt4DSow/edit#gid=1405051186
season_010,person_bene,Bene,bene,season_010_wackel_backel,Wackel Backel,wackel backel,Regular Season,full_season,4,,,12,8,4,0,24,69,60,9,sheet_extracted,Full-season person stats from the final standings row.,https://docs.google.com/spreadsheets/d/13smsrG2BGYxr_omJWcgr-sUDr39bvOJPNL5RPt4DSow/edit#gid=1405051186
season_010,person_robinvgc,RobinVGC,robinvgc,season_010_choice_bandits,Choice Bandits,choice bandits,Regular Season,full_season,5,,,12,8,4,0,24,71,64,7,sheet_extracted,Full-season person stats from the final standings row.,https://docs.google.com/spreadsheets/d/13smsrG2BGYxr_omJWcgr-sUDr39bvOJPNL5RPt4DSow/edit#gid=1405051186
season_010,person_raizor,Raizor,raizor,season_010_unbound_soul,Unbound Soul,unbound soul,Regular Season,full_season,6,,,12,7,5,0,21,66,56,10,sheet_extracted,Full-season person stats from the final standings row.,https://docs.google.com/spreadsheets/d/13smsrG2BGYxr_omJWcgr-sUDr39bvOJPNL5RPt4DSow/edit#gid=1405051186
season_010,person_dauni_daunstar,Dauni,dauni daunstar,season_010_pfundskerle,Pfundskerle,pfundskerle,Regular Season,full_season,7,,,12,7,5,0,21,74,71,3,sheet_extracted,Full-season person stats from the final standings row.,https://docs.google.com/spreadsheets/d/13smsrG2BGYxr_omJWcgr-sUDr39bvOJPNL5RPt4DSow/edit#gid=1405051186
season_010,person_pokgalaxy,Pokgalaxy,pokgalaxy,season_010_tails_of_mystery,Tails of Mystery,tails of mystery,Regular Season,full_season,8,,,12,5,7,0,15,71,67,4,sheet_extracted,Full-season person stats from the final standings row.,https://docs.google.com/spreadsheets/d/13smsrG2BGYxr_omJWcgr-sUDr39bvOJPNL5RPt4DSow/edit#gid=1405051186
season_010,person_og_dnz,OGDNZ,og dnz,season_010_squid_squad,Squid Squad,squid squad,Regular Season,full_season,9,,,12,5,7,0,15,74,77,-3,sheet_extracted,Full-season person stats from the final standings row.,https://docs.google.com/spreadsheets/d/13smsrG2BGYxr_omJWcgr-sUDr39bvOJPNL5RPt4DSow/edit#gid=1405051186
season_010,person_domji,Domji,domji,season_010_shining_legends,Shining Legends,shining legends,Regular Season,full_season,10,,,12,5,7,0,15,59,72,-13,sheet_extracted,Full-season person stats from the final standings row.,https://docs.google.com/spreadsheets/d/13smsrG2BGYxr_omJWcgr-sUDr39bvOJPNL5RPt4DSow/edit#gid=1405051186
season_010,person_king_blex,KingBlex,king blex,season_010_cyber_end_jugulis,Cyber End Jugulis,cyber end jugulis,Regular Season,full_season,11,,,12,4,8,0,12,66,77,-11,sheet_extracted,Full-season person stats from the final standings row.,https://docs.google.com/spreadsheets/d/13smsrG2BGYxr_omJWcgr-sUDr39bvOJPNL5RPt4DSow/edit#gid=1405051186
season_010,person_snomnie,Snomnie,snomnie,season_010_corvi_crushers,Corvi Crushers,corvi crushers,Regular Season,full_season,12,,,12,3,9,0,9,74,89,-15,sheet_extracted,Full-season person stats from the final standings row.,https://docs.google.com/spreadsheets/d/13smsrG2BGYxr_omJWcgr-sUDr39bvOJPNL5RPt4DSow/edit#gid=1405051186
season_010,person_sirazoa,Sirazoa,sirazoa,season_010_eon_engine,Eon Engine,eon engine,Regular Season,full_season,13,,,12,3,9,0,9,54,71,-17,sheet_extracted,Full-season person stats from the final standings row.,https://docs.google.com/spreadsheets/d/13smsrG2BGYxr_omJWcgr-sUDr39bvOJPNL5RPt4DSow/edit#gid=1405051186
season_010,person_blocki,Blocki,blocki,season_010_kastanienbomber,Kastanienbomber,kastanienbomber,Regular Season,full_season,14,,,12,3,9,0,9,60,94,-34,sheet_extracted,Full-season person stats from the final standings row.,https://docs.google.com/spreadsheets/d/13smsrG2BGYxr_omJWcgr-sUDr39bvOJPNL5RPt4DSow/edit#gid=1405051186
season_010,person_bene,Bene,bene,season_010_wackel_backel,Wackel Backel,wackel backel,Playoffs,full_season,1,,,3,3,0,0,,,,,sheet_extracted,Full-season person stats from the final standings row.,https://docs.google.com/spreadsheets/d/13smsrG2BGYxr_omJWcgr-sUDr39bvOJPNL5RPt4DSow/edit#gid=1215904780;https://docs.google.com/spreadsheets/d/13smsrG2BGYxr_omJWcgr-sUDr39bvOJPNL5RPt4DSow/edit#gid=1953790464
season_010,person_raizor,Raizor,raizor,season_010_unbound_soul,Unbound Soul,unbound soul,Playoffs,full_season,2,,,3,2,1,0,,,,,sheet_extracted,Full-season person stats from the final standings row.,https://docs.google.com/spreadsheets/d/13smsrG2BGYxr_omJWcgr-sUDr39bvOJPNL5RPt4DSow/edit#gid=1215904780;https://docs.google.com/spreadsheets/d/13smsrG2BGYxr_omJWcgr-sUDr39bvOJPNL5RPt4DSow/edit#gid=1953790464
season_010,person_present,PresentLP,present,season_010_prekani,Prekani,prekani,Playoffs,full_season,,,,2,1,1,0,,,,,sheet_extracted,Full-season person stats from the final standings row.,https://docs.google.com/spreadsheets/d/13smsrG2BGYxr_omJWcgr-sUDr39bvOJPNL5RPt4DSow/edit#gid=1215904780;https://docs.google.com/spreadsheets/d/13smsrG2BGYxr_omJWcgr-sUDr39bvOJPNL5RPt4DSow/edit#gid=1953790464
season_010,person_minetube,Minetube,minetube,season_010_throes_mad,Throes Mad,throes mad,Playoffs,full_season,,,,1,0,1,0,,,,,sheet_extracted,Full-season person stats from the final standings row.,https://docs.google.com/spreadsheets/d/13smsrG2BGYxr_omJWcgr-sUDr39bvOJPNL5RPt4DSow/edit#gid=1215904780;https://docs.google.com/spreadsheets/d/13smsrG2BGYxr_omJWcgr-sUDr39bvOJPNL5RPt4DSow/edit#gid=1953790464
season_010,person_nestfloh,Nestfloh,nestfloh,season_010_boeller_brueder,Böller Brüder,boeller brueder,Playoffs,full_season,,,,1,0,1,0,,,,,sheet_extracted,Full-season person stats from the final standings row.,https://docs.google.com/spreadsheets/d/13smsrG2BGYxr_omJWcgr-sUDr39bvOJPNL5RPt4DSow/edit#gid=1215904780;https://docs.google.com/spreadsheets/d/13smsrG2BGYxr_omJWcgr-sUDr39bvOJPNL5RPt4DSow/edit#gid=1953790464
season_010,person_robinvgc,RobinVGC,robinvgc,season_010_choice_bandits,Choice Bandits,choice bandits,Playoffs,full_season,,,,1,0,1,0,,,,,sheet_extracted,Full-season person stats from the final standings row.,https://docs.google.com/spreadsheets/d/13smsrG2BGYxr_omJWcgr-sUDr39bvOJPNL5RPt4DSow/edit#gid=1215904780;https://docs.google.com/spreadsheets/d/13smsrG2BGYxr_omJWcgr-sUDr39bvOJPNL5RPt4DSow/edit#gid=1953790464
season_010,person_dauni_daunstar,Dauni,dauni daunstar,season_010_pfundskerle,Pfundskerle,pfundskerle,Playoffs,full_season,,,,1,0,1,0,,,,,sheet_extracted,Full-season person stats from the final standings row.,https://docs.google.com/spreadsheets/d/13smsrG2BGYxr_omJWcgr-sUDr39bvOJPNL5RPt4DSow/edit#gid=1215904780;https://docs.google.com/spreadsheets/d/13smsrG2BGYxr_omJWcgr-sUDr39bvOJPNL5RPt4DSow/edit#gid=1953790464
