record_key,holder_person_id,holder_name,holder_pokemon,value,season_id,week,match_id,video_url,superseded,source_urls
highest_elo,person_daumenkino,DaumenkinoLP,,1516,season_001,1. Spieltag - Sonntag der 14.09.2014 [12:00 -17:00],season_001_schedule_0001,,1,https://docs.google.com/spreadsheets/d/14N_40jsahiN9DChpnNaPTnFy26If6imVHtqBGDWk6pg/edit#gid=0
highest_elo,person_daumenkino,DaumenkinoLP,,1531,season_001,2. Spieltag - Sonntag der 21.09.2014 [12:00 -17:00],season_001_schedule_0029,,1,https://docs.google.com/spreadsheets/d/14N_40jsahiN9DChpnNaPTnFy26If6imVHtqBGDWk6pg/edit#gid=0
highest_elo,person_silva,Silva,,1532,season_001,2. Spieltag - Sonntag der 21.09.2014 [12:00 -17:00],season_001_schedule_0037,,1,https://docs.google.com/spreadsheets/d/14N_40jsahiN9DChpnNaPTnFy26If6imVHtqBGDWk6pg/edit#gid=0
highest_elo,person_daumenkino,DaumenkinoLP,,1545,season_001,3. Spieltag - Sonntag der 28.09.2014 [12:00 -17:00],season_001_schedule_0057,,1,https://docs.google.com/spreadsheets/d/14N_40jsahiN9DChpnNaPTnFy26If6imVHtqBGDWk6pg/edit#gid=0
highest_elo,person_present,PresentLP,,1547,season_001,3. Spieltag - Sonntag der 28.09.2014 [12:00 -17:00],season_001_schedule_0065,,1,https://docs.google.com/spreadsheets/d/14N_40jsahiN9DChpnNaPTnFy26If6imVHtqBGDWk6pg/edit#gid=0
highest_elo,person_present,PresentLP,,1563,season_001,4. Spieltag - Sonntag der 05.10.2014 [12:00 -17:00],season_001_schedule_0082,,1,https://docs.google.com/spreadsheets/d/14N_40jsahiN9DChpnNaPTnFy26If6imVHtqBGDWk6pg/edit#gid=0
highest_elo,person_present,PresentLP,,1573,season_001,5. Spieltag - Sonntag der 12.10.2014 [12:00 -17:00],season_001_schedule_0097,,1,https://docs.google.com/spreadsheets/d/14N_40jsahiN9DChpnNaPTnFy26If6imVHtqBGDWk6pg/edit#gid=0
highest_elo,person_present,PresentLP,,1585,season_001,6. Spieltag - Sonntag der 19.10.2014 [12:00 -17:00],season_001_schedule_0111,,1,https://docs.google.com/spreadsheets/d/14N_40jsahiN9DChpnNaPTnFy26If6imVHtqBGDWk6pg/edit#gid=0
highest_elo,person_present,PresentLP,,1600,season_001,7. Spieltag - Sonntag der 26.10.2014 [12:00 -17:00],season_001_schedule_0002,,1,https://docs.google.com/spreadsheets/d/14N_40jsahiN9DChpnNaPTnFy26If6imVHtqBGDWk6pg/edit#gid=0
highest_elo,person_present,PresentLP,,1613,season_001,8. Spieltag - Sonntag der 02.11.2014 [12:00 -17:00],season_001_schedule_0030,,1,https://docs.google.com/spreadsheets/d/14N_40jsahiN9DChpnNaPTnFy26If6imVHtqBGDWk6pg/edit#gid=0
highest_elo,person_present,PresentLP,,1624,season_001,9. Spieltag - Sonntag der 09.11.2014 [12:00 -17:00],season_001_schedule_0058,,1,https://docs.google.com/spreadsheets/d/14N_40jsahiN9DChpnNaPTnFy26If6imVHtqBGDWk6pg/edit#gid=0
highest_elo,person_present,PresentLP,,1631,season_001,10. Spieltag - Sonntag der 16.11.2014 [12:00 -17:00],season_001_schedule_0083,,1,https://docs.google.com/spreadsheets/d/14N_40jsahiN9DChpnNaPTnFy26If6imVHtqBGDWk6pg/edit#gid=0
highest_elo,person_present,PresentLP,,1639,season_001,11. Spieltag – Sonntag der 23.11.2014 [12:00 -17:00],season_001_schedule_0104,,1,https://docs.google.com/spreadsheets/d/14N_40jsahiN9DChpnNaPTnFy26If6imVHtqBGDWk6pg/edit#gid=0
highest_elo,person_present,PresentLP,,1640,season_001,14. Spieltag – Sonntag der 21.12.2014 [12:00 -17:00],season_001_schedule_0067,,1,https://docs.google.com/spreadsheets/d/14N_40jsahiN9DChpnNaPTnFy26If6imVHtqBGDWk6pg/edit#gid=0
highest_elo,person_present,PresentLP,,1652,season_001,15. Spieltag – Sonntag der 28.12.2014 [12:00 -17:00],season_001_schedule_0084,,1,https://docs.google.com/spreadsheets/d/14N_40jsahiN9DChpnNaPTnFy26If6imVHtqBGDWk6pg/edit#gid=0
highest_elo,person_present,PresentLP,,1659,season_001,16. Spieltag – Sonntag der 04.01.2015 [12:00 -17:00],season_001_schedule_0099,,1,https://docs.google.com/spreadsheets/d/14N_40jsahiN9DChpnNaPTnFy26If6imVHtqBGDWk6pg/edit#gid=0
highest_elo,person_present,PresentLP,,1669,season_001,17. Spieltag – Sonntag der 11.01.2015 [12:00 -17:00],season_001_schedule_0112,,1,https://docs.google.com/spreadsheets/d/14N_40jsahiN9DChpnNaPTnFy26If6imVHtqBGDWk6pg/edit#gid=0
highest_elo,person_present,PresentLP,,1677,season_001,18. Spieltag – Sonntag der 18.01.2015 [12:00 -17:00],season_001_schedule_0004,,1,https://docs.google.com/spreadsheets/d/14N_40jsahiN9DChpnNaPTnFy26If6imVHtqBGDWk6pg/edit#gid=0
highest_elo,person_present,PresentLP,,1681,season_004,1. Spieltag - Sonntag der 12.03.2017,season_004_schedule_0001,,1,https://docs.google.com/spreadsheets/d/1u8AORkPkqIxR4GblUqU5faeTfuuKGjKrllUxnnUdRz0/edit#gid=992181004
highest_elo,person_bene,Bene,,1684,season_004,16. Spieltag - Sonntag der 02.07.2017,season_004_schedule_0099,,1,https://docs.google.com/spreadsheets/d/1u8AORkPkqIxR4GblUqU5faeTfuuKGjKrllUxnnUdRz0/edit#gid=992181004
highest_elo,person_bene,Bene,,1690,season_004,17. Spieltag - Sonntag der 09.07.2017,season_004_schedule_0124,,1,https://docs.google.com/spreadsheets/d/1u8AORkPkqIxR4GblUqU5faeTfuuKGjKrllUxnnUdRz0/edit#gid=992181004
highest_elo,person_bene,Bene,,1699,season_004,18. Spieltag - Sonntag der 16.07.2017,season_004_schedule_0012,,1,https://docs.google.com/spreadsheets/d/1u8AORkPkqIxR4GblUqU5faeTfuuKGjKrllUxnnUdRz0/edit#gid=992181004
highest_elo,person_bene,Bene,,1711,season_004,19. Spieltag - Sonntag der 23.07.2017,season_004_schedule_0040,,1,https://docs.google.com/spreadsheets/d/1u8AORkPkqIxR4GblUqU5faeTfuuKGjKrllUxnnUdRz0/edit#gid=992181004
highest_elo,person_bene,Bene,,1718,season_004,20. Spieltag - Sonntag der 30.07.2017,season_004_schedule_0068,,1,https://docs.google.com/spreadsheets/d/1u8AORkPkqIxR4GblUqU5faeTfuuKGjKrllUxnnUdRz0/edit#gid=992181004
highest_elo,person_bene,Bene,,1726,season_004,21. Spieltag - Sonntag der 06.08.2017,season_004_schedule_0096,,1,https://docs.google.com/spreadsheets/d/1u8AORkPkqIxR4GblUqU5faeTfuuKGjKrllUxnnUdRz0/edit#gid=992181004
highest_elo,person_bene,Bene,,1733,season_004,22. Spieltag - Sonntag der 13.08.2017,season_004_schedule_0120,,1,https://docs.google.com/spreadsheets/d/1u8AORkPkqIxR4GblUqU5faeTfuuKGjKrllUxnnUdRz0/edit#gid=992181004
highest_elo,person_bene,Bene,,1741,season_005,1. Spieltag - Sonntag der 11.03.2018,season_005_schedule_0001,,1,https://docs.google.com/spreadsheets/d/1nONaKwJcrN04APGKN-HrZ8yavwZdFkfnaA59Zp1sdBU/edit#gid=405850997
highest_elo,person_bene,Bene,,1750,season_005,2. Spieltag - Sonntag der 18.03.2018,season_005_schedule_0045,,1,https://docs.google.com/spreadsheets/d/1nONaKwJcrN04APGKN-HrZ8yavwZdFkfnaA59Zp1sdBU/edit#gid=405850997
highest_elo,person_bene,Bene,,1754,season_005,12. Spieltag - Sonntag der 03.06.2018,season_005_schedule_0003,,1,https://docs.google.com/spreadsheets/d/1nONaKwJcrN04APGKN-HrZ8yavwZdFkfnaA59Zp1sdBU/edit#gid=405850997
highest_elo,person_bene,Bene,,1764,season_005,13. Spieltag - Sonntag der 10.06.2018,season_005_schedule_0047,,1,https://docs.google.com/spreadsheets/d/1nONaKwJcrN04APGKN-HrZ8yavwZdFkfnaA59Zp1sdBU/edit#gid=405850997
highest_elo,person_bene,Bene,,1770,season_005,14. Spieltag - Sonntag der 17.06.2018,season_005_schedule_0055,,1,https://docs.google.com/spreadsheets/d/1nONaKwJcrN04APGKN-HrZ8yavwZdFkfnaA59Zp1sdBU/edit#gid=405850997
highest_elo,person_bene,Bene,,1776,season_005,15. Spieltag - Sonntag der 24.06.2018,season_005_schedule_0087,,1,https://docs.google.com/spreadsheets/d/1nONaKwJcrN04APGKN-HrZ8yavwZdFkfnaA59Zp1sdBU/edit#gid=405850997
highest_elo,person_bene,Bene,,1781,season_005,16. Spieltag - Sonntag der 01.07.2018,season_005_schedule_0107,,1,https://docs.google.com/spreadsheets/d/1nONaKwJcrN04APGKN-HrZ8yavwZdFkfnaA59Zp1sdBU/edit#gid=405850997
highest_elo,person_bene,Bene,,1787,season_005,17. Spieltag - Sonntag der 08.07.2018,season_005_schedule_0132,,1,https://docs.google.com/spreadsheets/d/1nONaKwJcrN04APGKN-HrZ8yavwZdFkfnaA59Zp1sdBU/edit#gid=405850997
highest_elo,person_bene,Bene,,1793,season_005,18. Spieltag - Sonntag der 15.07.2018,season_005_schedule_0016,,0,https://docs.google.com/spreadsheets/d/1nONaKwJcrN04APGKN-HrZ8yavwZdFkfnaA59Zp1sdBU/edit#gid=405850997
longest_win_streak,person_daumenkino,DaumenkinoLP,,1,season_001,1. Spieltag - Sonntag der 14.09.2014 [12:00 -17:00],season_001_schedule_0001,,1,https://docs.google.com/spreadsheets/d/14N_40jsahiN9DChpnNaPTnFy26If6imVHtqBGDWk6pg/edit#gid=0
longest_win_streak,person_daumenkino,DaumenkinoLP,,2,season_001,2. Spieltag - Sonntag der 21.09.2014 [12:00 -17:00],season_001_schedule_0029,,1,https://docs.google.com/spreadsheets/d/14N_40jsahiN9DChpnNaPTnFy26If6imVHtqBGDWk6pg/edit#gid=0
longest_win_streak,person_daumenkino,DaumenkinoLP,,3,season_001,3. Spieltag - Sonntag der 28.09.2014 [12:00 -17:00],season_001_schedule_0057,,1,https://docs.google.com/spreadsheets/d/14N_40jsahiN9DChpnNaPTnFy26If6imVHtqBGDWk6pg/edit#gid=0
longest_win_streak,person_present,PresentLP,,4,season_001,4. Spieltag - Sonntag der 05.10.2014 [12:00 -17:00],season_001_schedule_0082,,1,https://docs.google.com/spreadsheets/d/14N_40jsahiN9DChpnNaPTnFy26If6imVHtqBGDWk6pg/edit#gid=0
longest_win_streak,person_present,PresentLP,,5,season_001,5. Spieltag - Sonntag der 12.10.2014 [12:00 -17:00],season_001_schedule_0097,,1,https://docs.google.com/spreadsheets/d/14N_40jsahiN9DChpnNaPTnFy26If6imVHtqBGDWk6pg/edit#gid=0
longest_win_streak,person_present,PresentLP,,6,season_001,6. Spieltag - Sonntag der 19.10.2014 [12:00 -17:00],season_001_schedule_0111,,1,https://docs.google.com/spreadsheets/d/14N_40jsahiN9DChpnNaPTnFy26If6imVHtqBGDWk6pg/edit#gid=0
longest_win_streak,person_present,PresentLP,,7,season_001,7. Spieltag - Sonntag der 26.10.2014 [12:00 -17:00],season_001_schedule_0002,,1,https://docs.google.com/spreadsheets/d/14N_40jsahiN9DChpnNaPTnFy26If6imVHtqBGDWk6pg/edit#gid=0
longest_win_streak,person_present,PresentLP,,8,season_001,8. Spieltag - Sonntag der 02.11.2014 [12:00 -17:00],season_001_schedule_0030,,1,https://docs.google.com/spreadsheets/d/14N_40jsahiN9DChpnNaPTnFy26If6imVHtqBGDWk6pg/edit#gid=0
longest_win_streak,person_present,PresentLP,,9,season_001,9. Spieltag - Sonntag der 09.11.2014 [12:00 -17:00],season_001_schedule_0058,,1,https://docs.google.com/spreadsheets/d/14N_40jsahiN9DChpnNaPTnFy26If6imVHtqBGDWk6pg/edit#gid=0
longest_win_streak,person_present,PresentLP,,10,season_001,10. Spieltag - Sonntag der 16.11.2014 [12:00 -17:00],season_001_schedule_0083,,1,https://docs.google.com/spreadsheets/d/14N_40jsahiN9DChpnNaPTnFy26If6imVHtqBGDWk6pg/edit#gid=0
longest_win_streak,person_present,PresentLP,,11,season_001,11. Spieltag – Sonntag der 23.11.2014 [12:00 -17:00],season_001_schedule_0104,,1,https://docs.google.com/spreadsheets/d/14N_40jsahiN9DChpnNaPTnFy26If6imVHtqBGDWk6pg/edit#gid=0
longest_win_streak,person_bene,Bene,,12,season_005,17. Spieltag - Sonntag der 08.07.2018,season_005_schedule_0132,,1,https://docs.google.com/spreadsheets/d/1nONaKwJcrN04APGKN-HrZ8yavwZdFkfnaA59Zp1sdBU/edit#gid=405850997
longest_win_streak,person_bene,Bene,,13,season_005,18. Spieltag - Sonntag der 15.07.2018,season_005_schedule_0016,,0,https://docs.google.com/spreadsheets/d/1nONaKwJcrN04APGKN-HrZ8yavwZdFkfnaA59Zp1sdBU/edit#gid=405850997
longest_unbeaten,person_daumenkino,DaumenkinoLP,,1,season_001,1. Spieltag - Sonntag der 14.09.2014 [12:00 -17:00],season_001_schedule_0001,,1,https://docs.google.com/spreadsheets/d/14N_40jsahiN9DChpnNaPTnFy26If6imVHtqBGDWk6pg/edit#gid=0
longest_unbeaten,person_daumenkino,DaumenkinoLP,,2,season_001,2. Spieltag - Sonntag der 21.09.2014 [12:00 -17:00],season_001_schedule_0029,,1,https://docs.google.com/spreadsheets/d/14N_40jsahiN9DChpnNaPTnFy26If6imVHtqBGDWk6pg/edit#gid=0
longest_unbeaten,person_daumenkino,DaumenkinoLP,,3,season_001,3. Spieltag - Sonntag der 28.09.2014 [12:00 -17:00],season_001_schedule_0057,,1,https://docs.google.com/spreadsheets/d/14N_40jsahiN9DChpnNaPTnFy26If6imVHtqBGDWk6pg/edit#gid=0
longest_unbeaten,person_present,PresentLP,,4,season_001,4. Spieltag - Sonntag der 05.10.2014 [12:00 -17:00],season_001_schedule_0082,,1,https://docs.google.com/spreadsheets/d/14N_40jsahiN9DChpnNaPTnFy26If6imVHtqBGDWk6pg/edit#gid=0
longest_unbeaten,person_present,PresentLP,,5,season_001,5. Spieltag - Sonntag der 12.10.2014 [12:00 -17:00],season_001_schedule_0097,,1,https://docs.google.com/spreadsheets/d/14N_40jsahiN9DChpnNaPTnFy26If6imVHtqBGDWk6pg/edit#gid=0
longest_unbeaten,person_present,PresentLP,,6,season_001,6. Spieltag - Sonntag der 19.10.2014 [12:00 -17:00],season_001_schedule_0111,,1,https://docs.google.com/spreadsheets/d/14N_40jsahiN9DChpnNaPTnFy26If6imVHtqBGDWk6pg/edit#gid=0
longest_unbeaten,person_present,PresentLP,,7,season_001,7. Spieltag - Sonntag der 26.10.2014 [12:00 -17:00],season_001_schedule_0002,,1,https://docs.google.com/spreadsheets/d/14N_40jsahiN9DChpnNaPTnFy26If6imVHtqBGDWk6pg/edit#gid=0
longest_unbeaten,person_present,PresentLP,,8,season_001,8. Spieltag - Sonntag der 02.11.2014 [12:00 -17:00],season_001_schedule_0030,,1,https://docs.google.com/spreadsheets/d/14N_40jsahiN9DChpnNaPTnFy26If6imVHtqBGDWk6pg/edit#gid=0
longest_unbeaten,person_present,PresentLP,,9,season_001,9. Spieltag - Sonntag der 09.11.2014 [12:00 -17:00],season_001_schedule_0058,,1,https://docs.google.com/spreadsheets/d/14N_40jsahiN9DChpnNaPTnFy26If6imVHtqBGDWk6pg/edit#gid=0
longest_unbeaten,person_present,PresentLP,,10,season_001,10. Spieltag - Sonntag der 16.11.2014 [12:00 -17:00],season_001_schedule_0083,,1,https://docs.google.com/spreadsheets/d/14N_40jsahiN9DChpnNaPTnFy26If6imVHtqBGDWk6pg/edit#gid=0
longest_unbeaten,person_present,PresentLP,,11,season_001,11. Spieltag – Sonntag der 23.11.2014 [12:00 -17:00],season_001_schedule_0104,,1,https://docs.google.com/spreadsheets/d/14N_40jsahiN9DChpnNaPTnFy26If6imVHtqBGDWk6pg/edit#gid=0
longest_unbeaten,person_parsifani,Parsifani,,12,season_002,15. Spieltag - Mittwoch der 01.07.2015 [12:00 -18:00],season_002_schedule_0225,,1,https://docs.google.com/spreadsheets/d/1Jc6mBqbU8wYKfz3WxfpxsWbj_6xaZB6OmoCRPGzGJLM/edit#gid=0
longest_unbeaten,person_parsifani,Parsifani,,13,season_002,16. Spieltag - Mittwoch der 08.07.2015 [12:00 -18:00],season_002_schedule_0249,,1,https://docs.google.com/spreadsheets/d/1Jc6mBqbU8wYKfz3WxfpxsWbj_6xaZB6OmoCRPGzGJLM/edit#gid=0
longest_unbeaten,person_parsifani,Parsifani,,14,season_002,17. Spieltag - Mittwoch der 15.07.2015 [12:00 -18:00],season_002_schedule_0273,,1,https://docs.google.com/spreadsheets/d/1Jc6mBqbU8wYKfz3WxfpxsWbj_6xaZB6OmoCRPGzGJLM/edit#gid=0
longest_unbeaten,person_parsifani,Parsifani,,15,season_002,18. Spieltag - Mittwoch der 22.07.2015 [12:00 -18:00],season_002_schedule_0297,,0,https://docs.google.com/spreadsheets/d/1Jc6mBqbU8wYKfz3WxfpxsWbj_6xaZB6OmoCRPGzGJLM/edit#gid=0
most_career_wins,person_daumenkino,DaumenkinoLP,,1,season_001,1. Spieltag - Sonntag der 14.09.2014 [12:00 -17:00],season_001_schedule_0001,,1,https://docs.google.com/spreadsheets/d/14N_40jsahiN9DChpnNaPTnFy26If6imVHtqBGDWk6pg/edit#gid=0
most_career_wins,person_daumenkino,DaumenkinoLP,,2,season_001,2. Spieltag - Sonntag der 21.09.2014 [12:00 -17:00],season_001_schedule_0029,,1,https://docs.google.com/spreadsheets/d/14N_40jsahiN9DChpnNaPTnFy26If6imVHtqBGDWk6pg/edit#gid=0
most_career_wins,person_daumenkino,DaumenkinoLP,,3,season_001,3. Spieltag - Sonntag der 28.09.2014 [12:00 -17:00],season_001_schedule_0057,,1,https://docs.google.com/spreadsheets/d/14N_40jsahiN9DChpnNaPTnFy26If6imVHtqBGDWk6pg/edit#gid=0
most_career_wins,person_present,PresentLP,,4,season_001,4. Spieltag - Sonntag der 05.10.2014 [12:00 -17:00],season_001_schedule_0082,,1,https://docs.google.com/spreadsheets/d/14N_40jsahiN9DChpnNaPTnFy26If6imVHtqBGDWk6pg/edit#gid=0
most_career_wins,person_present,PresentLP,,5,season_001,5. Spieltag - Sonntag der 12.10.2014 [12:00 -17:00],season_001_schedule_0097,,1,https://docs.google.com/spreadsheets/d/14N_40jsahiN9DChpnNaPTnFy26If6imVHtqBGDWk6pg/edit#gid=0
most_career_wins,person_present,PresentLP,,6,season_001,6. Spieltag - Sonntag der 19.10.2014 [12:00 -17:00],season_001_schedule_0111,,1,https://docs.google.com/spreadsheets/d/14N_40jsahiN9DChpnNaPTnFy26If6imVHtqBGDWk6pg/edit#gid=0
most_career_wins,person_present,PresentLP,,7,season_001,7. Spieltag - Sonntag der 26.10.2014 [12:00 -17:00],season_001_schedule_0002,,1,https://docs.google.com/spreadsheets/d/14N_40jsahiN9DChpnNaPTnFy26If6imVHtqBGDWk6pg/edit#gid=0
most_career_wins,person_present,PresentLP,,8,season_001,8. Spieltag - Sonntag der 02.11.2014 [12:00 -17:00],season_001_schedule_0030,,1,https://docs.google.com/spreadsheets/d/14N_40jsahiN9DChpnNaPTnFy26If6imVHtqBGDWk6pg/edit#gid=0
most_career_wins,person_present,PresentLP,,9,season_001,9. Spieltag - Sonntag der 09.11.2014 [12:00 -17:00],season_001_schedule_0058,,1,https://docs.google.com/spreadsheets/d/14N_40jsahiN9DChpnNaPTnFy26If6imVHtqBGDWk6pg/edit#gid=0
most_career_wins,person_present,PresentLP,,10,season_001,10. Spieltag - Sonntag der 16.11.2014 [12:00 -17:00],season_001_schedule_0083,,1,https://docs.google.com/spreadsheets/d/14N_40jsahiN9DChpnNaPTnFy26If6imVHtqBGDWk6pg/edit#gid=0
most_career_wins,person_present,PresentLP,,11,season_001,11. Spieltag – Sonntag der 23.11.2014 [12:00 -17:00],season_001_schedule_0104,,1,https://docs.google.com/spreadsheets/d/14N_40jsahiN9DChpnNaPTnFy26If6imVHtqBGDWk6pg/edit#gid=0
most_career_wins,person_present,PresentLP,,12,season_001,13. Spieltag – Sonntag der 14.12.2014 [12:00 -17:00],season_001_schedule_0047,,1,https://docs.google.com/spreadsheets/d/14N_40jsahiN9DChpnNaPTnFy26If6imVHtqBGDWk6pg/edit#gid=0
most_career_wins,person_present,PresentLP,,13,season_001,14. Spieltag – Sonntag der 21.12.2014 [12:00 -17:00],season_001_schedule_0067,,1,https://docs.google.com/spreadsheets/d/14N_40jsahiN9DChpnNaPTnFy26If6imVHtqBGDWk6pg/edit#gid=0
most_career_wins,person_present,PresentLP,,14,season_001,15. Spieltag – Sonntag der 28.12.2014 [12:00 -17:00],season_001_schedule_0084,,1,https://docs.google.com/spreadsheets/d/14N_40jsahiN9DChpnNaPTnFy26If6imVHtqBGDWk6pg/edit#gid=0
most_career_wins,person_present,PresentLP,,15,season_001,16. Spieltag – Sonntag der 04.01.2015 [12:00 -17:00],season_001_schedule_0099,,1,https://docs.google.com/spreadsheets/d/14N_40jsahiN9DChpnNaPTnFy26If6imVHtqBGDWk6pg/edit#gid=0
most_career_wins,person_present,PresentLP,,16,season_001,17. Spieltag – Sonntag der 11.01.2015 [12:00 -17:00],season_001_schedule_0112,,1,https://docs.google.com/spreadsheets/d/14N_40jsahiN9DChpnNaPTnFy26If6imVHtqBGDWk6pg/edit#gid=0
most_career_wins,person_present,PresentLP,,17,season_001,18. Spieltag – Sonntag der 18.01.2015 [12:00 -17:00],season_001_schedule_0004,,1,https://docs.google.com/spreadsheets/d/14N_40jsahiN9DChpnNaPTnFy26If6imVHtqBGDWk6pg/edit#gid=0
most_career_wins,person_present,PresentLP,,18,season_001,20. Spieltag – Sonntag der 01.02.2015 [12:00 -17:00],season_001_schedule_0060,,1,https://docs.google.com/spreadsheets/d/14N_40jsahiN9DChpnNaPTnFy26If6imVHtqBGDWk6pg/edit#gid=0
most_career_wins,person_present,PresentLP,,19,season_002,2. Spieltag - Sonntag der 22.03.2015 [12:00 -18:00],season_002_schedule_0029,,1,https://docs.google.com/spreadsheets/d/16wGz0QnHeyqfcAhKdYvDqUZAvKxXKuAHchszJjhpp-o/edit#gid=0
most_career_wins,person_present,PresentLP,,20,season_002,5. Spieltag - Sonntag der 12.04.2015 [12:00 -18:00],season_002_schedule_0125,,1,https://docs.google.com/spreadsheets/d/16wGz0QnHeyqfcAhKdYvDqUZAvKxXKuAHchszJjhpp-o/edit#gid=0
most_career_wins,person_present,PresentLP,,21,season_002,6. Spieltag - Sonntag der 19.04.2015 [12:00 -18:00],season_002_schedule_0157,,1,https://docs.google.com/spreadsheets/d/16wGz0QnHeyqfcAhKdYvDqUZAvKxXKuAHchszJjhpp-o/edit#gid=0
most_career_wins,person_present,PresentLP,,22,season_002,10. Spieltag - Sonntag der 17.05.2015 [12:00 -18:00],season_002_schedule_0078,,1,https://docs.google.com/spreadsheets/d/16wGz0QnHeyqfcAhKdYvDqUZAvKxXKuAHchszJjhpp-o/edit#gid=0
most_career_wins,person_present,PresentLP,,23,season_002,12. Spieltag - Sonntag der 31.05.2015 [12:00 -18:00],season_002_schedule_0126,,1,https://docs.google.com/spreadsheets/d/16wGz0QnHeyqfcAhKdYvDqUZAvKxXKuAHchszJjhpp-o/edit#gid=0
most_career_wins,person_present,PresentLP,,24,season_002,14. Spieltag - Sonntag der 21.06.2015 [12:00 -18:00],season_002_schedule_0007,,1,https://docs.google.com/spreadsheets/d/16wGz0QnHeyqfcAhKdYvDqUZAvKxXKuAHchszJjhpp-o/edit#gid=0
most_career_wins,person_present,PresentLP,,25,season_002,16. Spieltag - Sonntag der 05.07.2015 [12:00 -18:00],season_002_schedule_0063,,1,https://docs.google.com/spreadsheets/d/16wGz0QnHeyqfcAhKdYvDqUZAvKxXKuAHchszJjhpp-o/edit#gid=0
most_career_wins,person_present,PresentLP,,26,season_002,17. Spieltag - Sonntag der 12.07.2015 [12:00 -18:00],season_002_schedule_0095,,1,https://docs.google.com/spreadsheets/d/16wGz0QnHeyqfcAhKdYvDqUZAvKxXKuAHchszJjhpp-o/edit#gid=0
most_career_wins,person_shiro,Shiro,,27,season_002,19. Spieltag - Sonntag der 26.07.2015 [12:00 -18:00],season_002_schedule_0147,,1,https://docs.google.com/spreadsheets/d/16wGz0QnHeyqfcAhKdYvDqUZAvKxXKuAHchszJjhpp-o/edit#gid=0
most_career_wins,person_shiro,Shiro,,28,season_002,20. Spieltag - Sonntag der 02.08.2015 [12:00 -18:00],season_002_schedule_0170,,1,https://docs.google.com/spreadsheets/d/16wGz0QnHeyqfcAhKdYvDqUZAvKxXKuAHchszJjhpp-o/edit#gid=0
most_career_wins,person_shiro,Shiro,,29,season_002,21. Spieltag - Sonntag der 09.08.2015  [12:00 -18:00],season_002_schedule_0008,,1,https://docs.google.com/spreadsheets/d/16wGz0QnHeyqfcAhKdYvDqUZAvKxXKuAHchszJjhpp-o/edit#gid=0
most_career_wins,person_shiro,Shiro,,30,season_002,24. Spieltag - Sonntag der 30.08.2015 [12:00 -18:00],season_002_schedule_0104,,1,https://docs.google.com/spreadsheets/d/16wGz0QnHeyqfcAhKdYvDqUZAvKxXKuAHchszJjhpp-o/edit#gid=0
most_career_wins,person_shiro,Shiro,,31,season_002,25. Spieltag - Sonntag der 06.09.2015 [12:00 -18:00],season_002_schedule_0136,,1,https://docs.google.com/spreadsheets/d/16wGz0QnHeyqfcAhKdYvDqUZAvKxXKuAHchszJjhpp-o/edit#gid=0
most_career_wins,person_present,PresentLP,,32,season_003,1. Spieltag - Sonntag der 31.01.2016,season_003_schedule_0017,,1,https://docs.google.com/spreadsheets/d/15MPuuKWiOBeqO8JbrOYulUHFDzWbid6_pYZLHiWVzrk/edit#gid=0
most_career_wins,person_shiro,Shiro,,33,season_003,1. Spieltag - Mittwoch der 03.02.2016,season_003_schedule_0199,,1,https://docs.google.com/spreadsheets/d/16r_khFZJxguj1o1wSrDQO4vlJhSDhIdN8AbUJQbnDq0/edit#gid=0
most_career_wins,person_shiro,Shiro,,34,season_003,2. Spieltag - Mittwoch der 10.02.2016,season_003_schedule_0223,,1,https://docs.google.com/spreadsheets/d/16r_khFZJxguj1o1wSrDQO4vlJhSDhIdN8AbUJQbnDq0/edit#gid=0
most_career_wins,person_shiro,Shiro,,35,season_003,3. Spieltag - Mittwoch der 17.02.2016,season_003_schedule_0251,,1,https://docs.google.com/spreadsheets/d/16r_khFZJxguj1o1wSrDQO4vlJhSDhIdN8AbUJQbnDq0/edit#gid=0
most_career_wins,person_shiro,Shiro,,36,season_003,4. Spieltag - Mittwoch der 24.02.2016,season_003_schedule_0283,,1,https://docs.google.com/spreadsheets/d/16r_khFZJxguj1o1wSrDQO4vlJhSDhIdN8AbUJQbnDq0/edit#gid=0
most_career_wins,person_shiro,Shiro,,37,season_003,6. Spieltag - Mittwoch der 09.03.2016,season_003_schedule_0343,,1,https://docs.google.com/spreadsheets/d/16r_khFZJxguj1o1wSrDQO4vlJhSDhIdN8AbUJQbnDq0/edit#gid=0
most_career_wins,person_shiro,Shiro,,38,season_003,8. Spieltag - Mittwoch der 23.03.2016,season_003_schedule_0208,,1,https://docs.google.com/spreadsheets/d/16r_khFZJxguj1o1wSrDQO4vlJhSDhIdN8AbUJQbnDq0/edit#gid=0
most_career_wins,person_present,PresentLP,,39,season_003,10. Spieltag - Sonntag der 03.04.2016,season_003_schedule_0082,,1,https://docs.google.com/spreadsheets/d/15MPuuKWiOBeqO8JbrOYulUHFDzWbid6_pYZLHiWVzrk/edit#gid=0
most_career_wins,person_shiro,Shiro,,40,season_003,11. Spieltag - Sonntag der 10.04.2016,season_003_schedule_0098,,1,https://docs.google.com/spreadsheets/d/15MPuuKWiOBeqO8JbrOYulUHFDzWbid6_pYZLHiWVzrk/edit#gid=0
most_career_wins,person_shiro,Shiro,,41,season_003,12. Spieltag - Sonntag der 17.04.2016,season_003_schedule_0130,,1,https://docs.google.com/spreadsheets/d/15MPuuKWiOBeqO8JbrOYulUHFDzWbid6_pYZLHiWVzrk/edit#gid=0
most_career_wins,person_shiro,Shiro,,42,season_003,14. Spieltag - Sonntag der 8.05.2016,season_003_schedule_0023,,1,https://docs.google.com/spreadsheets/d/15MPuuKWiOBeqO8JbrOYulUHFDzWbid6_pYZLHiWVzrk/edit#gid=0
most_career_wins,person_shiro,Shiro,,43,season_003,15. Spieltag - Sonntag der 15.05.2016,season_003_schedule_0035,,1,https://docs.google.com/spreadsheets/d/15MPuuKWiOBeqO8JbrOYulUHFDzWbid6_pYZLHiWVzrk/edit#gid=0
most_career_wins,person_shiro,Shiro,,44,season_003,17. Spieltag - Sonntag der 29.05.2016,season_003_schedule_0087,,1,https://docs.google.com/spreadsheets/d/15MPuuKWiOBeqO8JbrOYulUHFDzWbid6_pYZLHiWVzrk/edit#gid=0
most_career_wins,person_shiro,Shiro,,45,season_003,18. Spieltag - Sonntag der 05.06.2016,season_003_schedule_0139,,1,https://docs.google.com/spreadsheets/d/15MPuuKWiOBeqO8JbrOYulUHFDzWbid6_pYZLHiWVzrk/edit#gid=0
most_career_wins,person_present,PresentLP,,46,season_003,20. Spieltag - Sonntag der 19.06.2016,season_003_schedule_0172,,1,https://docs.google.com/spreadsheets/d/15MPuuKWiOBeqO8JbrOYulUHFDzWbid6_pYZLHiWVzrk/edit#gid=0
most_career_wins,person_shiro,Shiro,,47,season_003,21. Spieltag - Sonntag der 26.06.2016,season_003_schedule_0012,,1,https://docs.google.com/spreadsheets/d/15MPuuKWiOBeqO8JbrOYulUHFDzWbid6_pYZLHiWVzrk/edit#gid=0
most_career_wins,person_shiro,Shiro,,48,season_003,22. Spieltag - Sonntag der 03.07.2016,season_003_schedule_0048,,1,https://docs.google.com/spreadsheets/d/15MPuuKWiOBeqO8JbrOYulUHFDzWbid6_pYZLHiWVzrk/edit#gid=0
most_career_wins,person_shiro,Shiro,,49,season_003,24. Spieltag - Sonntag der 17.07.2016,season_003_schedule_0100,,1,https://docs.google.com/spreadsheets/d/15MPuuKWiOBeqO8JbrOYulUHFDzWbid6_pYZLHiWVzrk/edit#gid=0
most_career_wins,person_present,PresentLP,,50,season_003,26. Spieltag - Sonntag der 31.07.2016,season_003_schedule_0152,,1,https://docs.google.com/spreadsheets/d/15MPuuKWiOBeqO8JbrOYulUHFDzWbid6_pYZLHiWVzrk/edit#gid=0
most_career_wins,person_present,PresentLP,,51,season_004,1. Spieltag - Sonntag der 12.03.2017,season_004_schedule_0001,,1,https://docs.google.com/spreadsheets/d/1u8AORkPkqIxR4GblUqU5faeTfuuKGjKrllUxnnUdRz0/edit#gid=992181004
most_career_wins,person_present,PresentLP,,52,season_004,3. Spieltag - Sonntag der 26.03.2017,season_004_schedule_0049,,1,https://docs.google.com/spreadsheets/d/1u8AORkPkqIxR4GblUqU5faeTfuuKGjKrllUxnnUdRz0/edit#gid=992181004
most_career_wins,person_present,PresentLP,,53,season_004,6. Spieltag - Sonntag der 16.04.2017,season_004_schedule_0121,,1,https://docs.google.com/spreadsheets/d/1u8AORkPkqIxR4GblUqU5faeTfuuKGjKrllUxnnUdRz0/edit#gid=992181004
most_career_wins,person_present,PresentLP,,54,season_004,7. Spieltag - Sonntag der 23.04.2017,season_004_schedule_0002,,1,https://docs.google.com/spreadsheets/d/1u8AORkPkqIxR4GblUqU5faeTfuuKGjKrllUxnnUdRz0/edit#gid=992181004
most_career_wins,person_present,PresentLP,,55,season_004,9. Spieltag - Sonntag der 07.05.2017,season_004_schedule_0050,,1,https://docs.google.com/spreadsheets/d/1u8AORkPkqIxR4GblUqU5faeTfuuKGjKrllUxnnUdRz0/edit#gid=992181004
most_career_wins,person_present,PresentLP,,56,season_004,10. Spieltag - Sonntag der 14.05.2017,season_004_schedule_0074,,1,https://docs.google.com/spreadsheets/d/1u8AORkPkqIxR4GblUqU5faeTfuuKGjKrllUxnnUdRz0/edit#gid=992181004
most_career_wins,person_present,PresentLP,,57,season_004,12. Spieltag - Sonntag der 04.06.2017,season_004_schedule_0003,,1,https://docs.google.com/spreadsheets/d/1u8AORkPkqIxR4GblUqU5faeTfuuKGjKrllUxnnUdRz0/edit#gid=992181004
most_career_wins,person_present,PresentLP,,58,season_004,13. Spieltag - Sonntag der 11.06.2017,season_004_schedule_0027,,1,https://docs.google.com/spreadsheets/d/1u8AORkPkqIxR4GblUqU5faeTfuuKGjKrllUxnnUdRz0/edit#gid=992181004
most_career_wins,person_present,PresentLP,,59,season_004,14. Spieltag - Sonntag der 18.06.2017,season_004_schedule_0051,,1,https://docs.google.com/spreadsheets/d/1u8AORkPkqIxR4GblUqU5faeTfuuKGjKrllUxnnUdRz0/edit#gid=992181004
most_career_wins,person_present,PresentLP,,60,season_004,15. Spieltag - Sonntag der 25.06.2017,season_004_schedule_0075,,1,https://docs.google.com/spreadsheets/d/1u8AORkPkqIxR4GblUqU5faeTfuuKGjKrllUxnnUdRz0/edit#gid=992181004
most_career_wins,person_present,PresentLP,,61,season_004,17. Spieltag - Sonntag der 09.07.2017,season_004_schedule_0122,,1,https://docs.google.com/spreadsheets/d/1u8AORkPkqIxR4GblUqU5faeTfuuKGjKrllUxnnUdRz0/edit#gid=992181004
most_career_wins,person_present,PresentLP,,62,season_004,18. Spieltag - Sonntag der 16.07.2017,season_004_schedule_0004,,1,https://docs.google.com/spreadsheets/d/1u8AORkPkqIxR4GblUqU5faeTfuuKGjKrllUxnnUdRz0/edit#gid=992181004
most_career_wins,person_present,PresentLP,,63,season_004,19. Spieltag - Sonntag der 23.07.2017,season_004_schedule_0028,,1,https://docs.google.com/spreadsheets/d/1u8AORkPkqIxR4GblUqU5faeTfuuKGjKrllUxnnUdRz0/edit#gid=992181004
most_career_wins,person_present,PresentLP,,64,season_004,20. Spieltag - Sonntag der 30.07.2017,season_004_schedule_0052,,1,https://docs.google.com/spreadsheets/d/1u8AORkPkqIxR4GblUqU5faeTfuuKGjKrllUxnnUdRz0/edit#gid=992181004
most_career_wins,person_present,PresentLP,,65,season_004,21. Spieltag - Sonntag der 06.08.2017,season_004_schedule_0076,,1,https://docs.google.com/spreadsheets/d/1u8AORkPkqIxR4GblUqU5faeTfuuKGjKrllUxnnUdRz0/edit#gid=992181004
most_career_wins,person_present,PresentLP,,66,season_004,22. Spieltag - Sonntag der 13.08.2017,season_004_schedule_0100,,1,https://docs.google.com/spreadsheets/d/1u8AORkPkqIxR4GblUqU5faeTfuuKGjKrllUxnnUdRz0/edit#gid=992181004
most_career_wins,person_present,PresentLP,,67,season_005,2. Spieltag - Sonntag der 18.03.2018,season_005_schedule_0029,,1,https://docs.google.com/spreadsheets/d/1nONaKwJcrN04APGKN-HrZ8yavwZdFkfnaA59Zp1sdBU/edit#gid=405850997
most_career_wins,person_present,PresentLP,,68,season_005,3. Spieltag - Sonntag der 25.03.2018,season_005_schedule_0061,,1,https://docs.google.com/spreadsheets/d/1nONaKwJcrN04APGKN-HrZ8yavwZdFkfnaA59Zp1sdBU/edit#gid=405850997
most_career_wins,person_present,PresentLP,,69,season_005,4. Spieltag - Sonntag der 01.04.2018,season_005_schedule_0077,,1,https://docs.google.com/spreadsheets/d/1nONaKwJcrN04APGKN-HrZ8yavwZdFkfnaA59Zp1sdBU/edit#gid=405850997
most_career_wins,person_present,PresentLP,,70,season_005,5. Spieltag - Sonntag der 08.04.2018,season_005_schedule_0113,,1,https://docs.google.com/spreadsheets/d/1nONaKwJcrN04APGKN-HrZ8yavwZdFkfnaA59Zp1sdBU/edit#gid=405850997
most_career_wins,person_present,PresentLP,,71,season_005,6. Spieltag - Sonntag der 15.04.2018,season_005_schedule_0123,,1,https://docs.google.com/spreadsheets/d/1nONaKwJcrN04APGKN-HrZ8yavwZdFkfnaA59Zp1sdBU/edit#gid=405850997
most_career_wins,person_present,PresentLP,,72,season_005,7. Spieltag - Sonntag der 22.04.2018,season_005_schedule_0022,,1,https://docs.google.com/spreadsheets/d/1nONaKwJcrN04APGKN-HrZ8yavwZdFkfnaA59Zp1sdBU/edit#gid=405850997
most_career_wins,person_present,PresentLP,,73,season_005,12. Spieltag - Sonntag der 03.06.2018,season_005_schedule_0011,,1,https://docs.google.com/spreadsheets/d/1nONaKwJcrN04APGKN-HrZ8yavwZdFkfnaA59Zp1sdBU/edit#gid=405850997
most_career_wins,person_present,PresentLP,,74,season_005,16. Spieltag - Sonntag der 01.07.2018,season_005_schedule_0115,,1,https://docs.google.com/spreadsheets/d/1nONaKwJcrN04APGKN-HrZ8yavwZdFkfnaA59Zp1sdBU/edit#gid=405850997
most_career_wins,person_present,PresentLP,,75,season_005,17. Spieltag - Sonntag der 08.07.2018,season_005_schedule_0124,,1,https://docs.google.com/spreadsheets/d/1nONaKwJcrN04APGKN-HrZ8yavwZdFkfnaA59Zp1sdBU/edit#gid=405850997
most_career_wins,person_present,PresentLP,,76,season_005,18. Spieltag - Sonntag der 15.07.2018,season_005_schedule_0024,,1,https://docs.google.com/spreadsheets/d/1nONaKwJcrN04APGKN-HrZ8yavwZdFkfnaA59Zp1sdBU/edit#gid=405850997
most_career_wins,person_present,PresentLP,,77,season_005,19. Spieltag - Sonntag der 22.07.2018,season_005_schedule_0032,,1,https://docs.google.com/spreadsheets/d/1nONaKwJcrN04APGKN-HrZ8yavwZdFkfnaA59Zp1sdBU/edit#gid=405850997
most_career_wins,person_present,PresentLP,,78,season_005,20. Spieltag - Sonntag der 29.07.2018,season_005_schedule_0072,,1,https://docs.google.com/spreadsheets/d/1nONaKwJcrN04APGKN-HrZ8yavwZdFkfnaA59Zp1sdBU/edit#gid=405850997
most_career_wins,person_present,PresentLP,,79,season_005,22. Spieltag - Sonntag der 12.08.2018,season_005_schedule_0104,,1,https://docs.google.com/spreadsheets/d/1nONaKwJcrN04APGKN-HrZ8yavwZdFkfnaA59Zp1sdBU/edit#gid=405850997
most_career_wins,person_present,PresentLP,,80,season_006,2. Spieltag - Sonntag der 21.04.2019,season_006_schedule_0021,,1,https://docs.google.com/spreadsheets/d/11wxsKyCydVmDjp4kGLJAOLPM_LgwCLN2GYpbDQkNtkk/edit#gid=892995759
most_career_wins,person_present,PresentLP,,81,season_006,3. Spieltag - Sonntag der 28.04.2019,season_006_schedule_0036,,1,https://docs.google.com/spreadsheets/d/11wxsKyCydVmDjp4kGLJAOLPM_LgwCLN2GYpbDQkNtkk/edit#gid=892995759
most_career_wins,person_present,PresentLP,,82,season_006,4. Spieltag - Sonntag der 05.05.2019,season_006_schedule_0059,,1,https://docs.google.com/spreadsheets/d/11wxsKyCydVmDjp4kGLJAOLPM_LgwCLN2GYpbDQkNtkk/edit#gid=892995759
most_career_wins,person_present,PresentLP,,83,season_006,6. Spieltag - Sonntag der 19.05.2019,season_006_schedule_0077,,1,https://docs.google.com/spreadsheets/d/11wxsKyCydVmDjp4kGLJAOLPM_LgwCLN2GYpbDQkNtkk/edit#gid=892995759
most_career_wins,person_present,PresentLP,,84,season_006,7. Spieltag - Sonntag der 26.05.2019,season_006_schedule_0009,,1,https://docs.google.com/spreadsheets/d/11wxsKyCydVmDjp4kGLJAOLPM_LgwCLN2GYpbDQkNtkk/edit#gid=892995759
most_career_wins,person_present,PresentLP,,85,season_006,8. Spieltag - Sonntag der 02.06.2019,season_006_schedule_0032,,1,https://docs.google.com/spreadsheets/d/11wxsKyCydVmDjp4kGLJAOLPM_LgwCLN2GYpbDQkNtkk/edit#gid=892995759
most_career_wins,person_present,PresentLP,,86,season_006,9. Spieltag - Sonntag der 09.06.2019,season_006_schedule_0042,,1,https://docs.google.com/spreadsheets/d/11wxsKyCydVmDjp4kGLJAOLPM_LgwCLN2GYpbDQkNtkk/edit#gid=892995759
most_career_wins,person_present,PresentLP,,87,season_006,10. Spieltag - Sonntag der 16.06.2019,season_006_schedule_0054,,1,https://docs.google.com/spreadsheets/d/11wxsKyCydVmDjp4kGLJAOLPM_LgwCLN2GYpbDQkNtkk/edit#gid=892995759
most_career_wins,person_present,PresentLP,,88,season_007,4. Spieltag - Sonntag der 10.05.2020,season_007_schedule_0074,,1,https://docs.google.com/spreadsheets/d/1nwiq_ggEj7QePeZGMR2xoi0bEHJr_ZGO24YCRdt93No/edit#gid=1358421537
most_career_wins,person_present,PresentLP,,89,season_007,5. Spieltag - Sonntag der 17.05.2020,season_007_schedule_0080,,1,https://docs.google.com/spreadsheets/d/1nwiq_ggEj7QePeZGMR2xoi0bEHJr_ZGO24YCRdt93No/edit#gid=1358421537
most_career_wins,person_present,PresentLP,,90,season_007,6. Spieltag - Sonntag der 24.05.2020,season_007_schedule_0017,,1,https://docs.google.com/spreadsheets/d/1nwiq_ggEj7QePeZGMR2xoi0bEHJr_ZGO24YCRdt93No/edit#gid=1358421537
most_career_wins,person_present,PresentLP,,91,season_007,7. Spieltag - Sonntag der 31.05.2020,season_007_schedule_0026,,1,https://docs.google.com/spreadsheets/d/1nwiq_ggEj7QePeZGMR2xoi0bEHJr_ZGO24YCRdt93No/edit#gid=1358421537
most_career_wins,person_present,PresentLP,,92,season_007,11. Spieltag - Sonntag der 28.06.2020,season_007_schedule_0006,,1,https://docs.google.com/spreadsheets/d/1nwiq_ggEj7QePeZGMR2xoi0bEHJr_ZGO24YCRdt93No/edit#gid=1358421537
most_career_wins,person_present,PresentLP,,93,season_007,12. Spieltag - Sonntag der 05.07.2019,season_007_schedule_0027,,1,https://docs.google.com/spreadsheets/d/1nwiq_ggEj7QePeZGMR2xoi0bEHJr_ZGO24YCRdt93No/edit#gid=1358421537
most_career_wins,person_present,PresentLP,,94,season_008,1. Spieltag - Sonntag der 18.04.2021,season_008_schedule_0004,,1,https://docs.google.com/spreadsheets/d/1B2uTMvWlAHb7WlpupJV1A2Hbi3K3U1vCyoFV0wCapcw/edit#gid=1432574016
most_career_wins,person_present,PresentLP,,95,season_008,3. Spieltag - Sonntag der 02.05.2021,season_008_schedule_0031,,1,https://docs.google.com/spreadsheets/d/1B2uTMvWlAHb7WlpupJV1A2Hbi3K3U1vCyoFV0wCapcw/edit#gid=1432574016
most_career_wins,person_present,PresentLP,,96,season_008,4. Spieltag - Sonntag der 09.05.2021,season_008_schedule_0040,,1,https://docs.google.com/spreadsheets/d/1B2uTMvWlAHb7WlpupJV1A2Hbi3K3U1vCyoFV0wCapcw/edit#gid=1432574016
most_career_wins,person_present,PresentLP,,97,season_008,5. Spieltag - Sonntag der 16.05.2021,season_008_schedule_0051,,1,https://docs.google.com/spreadsheets/d/1B2uTMvWlAHb7WlpupJV1A2Hbi3K3U1vCyoFV0wCapcw/edit#gid=1432574016
most_career_wins,person_present,PresentLP,,98,season_008,8. Spieltag - Sonntag der 13.06.2021,season_008_schedule_0029,,1,https://docs.google.com/spreadsheets/d/1B2uTMvWlAHb7WlpupJV1A2Hbi3K3U1vCyoFV0wCapcw/edit#gid=1432574016
most_career_wins,person_present,PresentLP,,99,season_008,11. Spieltag - Sonntag der 04.07.2021,season_008_schedule_0006,,1,https://docs.google.com/spreadsheets/d/1B2uTMvWlAHb7WlpupJV1A2Hbi3K3U1vCyoFV0wCapcw/edit#gid=1432574016
most_career_wins,person_present,PresentLP,,100,season_008,13. Spieltag - Sonntag der 18.07.2021,season_008_schedule_0036,,1,https://docs.google.com/spreadsheets/d/1B2uTMvWlAHb7WlpupJV1A2Hbi3K3U1vCyoFV0wCapcw/edit#gid=1432574016
most_career_wins,person_present,PresentLP,,101,season_009,3. Spieltag - Sonntag der 01.05.2022,season_009_schedule_0019,,1,https://docs.google.com/spreadsheets/d/1uo7-E_E2jbehB2hbBurpPayP_0fKY5sPZcFgZmfLydY/edit#gid=1037187549
most_career_wins,person_present,PresentLP,,102,season_009,4. Spieltag - Sonntag der 08.05.2022,season_009_schedule_0029,,1,https://docs.google.com/spreadsheets/d/1uo7-E_E2jbehB2hbBurpPayP_0fKY5sPZcFgZmfLydY/edit#gid=1037187549
most_career_wins,person_present,PresentLP,,103,season_009,5. Spieltag - Sonntag der 15.05.2022,season_009_schedule_0033,,1,https://docs.google.com/spreadsheets/d/1uo7-E_E2jbehB2hbBurpPayP_0fKY5sPZcFgZmfLydY/edit#gid=1037187549
most_career_wins,person_present,PresentLP,,104,season_009,6. Spieltag - Sonntag der 22.05.2022,season_009_schedule_0043,,1,https://docs.google.com/spreadsheets/d/1uo7-E_E2jbehB2hbBurpPayP_0fKY5sPZcFgZmfLydY/edit#gid=1037187549
most_career_wins,person_present,PresentLP,,105,season_009,7. Spieltag - Sonntag der 29.05.2022,season_009_schedule_0053,,1,https://docs.google.com/spreadsheets/d/1uo7-E_E2jbehB2hbBurpPayP_0fKY5sPZcFgZmfLydY/edit#gid=1037187549
most_career_wins,person_present,PresentLP,,106,season_009,8. Spieltag - Sonntag der 12.06.2022,season_009_schedule_0059,,1,https://docs.google.com/spreadsheets/d/1uo7-E_E2jbehB2hbBurpPayP_0fKY5sPZcFgZmfLydY/edit#gid=1037187549
most_career_wins,person_present,PresentLP,,107,season_009,10. Spieltag - Sonntag der 26.06.2022,season_009_schedule_0075,,1,https://docs.google.com/spreadsheets/d/1uo7-E_E2jbehB2hbBurpPayP_0fKY5sPZcFgZmfLydY/edit#gid=1037187549
most_career_wins,person_present,PresentLP,,108,season_010,Spieltag 2,season_010_schedule_0017,,1,https://docs.google.com/spreadsheets/d/13smsrG2BGYxr_omJWcgr-sUDr39bvOJPNL5RPt4DSow/edit#gid=1215904780
most_career_wins,person_present,PresentLP,,109,season_010,Spieltag 4,season_010_schedule_0028,,1,https://docs.google.com/spreadsheets/d/13smsrG2BGYxr_omJWcgr-sUDr39bvOJPNL5RPt4DSow/edit#gid=1215904780
most_career_wins,person_present,PresentLP,,110,season_010,Spieltag 5,season_010_schedule_0035,,1,https://docs.google.com/spreadsheets/d/13smsrG2BGYxr_omJWcgr-sUDr39bvOJPNL5RPt4DSow/edit#gid=1215904780
most_career_wins,person_present,PresentLP,,111,season_010,Spieltag 6,season_010_schedule_0039,,1,https://docs.google.com/spreadsheets/d/13smsrG2BGYxr_omJWcgr-sUDr39bvOJPNL5RPt4DSow/edit#gid=1215904780
most_career_wins,person_present,PresentLP,,112,season_010,Spieltag 7,season_010_schedule_0052,,1,https://docs.google.com/spreadsheets/d/13smsrG2BGYxr_omJWcgr-sUDr39bvOJPNL5RPt4DSow/edit#gid=1215904780
most_career_wins,person_present,PresentLP,,113,season_010,Spieltag 9,season_010_schedule_0045,,1,https://docs.google.com/spreadsheets/d/13smsrG2BGYxr_omJWcgr-sUDr39bvOJPNL5RPt4DSow/edit#gid=1215904780
most_career_wins,person_present,PresentLP,,114,season_010,Spieltag 10,season_010_schedule_0067,,1,https://docs.google.com/spreadsheets/d/13smsrG2BGYxr_omJWcgr-sUDr39bvOJPNL5RPt4DSow/edit#gid=1215904780
most_career_wins,person_present,PresentLP,,115,season_010,Spieltag 11,season_010_schedule_0080,,1,https://docs.google.com/spreadsheets/d/13smsrG2BGYxr_omJWcgr-sUDr39bvOJPNL5RPt4DSow/edit#gid=1215904780
most_career_wins,person_present,PresentLP,,116,season_010,Spieltag 12,season_010_schedule_0069,,1,https://docs.google.com/spreadsheets/d/13smsrG2BGYxr_omJWcgr-sUDr39bvOJPNL5RPt4DSow/edit#gid=1215904780
most_career_wins,person_present,PresentLP,,117,season_010,Spieltag 13,season_010_schedule_0091,,1,https://docs.google.com/spreadsheets/d/13smsrG2BGYxr_omJWcgr-sUDr39bvOJPNL5RPt4DSow/edit#gid=1215904780
most_career_wins,person_present,PresentLP,,118,season_010,Viertelfinale,season_010_schedule_0089,,1,https://docs.google.com/spreadsheets/d/13smsrG2BGYxr_omJWcgr-sUDr39bvOJPNL5RPt4DSow/edit#gid=1215904780
most_career_wins,person_present,PresentLP,,119,season_010,Spiel um Platz 3,season_010_schedule_0097,,0,https://docs.google.com/spreadsheets/d/13smsrG2BGYxr_omJWcgr-sUDr39bvOJPNL5RPt4DSow/edit#gid=1215904780
most_career_matches,person_daumenkino,DaumenkinoLP,,1,season_001,1. Spieltag - Sonntag der 14.09.2014 [12:00 -17:00],season_001_schedule_0001,,1,https://docs.google.com/spreadsheets/d/14N_40jsahiN9DChpnNaPTnFy26If6imVHtqBGDWk6pg/edit#gid=0
most_career_matches,person_surskittv,SurskitTV,,2,season_001,2. Spieltag - Sonntag der 21.09.2014 [12:00 -17:00],season_001_schedule_0025,,1,https://docs.google.com/spreadsheets/d/14N_40jsahiN9DChpnNaPTnFy26If6imVHtqBGDWk6pg/edit#gid=0
most_career_matches,person_art_n_gaming,Art'n'Gaming,,3,season_001,3. Spieltag - Sonntag der 28.09.2014 [12:00 -17:00],season_001_schedule_0049,,1,https://docs.google.com/spreadsheets/d/14N_40jsahiN9DChpnNaPTnFy26If6imVHtqBGDWk6pg/edit#gid=0
most_career_matches,person_surskittv,SurskitTV,,4,season_001,4. Spieltag - Sonntag der 05.10.2014 [12:00 -17:00],season_001_schedule_0073,,1,https://docs.google.com/spreadsheets/d/14N_40jsahiN9DChpnNaPTnFy26If6imVHtqBGDWk6pg/edit#gid=0
most_career_matches,person_dirtyd64,DirtyD64,,5,season_001,5. Spieltag - Sonntag der 12.10.2014 [12:00 -17:00],season_001_schedule_0091,,1,https://docs.google.com/spreadsheets/d/14N_40jsahiN9DChpnNaPTnFy26If6imVHtqBGDWk6pg/edit#gid=0
most_career_matches,person_surskittv,SurskitTV,,6,season_001,6. Spieltag - Sonntag der 19.10.2014 [12:00 -17:00],season_001_schedule_0109,,1,https://docs.google.com/spreadsheets/d/14N_40jsahiN9DChpnNaPTnFy26If6imVHtqBGDWk6pg/edit#gid=0
most_career_matches,person_present,PresentLP,,7,season_001,7. Spieltag - Sonntag der 26.10.2014 [12:00 -17:00],season_001_schedule_0002,,1,https://docs.google.com/spreadsheets/d/14N_40jsahiN9DChpnNaPTnFy26If6imVHtqBGDWk6pg/edit#gid=0
most_career_matches,person_surskittv,SurskitTV,,8,season_001,8. Spieltag - Sonntag der 02.11.2014 [12:00 -17:00],season_001_schedule_0026,,1,https://docs.google.com/spreadsheets/d/14N_40jsahiN9DChpnNaPTnFy26If6imVHtqBGDWk6pg/edit#gid=0
most_career_matches,person_shiro,Shiro,,9,season_001,9. Spieltag - Sonntag der 09.11.2014 [12:00 -17:00],season_001_schedule_0050,,1,https://docs.google.com/spreadsheets/d/14N_40jsahiN9DChpnNaPTnFy26If6imVHtqBGDWk6pg/edit#gid=0
most_career_matches,person_surskittv,SurskitTV,,10,season_001,10. Spieltag - Sonntag der 16.11.2014 [12:00 -17:00],season_001_schedule_0074,,1,https://docs.google.com/spreadsheets/d/14N_40jsahiN9DChpnNaPTnFy26If6imVHtqBGDWk6pg/edit#gid=0
most_career_matches,person_diaswordplay,DiaSwordPlay,,11,season_001,11. Spieltag – Sonntag der 23.11.2014 [12:00 -17:00],season_001_schedule_0092,,1,https://docs.google.com/spreadsheets/d/14N_40jsahiN9DChpnNaPTnFy26If6imVHtqBGDWk6pg/edit#gid=0
most_career_matches,person_daumenkino,DaumenkinoLP,,12,season_001,12. Spieltag – Sonntag der 07.12.2014 [12:00 -17:00],season_001_schedule_0003,,1,https://docs.google.com/spreadsheets/d/14N_40jsahiN9DChpnNaPTnFy26If6imVHtqBGDWk6pg/edit#gid=0
most_career_matches,person_surskittv,SurskitTV,,13,season_001,13. Spieltag – Sonntag der 14.12.2014 [12:00 -17:00],season_001_schedule_0027,,1,https://docs.google.com/spreadsheets/d/14N_40jsahiN9DChpnNaPTnFy26If6imVHtqBGDWk6pg/edit#gid=0
most_career_matches,person_art_n_gaming,Art'n'Gaming,,14,season_001,14. Spieltag – Sonntag der 21.12.2014 [12:00 -17:00],season_001_schedule_0051,,1,https://docs.google.com/spreadsheets/d/14N_40jsahiN9DChpnNaPTnFy26If6imVHtqBGDWk6pg/edit#gid=0
most_career_matches,person_surskittv,SurskitTV,,15,season_001,15. Spieltag – Sonntag der 28.12.2014 [12:00 -17:00],season_001_schedule_0075,,1,https://docs.google.com/spreadsheets/d/14N_40jsahiN9DChpnNaPTnFy26If6imVHtqBGDWk6pg/edit#gid=0
most_career_matches,person_dirtyd64,DirtyD64,,16,season_001,16. Spieltag – Sonntag der 04.01.2015 [12:00 -17:00],season_001_schedule_0093,,1,https://docs.google.com/spreadsheets/d/14N_40jsahiN9DChpnNaPTnFy26If6imVHtqBGDWk6pg/edit#gid=0
most_career_matches,person_surskittv,SurskitTV,,17,season_001,17. Spieltag – Sonntag der 11.01.2015 [12:00 -17:00],season_001_schedule_0110,,1,https://docs.google.com/spreadsheets/d/14N_40jsahiN9DChpnNaPTnFy26If6imVHtqBGDWk6pg/edit#gid=0
most_career_matches,person_present,PresentLP,,18,season_001,18. Spieltag – Sonntag der 18.01.2015 [12:00 -17:00],season_001_schedule_0004,,1,https://docs.google.com/spreadsheets/d/14N_40jsahiN9DChpnNaPTnFy26If6imVHtqBGDWk6pg/edit#gid=0
most_career_matches,person_surskittv,SurskitTV,,19,season_001,19. Spieltag – Sonntag der 25.01.2015 [12:00 -17:00],season_001_schedule_0028,,1,https://docs.google.com/spreadsheets/d/14N_40jsahiN9DChpnNaPTnFy26If6imVHtqBGDWk6pg/edit#gid=0
most_career_matches,person_shiro,Shiro,,20,season_001,20. Spieltag – Sonntag der 01.02.2015 [12:00 -17:00],season_001_schedule_0052,,1,https://docs.google.com/spreadsheets/d/14N_40jsahiN9DChpnNaPTnFy26If6imVHtqBGDWk6pg/edit#gid=0
most_career_matches,person_fnupa,Cabgolord,,21,season_001,21. Spieltag - Sonntag der 08.02.2015 [12:00 -17:00],season_001_manual_0021_fnupa_present,https://www.youtube.com/watch?v=I4_AqvEj0TA,1,https://docs.google.com/spreadsheets/d/14N_40jsahiN9DChpnNaPTnFy26If6imVHtqBGDWk6pg/edit#gid=0;https://www.youtube.com/watch?v=I4_AqvEj0TA
most_career_matches,person_fnupa,Cabgolord,,22,season_001,22. Spieltag - Sonntag der 15.02.2015 [12:00 -17:00],season_001_manual_0022_fnupa_shiro,https://www.youtube.com/watch?v=yLHdH2LhfE0,1,https://www.youtube.com/watch?v=yLHdH2LhfE0
most_career_matches,person_fnupa,Cabgolord,,23,season_002,1. Spieltag - Sonntag der 15.03.2015 [12:00 -18:00],season_002_schedule_0021,,1,https://docs.google.com/spreadsheets/d/16wGz0QnHeyqfcAhKdYvDqUZAvKxXKuAHchszJjhpp-o/edit#gid=0
most_career_matches,person_fnupa,Cabgolord,,24,season_002,2. Spieltag - Sonntag der 22.03.2015 [12:00 -18:00],season_002_schedule_0053,,1,https://docs.google.com/spreadsheets/d/16wGz0QnHeyqfcAhKdYvDqUZAvKxXKuAHchszJjhpp-o/edit#gid=0
most_career_matches,person_fnupa,Cabgolord,,25,season_002,3. Spieltag - Sonntag der 29.03.2015 [12:00 -18:00],season_002_schedule_0081,,1,https://docs.google.com/spreadsheets/d/16wGz0QnHeyqfcAhKdYvDqUZAvKxXKuAHchszJjhpp-o/edit#gid=0
most_career_matches,person_fnupa,Cabgolord,,26,season_002,4. Spieltag - Sonntag der 05.04.2015 [12:00 -18:00],season_002_schedule_0105,,1,https://docs.google.com/spreadsheets/d/16wGz0QnHeyqfcAhKdYvDqUZAvKxXKuAHchszJjhpp-o/edit#gid=0
most_career_matches,person_fnupa,Cabgolord,,27,season_002,5. Spieltag - Sonntag der 12.04.2015 [12:00 -18:00],season_002_schedule_0129,,1,https://docs.google.com/spreadsheets/d/16wGz0QnHeyqfcAhKdYvDqUZAvKxXKuAHchszJjhpp-o/edit#gid=0
most_career_matches,person_fnupa,Cabgolord,,28,season_002,6. Spieltag - Sonntag der 19.04.2015 [12:00 -18:00],season_002_schedule_0153,,1,https://docs.google.com/spreadsheets/d/16wGz0QnHeyqfcAhKdYvDqUZAvKxXKuAHchszJjhpp-o/edit#gid=0
most_career_matches,person_fnupa,Cabgolord,,29,season_002,7. Spieltag - Sonntag der 26.04.2015 [12:00 -18:00],season_002_schedule_0173,,1,https://docs.google.com/spreadsheets/d/16wGz0QnHeyqfcAhKdYvDqUZAvKxXKuAHchszJjhpp-o/edit#gid=0
most_career_matches,person_fnupa,Cabgolord,,30,season_002,8. Spieltag - Sonntag der 03.05.2015 [12:00 -18:00],season_002_schedule_0006,,1,https://docs.google.com/spreadsheets/d/16wGz0QnHeyqfcAhKdYvDqUZAvKxXKuAHchszJjhpp-o/edit#gid=0
most_career_matches,person_fnupa,Cabgolord,,31,season_002,9. Spieltag - Sonntag der 10.05.2015 [12:00 -18:00],season_002_schedule_0030,,1,https://docs.google.com/spreadsheets/d/16wGz0QnHeyqfcAhKdYvDqUZAvKxXKuAHchszJjhpp-o/edit#gid=0
most_career_matches,person_fnupa,Cabgolord,,32,season_002,10. Spieltag - Sonntag der 17.05.2015 [12:00 -18:00],season_002_schedule_0062,,1,https://docs.google.com/spreadsheets/d/16wGz0QnHeyqfcAhKdYvDqUZAvKxXKuAHchszJjhpp-o/edit#gid=0
most_career_matches,person_fnupa,Cabgolord,,33,season_002,11. Spieltag - Sonntag der 24.05.2015 [12:00 -18:00],season_002_schedule_0094,,1,https://docs.google.com/spreadsheets/d/16wGz0QnHeyqfcAhKdYvDqUZAvKxXKuAHchszJjhpp-o/edit#gid=0
most_career_matches,person_fnupa,Cabgolord,,34,season_002,12. Spieltag - Sonntag der 31.05.2015 [12:00 -18:00],season_002_schedule_0126,,1,https://docs.google.com/spreadsheets/d/16wGz0QnHeyqfcAhKdYvDqUZAvKxXKuAHchszJjhpp-o/edit#gid=0
most_career_matches,person_fnupa,Cabgolord,,35,season_002,13. Spieltag - Sonntag der 07.06.2015 [12:00 -18:00],season_002_schedule_0158,,1,https://docs.google.com/spreadsheets/d/16wGz0QnHeyqfcAhKdYvDqUZAvKxXKuAHchszJjhpp-o/edit#gid=0
most_career_matches,person_fnupa,Cabgolord,,36,season_002,14. Spieltag - Sonntag der 21.06.2015 [12:00 -18:00],season_002_schedule_0023,,1,https://docs.google.com/spreadsheets/d/16wGz0QnHeyqfcAhKdYvDqUZAvKxXKuAHchszJjhpp-o/edit#gid=0
most_career_matches,person_fnupa,Cabgolord,,37,season_002,15. Spieltag - Sonntag der 28.06.2015 [12:00 -18:00],season_002_schedule_0055,,1,https://docs.google.com/spreadsheets/d/16wGz0QnHeyqfcAhKdYvDqUZAvKxXKuAHchszJjhpp-o/edit#gid=0
most_career_matches,person_fnupa,Cabgolord,,38,season_002,16. Spieltag - Sonntag der 05.07.2015 [12:00 -18:00],season_002_schedule_0083,,1,https://docs.google.com/spreadsheets/d/16wGz0QnHeyqfcAhKdYvDqUZAvKxXKuAHchszJjhpp-o/edit#gid=0
most_career_matches,person_fnupa,Cabgolord,,39,season_002,17. Spieltag - Sonntag der 12.07.2015 [12:00 -18:00],season_002_schedule_0107,,1,https://docs.google.com/spreadsheets/d/16wGz0QnHeyqfcAhKdYvDqUZAvKxXKuAHchszJjhpp-o/edit#gid=0
most_career_matches,person_fnupa,Cabgolord,,40,season_002,18. Spieltag - Sonntag der 19.07.2015 [12:00 -18:00],season_002_schedule_0131,,1,https://docs.google.com/spreadsheets/d/16wGz0QnHeyqfcAhKdYvDqUZAvKxXKuAHchszJjhpp-o/edit#gid=0
most_career_matches,person_fnupa,Cabgolord,,41,season_002,19. Spieltag - Sonntag der 26.07.2015 [12:00 -18:00],season_002_schedule_0155,,1,https://docs.google.com/spreadsheets/d/16wGz0QnHeyqfcAhKdYvDqUZAvKxXKuAHchszJjhpp-o/edit#gid=0
most_career_matches,person_fnupa,Cabgolord,,42,season_002,20. Spieltag - Sonntag der 02.08.2015 [12:00 -18:00],season_002_schedule_0174,,1,https://docs.google.com/spreadsheets/d/16wGz0QnHeyqfcAhKdYvDqUZAvKxXKuAHchszJjhpp-o/edit#gid=0
most_career_matches,person_fnupa,Cabgolord,,43,season_002,21. Spieltag - Sonntag der 09.08.2015  [12:00 -18:00],season_002_schedule_0008,,1,https://docs.google.com/spreadsheets/d/16wGz0QnHeyqfcAhKdYvDqUZAvKxXKuAHchszJjhpp-o/edit#gid=0
most_career_matches,person_fnupa,Cabgolord,,44,season_002,22. Spieltag - Sonntag der 16.08.2015 [12:00 -18:00],season_002_schedule_0032,,1,https://docs.google.com/spreadsheets/d/16wGz0QnHeyqfcAhKdYvDqUZAvKxXKuAHchszJjhpp-o/edit#gid=0
most_career_matches,person_fnupa,Cabgolord,,45,season_002,23. Spieltag - Sonntag der 23.08.2015 [12:00 -18:00],season_002_schedule_0064,,1,https://docs.google.com/spreadsheets/d/16wGz0QnHeyqfcAhKdYvDqUZAvKxXKuAHchszJjhpp-o/edit#gid=0
most_career_matches,person_fnupa,Cabgolord,,46,season_002,24. Spieltag - Sonntag der 30.08.2015 [12:00 -18:00],season_002_schedule_0096,,1,https://docs.google.com/spreadsheets/d/16wGz0QnHeyqfcAhKdYvDqUZAvKxXKuAHchszJjhpp-o/edit#gid=0
most_career_matches,person_fnupa,Cabgolord,,47,season_002,25. Spieltag - Sonntag der 06.09.2015 [12:00 -18:00],season_002_schedule_0128,,1,https://docs.google.com/spreadsheets/d/16wGz0QnHeyqfcAhKdYvDqUZAvKxXKuAHchszJjhpp-o/edit#gid=0
most_career_matches,person_fnupa,Cabgolord,,48,season_002,26. Spieltag - Sonntag der 13.09.2015 [12:00 -18:00],season_002_schedule_0160,,1,https://docs.google.com/spreadsheets/d/16wGz0QnHeyqfcAhKdYvDqUZAvKxXKuAHchszJjhpp-o/edit#gid=0
most_career_matches,person_fnupa,Cabgolord,,49,season_003,1. Spieltag - Mittwoch der 03.02.2016,season_003_schedule_0187,,1,https://docs.google.com/spreadsheets/d/16r_khFZJxguj1o1wSrDQO4vlJhSDhIdN8AbUJQbnDq0/edit#gid=0
most_career_matches,person_shiro,Shiro,,50,season_003,2. Spieltag - Sonntag der 07.02.2016,season_003_schedule_0033,,1,https://docs.google.com/spreadsheets/d/15MPuuKWiOBeqO8JbrOYulUHFDzWbid6_pYZLHiWVzrk/edit#gid=0
most_career_matches,person_shiro,Shiro,,51,season_003,2. Spieltag - Mittwoch der 10.02.2016,season_003_schedule_0223,,1,https://docs.google.com/spreadsheets/d/16r_khFZJxguj1o1wSrDQO4vlJhSDhIdN8AbUJQbnDq0/edit#gid=0
most_career_matches,person_shiro,Shiro,,52,season_003,3. Spieltag - Sonntag der 14.02.2016,season_003_schedule_0081,,1,https://docs.google.com/spreadsheets/d/15MPuuKWiOBeqO8JbrOYulUHFDzWbid6_pYZLHiWVzrk/edit#gid=0
most_career_matches,person_shiro,Shiro,,53,season_003,3. Spieltag - Mittwoch der 17.02.2016,season_003_schedule_0251,,1,https://docs.google.com/spreadsheets/d/16r_khFZJxguj1o1wSrDQO4vlJhSDhIdN8AbUJQbnDq0/edit#gid=0
most_career_matches,person_shiro,Shiro,,54,season_003,4. Spieltag - Sonntag der 21.02.2016,season_003_schedule_0085,,1,https://docs.google.com/spreadsheets/d/15MPuuKWiOBeqO8JbrOYulUHFDzWbid6_pYZLHiWVzrk/edit#gid=0
most_career_matches,person_shiro,Shiro,,55,season_003,4. Spieltag - Mittwoch der 24.02.2016,season_003_schedule_0283,,1,https://docs.google.com/spreadsheets/d/16r_khFZJxguj1o1wSrDQO4vlJhSDhIdN8AbUJQbnDq0/edit#gid=0
most_career_matches,person_shiro,Shiro,,56,season_003,5. Spieltag - Sonntag der 28.02.2016,season_003_schedule_0137,,1,https://docs.google.com/spreadsheets/d/15MPuuKWiOBeqO8JbrOYulUHFDzWbid6_pYZLHiWVzrk/edit#gid=0
most_career_matches,person_shiro,Shiro,,57,season_003,5. Spieltag - Mittwoch der 02.03.2016,season_003_schedule_0303,,1,https://docs.google.com/spreadsheets/d/16r_khFZJxguj1o1wSrDQO4vlJhSDhIdN8AbUJQbnDq0/edit#gid=0
most_career_matches,person_shiro,Shiro,,58,season_003,6. Spieltag - Sonntag der 06.03.2016,season_003_schedule_0145,,1,https://docs.google.com/spreadsheets/d/15MPuuKWiOBeqO8JbrOYulUHFDzWbid6_pYZLHiWVzrk/edit#gid=0
most_career_matches,person_shiro,Shiro,,59,season_003,6. Spieltag - Mittwoch der 09.03.2016,season_003_schedule_0343,,1,https://docs.google.com/spreadsheets/d/16r_khFZJxguj1o1wSrDQO4vlJhSDhIdN8AbUJQbnDq0/edit#gid=0
most_career_matches,person_shiro,Shiro,,60,season_003,7. Spieltag - Sonntag der 13.03.2016,season_003_schedule_0179,,1,https://docs.google.com/spreadsheets/d/15MPuuKWiOBeqO8JbrOYulUHFDzWbid6_pYZLHiWVzrk/edit#gid=0
most_career_matches,person_shiro,Shiro,,61,season_003,7. Spieltag - Mittwoch der 16.03.2016,season_003_schedule_0353,,1,https://docs.google.com/spreadsheets/d/16r_khFZJxguj1o1wSrDQO4vlJhSDhIdN8AbUJQbnDq0/edit#gid=0
most_career_matches,person_shiro,Shiro,,62,season_003,8. Spieltag - Sonntag der 20.03.2016,season_003_schedule_0010,,1,https://docs.google.com/spreadsheets/d/15MPuuKWiOBeqO8JbrOYulUHFDzWbid6_pYZLHiWVzrk/edit#gid=0
most_career_matches,person_shiro,Shiro,,63,season_003,8. Spieltag - Mittwoch der 23.03.2016,season_003_schedule_0208,,1,https://docs.google.com/spreadsheets/d/16r_khFZJxguj1o1wSrDQO4vlJhSDhIdN8AbUJQbnDq0/edit#gid=0
most_career_matches,person_shiro,Shiro,,64,season_003,9. Spieltag - Sonntag der 27.03.2016,season_003_schedule_0046,,1,https://docs.google.com/spreadsheets/d/15MPuuKWiOBeqO8JbrOYulUHFDzWbid6_pYZLHiWVzrk/edit#gid=0
most_career_matches,person_shiro,Shiro,,65,season_003,9. Spieltag - Mittwoch der 30.03.2016,season_003_schedule_0212,,1,https://docs.google.com/spreadsheets/d/16r_khFZJxguj1o1wSrDQO4vlJhSDhIdN8AbUJQbnDq0/edit#gid=0
most_career_matches,person_shiro,Shiro,,66,season_003,10. Spieltag - Sonntag der 03.04.2016,season_003_schedule_0070,,1,https://docs.google.com/spreadsheets/d/15MPuuKWiOBeqO8JbrOYulUHFDzWbid6_pYZLHiWVzrk/edit#gid=0
most_career_matches,person_shiro,Shiro,,67,season_003,10. Spieltag - Mittwoch der 06.04.2016,season_003_schedule_0264,,1,https://docs.google.com/spreadsheets/d/16r_khFZJxguj1o1wSrDQO4vlJhSDhIdN8AbUJQbnDq0/edit#gid=0
most_career_matches,person_shiro,Shiro,,68,season_003,11. Spieltag - Sonntag der 10.04.2016,season_003_schedule_0098,,1,https://docs.google.com/spreadsheets/d/15MPuuKWiOBeqO8JbrOYulUHFDzWbid6_pYZLHiWVzrk/edit#gid=0
most_career_matches,person_shiro,Shiro,,69,season_003,12. Spieltag - Sonntag der 17.04.2016,season_003_schedule_0130,,1,https://docs.google.com/spreadsheets/d/15MPuuKWiOBeqO8JbrOYulUHFDzWbid6_pYZLHiWVzrk/edit#gid=0
most_career_matches,person_shiro,Shiro,,70,season_003,13. Spieltag - Sonntag der 24.04.2016,season_003_schedule_0150,,1,https://docs.google.com/spreadsheets/d/15MPuuKWiOBeqO8JbrOYulUHFDzWbid6_pYZLHiWVzrk/edit#gid=0
most_career_matches,person_shiro,Shiro,,71,season_003,14. Spieltag - Sonntag der 8.05.2016,season_003_schedule_0023,,1,https://docs.google.com/spreadsheets/d/15MPuuKWiOBeqO8JbrOYulUHFDzWbid6_pYZLHiWVzrk/edit#gid=0
most_career_matches,person_shiro,Shiro,,72,season_003,15. Spieltag - Sonntag der 15.05.2016,season_003_schedule_0035,,1,https://docs.google.com/spreadsheets/d/15MPuuKWiOBeqO8JbrOYulUHFDzWbid6_pYZLHiWVzrk/edit#gid=0
most_career_matches,person_shiro,Shiro,,73,season_003,16. Spieltag - Sonntag der 22.05.2016,season_003_schedule_0083,,1,https://docs.google.com/spreadsheets/d/15MPuuKWiOBeqO8JbrOYulUHFDzWbid6_pYZLHiWVzrk/edit#gid=0
most_career_matches,person_shiro,Shiro,,74,season_003,17. Spieltag - Sonntag der 29.05.2016,season_003_schedule_0087,,1,https://docs.google.com/spreadsheets/d/15MPuuKWiOBeqO8JbrOYulUHFDzWbid6_pYZLHiWVzrk/edit#gid=0
most_career_matches,person_shiro,Shiro,,75,season_003,18. Spieltag - Sonntag der 05.06.2016,season_003_schedule_0139,,1,https://docs.google.com/spreadsheets/d/15MPuuKWiOBeqO8JbrOYulUHFDzWbid6_pYZLHiWVzrk/edit#gid=0
most_career_matches,person_shiro,Shiro,,76,season_003,19. Spieltag - Sonntag der 12.06.2016,season_003_schedule_0147,,1,https://docs.google.com/spreadsheets/d/15MPuuKWiOBeqO8JbrOYulUHFDzWbid6_pYZLHiWVzrk/edit#gid=0
most_career_matches,person_shiro,Shiro,,77,season_003,20. Spieltag - Sonntag der 19.06.2016,season_003_schedule_0180,,1,https://docs.google.com/spreadsheets/d/15MPuuKWiOBeqO8JbrOYulUHFDzWbid6_pYZLHiWVzrk/edit#gid=0
most_career_matches,person_shiro,Shiro,,78,season_003,21. Spieltag - Sonntag der 26.06.2016,season_003_schedule_0012,,1,https://docs.google.com/spreadsheets/d/15MPuuKWiOBeqO8JbrOYulUHFDzWbid6_pYZLHiWVzrk/edit#gid=0
most_career_matches,person_shiro,Shiro,,79,season_003,22. Spieltag - Sonntag der 03.07.2016,season_003_schedule_0048,,1,https://docs.google.com/spreadsheets/d/15MPuuKWiOBeqO8JbrOYulUHFDzWbid6_pYZLHiWVzrk/edit#gid=0
most_career_matches,person_shiro,Shiro,,80,season_003,23. Spieltag - Sonntag der 10.07.2016,season_003_schedule_0072,,1,https://docs.google.com/spreadsheets/d/15MPuuKWiOBeqO8JbrOYulUHFDzWbid6_pYZLHiWVzrk/edit#gid=0
most_career_matches,person_shiro,Shiro,,81,season_003,24. Spieltag - Sonntag der 17.07.2016,season_003_schedule_0100,,1,https://docs.google.com/spreadsheets/d/15MPuuKWiOBeqO8JbrOYulUHFDzWbid6_pYZLHiWVzrk/edit#gid=0
most_career_matches,person_shiro,Shiro,,82,season_003,25. Spieltag - Sonntag der 24.07.2016,season_003_schedule_0132,,1,https://docs.google.com/spreadsheets/d/15MPuuKWiOBeqO8JbrOYulUHFDzWbid6_pYZLHiWVzrk/edit#gid=0
most_career_matches,person_shiro,Shiro,,83,season_003,26. Spieltag - Sonntag der 31.07.2016,season_003_schedule_0152,,1,https://docs.google.com/spreadsheets/d/15MPuuKWiOBeqO8JbrOYulUHFDzWbid6_pYZLHiWVzrk/edit#gid=0
most_career_matches,person_fnupa,Cabgolord,,84,season_004,10. Spieltag - Sonntag der 14.05.2017,season_004_schedule_0094,,1,https://docs.google.com/spreadsheets/d/1u8AORkPkqIxR4GblUqU5faeTfuuKGjKrllUxnnUdRz0/edit#gid=992181004
most_career_matches,person_fnupa,Cabgolord,,85,season_004,11. Spieltag - Sonntag der 21.05.2017,season_004_schedule_0114,,1,https://docs.google.com/spreadsheets/d/1u8AORkPkqIxR4GblUqU5faeTfuuKGjKrllUxnnUdRz0/edit#gid=992181004
most_career_matches,person_fnupa,Cabgolord,,86,season_004,12. Spieltag - Sonntag der 04.06.2017,season_004_schedule_0015,,1,https://docs.google.com/spreadsheets/d/1u8AORkPkqIxR4GblUqU5faeTfuuKGjKrllUxnnUdRz0/edit#gid=992181004
most_career_matches,person_fnupa,Cabgolord,,87,season_004,13. Spieltag - Sonntag der 11.06.2017,season_004_schedule_0035,,1,https://docs.google.com/spreadsheets/d/1u8AORkPkqIxR4GblUqU5faeTfuuKGjKrllUxnnUdRz0/edit#gid=992181004
most_career_matches,person_fnupa,Cabgolord,,88,season_004,14. Spieltag - Sonntag der 18.06.2017,season_004_schedule_0055,,1,https://docs.google.com/spreadsheets/d/1u8AORkPkqIxR4GblUqU5faeTfuuKGjKrllUxnnUdRz0/edit#gid=992181004
most_career_matches,person_fnupa,Cabgolord,,89,season_004,15. Spieltag - Sonntag der 25.06.2017,season_004_schedule_0075,,1,https://docs.google.com/spreadsheets/d/1u8AORkPkqIxR4GblUqU5faeTfuuKGjKrllUxnnUdRz0/edit#gid=992181004
most_career_matches,person_fnupa,Cabgolord,,90,season_004,16. Spieltag - Sonntag der 02.07.2017,season_004_schedule_0103,,1,https://docs.google.com/spreadsheets/d/1u8AORkPkqIxR4GblUqU5faeTfuuKGjKrllUxnnUdRz0/edit#gid=992181004
most_career_matches,person_fnupa,Cabgolord,,91,season_004,17. Spieltag - Sonntag der 09.07.2017,season_004_schedule_0126,,1,https://docs.google.com/spreadsheets/d/1u8AORkPkqIxR4GblUqU5faeTfuuKGjKrllUxnnUdRz0/edit#gid=992181004
most_career_matches,person_fnupa,Cabgolord,,92,season_004,18. Spieltag - Sonntag der 16.07.2017,season_004_schedule_0016,,1,https://docs.google.com/spreadsheets/d/1u8AORkPkqIxR4GblUqU5faeTfuuKGjKrllUxnnUdRz0/edit#gid=992181004
most_career_matches,person_fnupa,Cabgolord,,93,season_004,19. Spieltag - Sonntag der 23.07.2017,season_004_schedule_0044,,1,https://docs.google.com/spreadsheets/d/1u8AORkPkqIxR4GblUqU5faeTfuuKGjKrllUxnnUdRz0/edit#gid=992181004
most_career_matches,person_fnupa,Cabgolord,,94,season_004,20. Spieltag - Sonntag der 30.07.2017,season_004_schedule_0072,,1,https://docs.google.com/spreadsheets/d/1u8AORkPkqIxR4GblUqU5faeTfuuKGjKrllUxnnUdRz0/edit#gid=992181004
most_career_matches,person_fnupa,Cabgolord,,95,season_004,21. Spieltag - Sonntag der 06.08.2017,season_004_schedule_0096,,1,https://docs.google.com/spreadsheets/d/1u8AORkPkqIxR4GblUqU5faeTfuuKGjKrllUxnnUdRz0/edit#gid=992181004
most_career_matches,person_fnupa,Cabgolord,,96,season_004,22. Spieltag - Sonntag der 13.08.2017,season_004_schedule_0116,,1,https://docs.google.com/spreadsheets/d/1u8AORkPkqIxR4GblUqU5faeTfuuKGjKrllUxnnUdRz0/edit#gid=992181004
most_career_matches,person_fnupa,Cabgolord,,97,season_005,1. Spieltag - Sonntag der 11.03.2018,season_005_schedule_0009,,1,https://docs.google.com/spreadsheets/d/1nONaKwJcrN04APGKN-HrZ8yavwZdFkfnaA59Zp1sdBU/edit#gid=405850997
most_career_matches,person_fnupa,Cabgolord,,98,season_005,2. Spieltag - Sonntag der 18.03.2018,season_005_schedule_0025,,1,https://docs.google.com/spreadsheets/d/1nONaKwJcrN04APGKN-HrZ8yavwZdFkfnaA59Zp1sdBU/edit#gid=405850997
most_career_matches,person_fnupa,Cabgolord,,99,season_005,3. Spieltag - Sonntag der 25.03.2018,season_005_schedule_0049,,1,https://docs.google.com/spreadsheets/d/1nONaKwJcrN04APGKN-HrZ8yavwZdFkfnaA59Zp1sdBU/edit#gid=405850997
most_career_matches,person_fnupa,Cabgolord,,100,season_005,4. Spieltag - Sonntag der 01.04.2018,season_005_schedule_0093,,1,https://docs.google.com/spreadsheets/d/1nONaKwJcrN04APGKN-HrZ8yavwZdFkfnaA59Zp1sdBU/edit#gid=405850997
most_career_matches,person_fnupa,Cabgolord,,101,season_005,5. Spieltag - Sonntag der 08.04.2018,season_005_schedule_0105,,1,https://docs.google.com/spreadsheets/d/1nONaKwJcrN04APGKN-HrZ8yavwZdFkfnaA59Zp1sdBU/edit#gid=405850997
most_career_matches,person_fnupa,Cabgolord,,102,season_005,6. Spieltag - Sonntag der 15.04.2018,season_005_schedule_0129,,1,https://docs.google.com/spreadsheets/d/1nONaKwJcrN04APGKN-HrZ8yavwZdFkfnaA59Zp1sdBU/edit#gid=405850997
most_career_matches,person_fnupa,Cabgolord,,103,season_005,7. Spieltag - Sonntag der 22.04.2018,season_005_schedule_0010,,1,https://docs.google.com/spreadsheets/d/1nONaKwJcrN04APGKN-HrZ8yavwZdFkfnaA59Zp1sdBU/edit#gid=405850997
most_career_matches,person_fnupa,Cabgolord,,104,season_005,8. Spieltag - Sonntag der 29.04.2018,season_005_schedule_0042,,1,https://docs.google.com/spreadsheets/d/1nONaKwJcrN04APGKN-HrZ8yavwZdFkfnaA59Zp1sdBU/edit#gid=405850997
most_career_matches,person_fnupa,Cabgolord,,105,season_005,9. Spieltag - Sonntag der 06.05.2018,season_005_schedule_0058,,1,https://docs.google.com/spreadsheets/d/1nONaKwJcrN04APGKN-HrZ8yavwZdFkfnaA59Zp1sdBU/edit#gid=405850997
most_career_matches,person_fnupa,Cabgolord,,106,season_005,10. Spieltag - Sonntag der 13.05.2018,season_005_schedule_0082,,1,https://docs.google.com/spreadsheets/d/1nONaKwJcrN04APGKN-HrZ8yavwZdFkfnaA59Zp1sdBU/edit#gid=405850997
most_career_matches,person_fnupa,Cabgolord,,107,season_005,11. Spieltag - Sonntag der 20.05.2018,season_005_schedule_0106,,1,https://docs.google.com/spreadsheets/d/1nONaKwJcrN04APGKN-HrZ8yavwZdFkfnaA59Zp1sdBU/edit#gid=405850997
most_career_matches,person_fnupa,Cabgolord,,108,season_005,12. Spieltag - Sonntag der 03.06.2018,season_005_schedule_0011,,1,https://docs.google.com/spreadsheets/d/1nONaKwJcrN04APGKN-HrZ8yavwZdFkfnaA59Zp1sdBU/edit#gid=405850997
most_career_matches,person_fnupa,Cabgolord,,109,season_005,13. Spieltag - Sonntag der 10.06.2018,season_005_schedule_0027,,1,https://docs.google.com/spreadsheets/d/1nONaKwJcrN04APGKN-HrZ8yavwZdFkfnaA59Zp1sdBU/edit#gid=405850997
most_career_matches,person_fnupa,Cabgolord,,110,season_005,14. Spieltag - Sonntag der 17.06.2018,season_005_schedule_0051,,1,https://docs.google.com/spreadsheets/d/1nONaKwJcrN04APGKN-HrZ8yavwZdFkfnaA59Zp1sdBU/edit#gid=405850997
most_career_matches,person_fnupa,Cabgolord,,111,season_005,15. Spieltag - Sonntag der 24.06.2018,season_005_schedule_0095,,1,https://docs.google.com/spreadsheets/d/1nONaKwJcrN04APGKN-HrZ8yavwZdFkfnaA59Zp1sdBU/edit#gid=405850997
most_career_matches,person_fnupa,Cabgolord,,112,season_005,16. Spieltag - Sonntag der 01.07.2018,season_005_schedule_0107,,1,https://docs.google.com/spreadsheets/d/1nONaKwJcrN04APGKN-HrZ8yavwZdFkfnaA59Zp1sdBU/edit#gid=405850997
most_career_matches,person_fnupa,Cabgolord,,113,season_005,17. Spieltag - Sonntag der 08.07.2018,season_005_schedule_0130,,1,https://docs.google.com/spreadsheets/d/1nONaKwJcrN04APGKN-HrZ8yavwZdFkfnaA59Zp1sdBU/edit#gid=405850997
most_career_matches,person_fnupa,Cabgolord,,114,season_005,18. Spieltag - Sonntag der 15.07.2018,season_005_schedule_0012,,1,https://docs.google.com/spreadsheets/d/1nONaKwJcrN04APGKN-HrZ8yavwZdFkfnaA59Zp1sdBU/edit#gid=405850997
most_career_matches,person_fnupa,Cabgolord,,115,season_005,19. Spieltag - Sonntag der 22.07.2018,season_005_schedule_0044,,1,https://docs.google.com/spreadsheets/d/1nONaKwJcrN04APGKN-HrZ8yavwZdFkfnaA59Zp1sdBU/edit#gid=405850997
most_career_matches,person_fnupa,Cabgolord,,116,season_005,20. Spieltag - Sonntag der 29.07.2018,season_005_schedule_0060,,1,https://docs.google.com/spreadsheets/d/1nONaKwJcrN04APGKN-HrZ8yavwZdFkfnaA59Zp1sdBU/edit#gid=405850997
most_career_matches,person_fnupa,Cabgolord,,117,season_005,21. Spieltag - Sonntag der 05.08.2018,season_005_schedule_0084,,1,https://docs.google.com/spreadsheets/d/1nONaKwJcrN04APGKN-HrZ8yavwZdFkfnaA59Zp1sdBU/edit#gid=405850997
most_career_matches,person_fnupa,Cabgolord,,118,season_005,22. Spieltag - Sonntag der 12.08.2018,season_005_schedule_0108,,1,https://docs.google.com/spreadsheets/d/1nONaKwJcrN04APGKN-HrZ8yavwZdFkfnaA59Zp1sdBU/edit#gid=405850997
most_career_matches,person_fnupa,Cabgolord,,119,season_006,1. Spieltag - Mittwoch der 17.04.2019,season_006_schedule_0079,,1,https://docs.google.com/spreadsheets/d/11wxsKyCydVmDjp4kGLJAOLPM_LgwCLN2GYpbDQkNtkk/edit#gid=1758213758
most_career_matches,person_fnupa,Cabgolord,,120,season_006,2. Spieltag - Mittwoch der 24.04.2019,season_006_schedule_0101,,1,https://docs.google.com/spreadsheets/d/11wxsKyCydVmDjp4kGLJAOLPM_LgwCLN2GYpbDQkNtkk/edit#gid=1758213758
most_career_matches,person_fnupa,Cabgolord,,121,season_006,3. Spieltag - Mittwoch der 01.05.2019,season_006_schedule_0105,,1,https://docs.google.com/spreadsheets/d/11wxsKyCydVmDjp4kGLJAOLPM_LgwCLN2GYpbDQkNtkk/edit#gid=1758213758
most_career_matches,person_fnupa,Cabgolord,,122,season_006,4. Spieltag - Mittwoch der 08.05.2019,season_006_schedule_0121,,1,https://docs.google.com/spreadsheets/d/11wxsKyCydVmDjp4kGLJAOLPM_LgwCLN2GYpbDQkNtkk/edit#gid=1758213758
most_career_matches,person_fnupa,Cabgolord,,123,season_006,5. Spieltag - Mittwoch der 15.05.2019,season_006_schedule_0131,,1,https://docs.google.com/spreadsheets/d/11wxsKyCydVmDjp4kGLJAOLPM_LgwCLN2GYpbDQkNtkk/edit#gid=1758213758
most_career_matches,person_fnupa,Cabgolord,,124,season_006,6. Spieltag - Mittwoch der 22.05.2019,season_006_schedule_0144,,1,https://docs.google.com/spreadsheets/d/11wxsKyCydVmDjp4kGLJAOLPM_LgwCLN2GYpbDQkNtkk/edit#gid=1758213758
most_career_matches,person_fnupa,Cabgolord,,125,season_006,7. Spieltag - Mittwoch der 29.05.2019,season_006_schedule_0086,,1,https://docs.google.com/spreadsheets/d/11wxsKyCydVmDjp4kGLJAOLPM_LgwCLN2GYpbDQkNtkk/edit#gid=1758213758
most_career_matches,person_fnupa,Cabgolord,,126,season_006,8. Spieltag - Mittwoch der 05.06.2019,season_006_schedule_0094,,1,https://docs.google.com/spreadsheets/d/11wxsKyCydVmDjp4kGLJAOLPM_LgwCLN2GYpbDQkNtkk/edit#gid=1758213758
most_career_matches,person_fnupa,Cabgolord,,127,season_006,9. Spieltag - Mittwoch der 12.06.2019,season_006_schedule_0112,,1,https://docs.google.com/spreadsheets/d/11wxsKyCydVmDjp4kGLJAOLPM_LgwCLN2GYpbDQkNtkk/edit#gid=1758213758
most_career_matches,person_fnupa,Cabgolord,,128,season_006,10. Spieltag - Mittwoch der 19.06.2019,season_006_schedule_0126,,1,https://docs.google.com/spreadsheets/d/11wxsKyCydVmDjp4kGLJAOLPM_LgwCLN2GYpbDQkNtkk/edit#gid=1758213758
most_career_matches,person_fnupa,Cabgolord,,129,season_006,11. Spieltag - Mittwoch der 26.06.2019,season_006_schedule_0138,,1,https://docs.google.com/spreadsheets/d/11wxsKyCydVmDjp4kGLJAOLPM_LgwCLN2GYpbDQkNtkk/edit#gid=1758213758
most_career_matches,person_present,PresentLP,,130,season_007,1. Spieltag - Sonntag der 19.04.2020,season_007_schedule_0004,,1,https://docs.google.com/spreadsheets/d/1nwiq_ggEj7QePeZGMR2xoi0bEHJr_ZGO24YCRdt93No/edit#gid=1358421537
most_career_matches,person_present,PresentLP,,131,season_007,2. Spieltag - Sonntag der 26.04.2020,season_007_schedule_0040,,1,https://docs.google.com/spreadsheets/d/1nwiq_ggEj7QePeZGMR2xoi0bEHJr_ZGO24YCRdt93No/edit#gid=1358421537
most_career_matches,person_present,PresentLP,,132,season_007,3. Spieltag - Sonntag der 03.05.2020,season_007_schedule_0046,,1,https://docs.google.com/spreadsheets/d/1nwiq_ggEj7QePeZGMR2xoi0bEHJr_ZGO24YCRdt93No/edit#gid=1358421537
most_career_matches,person_present,PresentLP,,133,season_007,4. Spieltag - Sonntag der 10.05.2020,season_007_schedule_0074,,1,https://docs.google.com/spreadsheets/d/1nwiq_ggEj7QePeZGMR2xoi0bEHJr_ZGO24YCRdt93No/edit#gid=1358421537
most_career_matches,person_present,PresentLP,,134,season_007,5. Spieltag - Sonntag der 17.05.2020,season_007_schedule_0080,,1,https://docs.google.com/spreadsheets/d/1nwiq_ggEj7QePeZGMR2xoi0bEHJr_ZGO24YCRdt93No/edit#gid=1358421537
most_career_matches,person_present,PresentLP,,135,season_007,6. Spieltag - Sonntag der 24.05.2020,season_007_schedule_0017,,1,https://docs.google.com/spreadsheets/d/1nwiq_ggEj7QePeZGMR2xoi0bEHJr_ZGO24YCRdt93No/edit#gid=1358421537
most_career_matches,person_present,PresentLP,,136,season_007,7. Spieltag - Sonntag der 31.05.2020,season_007_schedule_0026,,1,https://docs.google.com/spreadsheets/d/1nwiq_ggEj7QePeZGMR2xoi0bEHJr_ZGO24YCRdt93No/edit#gid=1358421537
most_career_matches,person_present,PresentLP,,137,season_007,8. Spieltag - Sonntag der 07.06.2020,season_007_schedule_0053,,1,https://docs.google.com/spreadsheets/d/1nwiq_ggEj7QePeZGMR2xoi0bEHJr_ZGO24YCRdt93No/edit#gid=1358421537
most_career_matches,person_present,PresentLP,,138,season_007,9. Spieltag - Sonntag der 14.06.2020,season_007_schedule_0067,,1,https://docs.google.com/spreadsheets/d/1nwiq_ggEj7QePeZGMR2xoi0bEHJr_ZGO24YCRdt93No/edit#gid=1358421537
most_career_matches,person_present,PresentLP,,139,season_007,10. Spieltag - Sonntag der 21.06.2020,season_007_schedule_0085,,1,https://docs.google.com/spreadsheets/d/1nwiq_ggEj7QePeZGMR2xoi0bEHJr_ZGO24YCRdt93No/edit#gid=1358421537
most_career_matches,person_present,PresentLP,,140,season_007,11. Spieltag - Sonntag der 28.06.2020,season_007_schedule_0006,,1,https://docs.google.com/spreadsheets/d/1nwiq_ggEj7QePeZGMR2xoi0bEHJr_ZGO24YCRdt93No/edit#gid=1358421537
most_career_matches,person_present,PresentLP,,141,season_007,12. Spieltag - Sonntag der 05.07.2019,season_007_schedule_0027,,1,https://docs.google.com/spreadsheets/d/1nwiq_ggEj7QePeZGMR2xoi0bEHJr_ZGO24YCRdt93No/edit#gid=1358421537
most_career_matches,person_present,PresentLP,,142,season_007,13. Spieltag - Sonntag der 12.07.2019,season_007_schedule_0048,,1,https://docs.google.com/spreadsheets/d/1nwiq_ggEj7QePeZGMR2xoi0bEHJr_ZGO24YCRdt93No/edit#gid=1358421537
most_career_matches,person_present,PresentLP,,143,season_008,1. Spieltag - Sonntag der 18.04.2021,season_008_schedule_0004,,1,https://docs.google.com/spreadsheets/d/1B2uTMvWlAHb7WlpupJV1A2Hbi3K3U1vCyoFV0wCapcw/edit#gid=1432574016
most_career_matches,person_present,PresentLP,,144,season_008,2. Spieltag - Sonntag der 25.04.2021,season_008_schedule_0016,,1,https://docs.google.com/spreadsheets/d/1B2uTMvWlAHb7WlpupJV1A2Hbi3K3U1vCyoFV0wCapcw/edit#gid=1432574016
most_career_matches,person_present,PresentLP,,145,season_008,3. Spieltag - Sonntag der 02.05.2021,season_008_schedule_0031,,1,https://docs.google.com/spreadsheets/d/1B2uTMvWlAHb7WlpupJV1A2Hbi3K3U1vCyoFV0wCapcw/edit#gid=1432574016
most_career_matches,person_present,PresentLP,,146,season_008,4. Spieltag - Sonntag der 09.05.2021,season_008_schedule_0040,,1,https://docs.google.com/spreadsheets/d/1B2uTMvWlAHb7WlpupJV1A2Hbi3K3U1vCyoFV0wCapcw/edit#gid=1432574016
most_career_matches,person_present,PresentLP,,147,season_008,5. Spieltag - Sonntag der 16.05.2021,season_008_schedule_0051,,1,https://docs.google.com/spreadsheets/d/1B2uTMvWlAHb7WlpupJV1A2Hbi3K3U1vCyoFV0wCapcw/edit#gid=1432574016
most_career_matches,person_present,PresentLP,,148,season_008,6. Spieltag - Sonntag der 23.05.2021,season_008_schedule_0011,,1,https://docs.google.com/spreadsheets/d/1B2uTMvWlAHb7WlpupJV1A2Hbi3K3U1vCyoFV0wCapcw/edit#gid=1432574016
most_career_matches,person_present,PresentLP,,149,season_008,7. Spieltag - Sonntag der 30.05.2021,season_008_schedule_0017,,1,https://docs.google.com/spreadsheets/d/1B2uTMvWlAHb7WlpupJV1A2Hbi3K3U1vCyoFV0wCapcw/edit#gid=1432574016
most_career_matches,person_present,PresentLP,,150,season_008,8. Spieltag - Sonntag der 13.06.2021,season_008_schedule_0029,,1,https://docs.google.com/spreadsheets/d/1B2uTMvWlAHb7WlpupJV1A2Hbi3K3U1vCyoFV0wCapcw/edit#gid=1432574016
most_career_matches,person_present,PresentLP,,151,season_008,9. Spieltag - Sonntag der 20.06.2021,season_008_schedule_0041,,1,https://docs.google.com/spreadsheets/d/1B2uTMvWlAHb7WlpupJV1A2Hbi3K3U1vCyoFV0wCapcw/edit#gid=1432574016
most_career_matches,person_present,PresentLP,,152,season_008,10. Spieltag - Sonntag der 27.06.2021,season_008_schedule_0054,,1,https://docs.google.com/spreadsheets/d/1B2uTMvWlAHb7WlpupJV1A2Hbi3K3U1vCyoFV0wCapcw/edit#gid=1432574016
most_career_matches,person_present,PresentLP,,153,season_008,11. Spieltag - Sonntag der 04.07.2021,season_008_schedule_0006,,1,https://docs.google.com/spreadsheets/d/1B2uTMvWlAHb7WlpupJV1A2Hbi3K3U1vCyoFV0wCapcw/edit#gid=1432574016
most_career_matches,person_present,PresentLP,,154,season_008,12. Spieltag - Sonntag der 11.07.2021,season_008_schedule_0018,,1,https://docs.google.com/spreadsheets/d/1B2uTMvWlAHb7WlpupJV1A2Hbi3K3U1vCyoFV0wCapcw/edit#gid=1432574016
most_career_matches,person_present,PresentLP,,155,season_008,13. Spieltag - Sonntag der 18.07.2021,season_008_schedule_0036,,1,https://docs.google.com/spreadsheets/d/1B2uTMvWlAHb7WlpupJV1A2Hbi3K3U1vCyoFV0wCapcw/edit#gid=1432574016
most_career_matches,person_present,PresentLP,,156,season_008,14. Spieltag - Sonntag der 25.07.2021,season_008_schedule_0042,,1,https://docs.google.com/spreadsheets/d/1B2uTMvWlAHb7WlpupJV1A2Hbi3K3U1vCyoFV0wCapcw/edit#gid=1432574016
most_career_matches,person_present,PresentLP,,157,season_009,1. Spieltag - Sonntag der 17.04.2022,season_009_schedule_0003,,1,https://docs.google.com/spreadsheets/d/1uo7-E_E2jbehB2hbBurpPayP_0fKY5sPZcFgZmfLydY/edit#gid=1037187549
most_career_matches,person_present,PresentLP,,158,season_009,2. Spieltag - Sonntag der 24.04.2022,season_009_schedule_0009,,1,https://docs.google.com/spreadsheets/d/1uo7-E_E2jbehB2hbBurpPayP_0fKY5sPZcFgZmfLydY/edit#gid=1037187549
most_career_matches,person_present,PresentLP,,159,season_009,3. Spieltag - Sonntag der 01.05.2022,season_009_schedule_0019,,1,https://docs.google.com/spreadsheets/d/1uo7-E_E2jbehB2hbBurpPayP_0fKY5sPZcFgZmfLydY/edit#gid=1037187549
most_career_matches,person_present,PresentLP,,160,season_009,4. Spieltag - Sonntag der 08.05.2022,season_009_schedule_0029,,1,https://docs.google.com/spreadsheets/d/1uo7-E_E2jbehB2hbBurpPayP_0fKY5sPZcFgZmfLydY/edit#gid=1037187549
most_career_matches,person_present,PresentLP,,161,season_009,5. Spieltag - Sonntag der 15.05.2022,season_009_schedule_0033,,1,https://docs.google.com/spreadsheets/d/1uo7-E_E2jbehB2hbBurpPayP_0fKY5sPZcFgZmfLydY/edit#gid=1037187549
most_career_matches,person_present,PresentLP,,162,season_009,6. Spieltag - Sonntag der 22.05.2022,season_009_schedule_0043,,1,https://docs.google.com/spreadsheets/d/1uo7-E_E2jbehB2hbBurpPayP_0fKY5sPZcFgZmfLydY/edit#gid=1037187549
most_career_matches,person_present,PresentLP,,163,season_009,7. Spieltag - Sonntag der 29.05.2022,season_009_schedule_0053,,1,https://docs.google.com/spreadsheets/d/1uo7-E_E2jbehB2hbBurpPayP_0fKY5sPZcFgZmfLydY/edit#gid=1037187549
most_career_matches,person_present,PresentLP,,164,season_009,8. Spieltag - Sonntag der 12.06.2022,season_009_schedule_0059,,1,https://docs.google.com/spreadsheets/d/1uo7-E_E2jbehB2hbBurpPayP_0fKY5sPZcFgZmfLydY/edit#gid=1037187549
most_career_matches,person_present,PresentLP,,165,season_009,9. Spieltag - Sonntag der 19.06.2022,season_009_schedule_0065,,1,https://docs.google.com/spreadsheets/d/1uo7-E_E2jbehB2hbBurpPayP_0fKY5sPZcFgZmfLydY/edit#gid=1037187549
most_career_matches,person_present,PresentLP,,166,season_009,10. Spieltag - Sonntag der 26.06.2022,season_009_schedule_0075,,1,https://docs.google.com/spreadsheets/d/1uo7-E_E2jbehB2hbBurpPayP_0fKY5sPZcFgZmfLydY/edit#gid=1037187549
most_career_matches,person_present,PresentLP,,167,season_009,11. Spieltag - Sonntag der 03.07.2022,season_009_schedule_0085,,1,https://docs.google.com/spreadsheets/d/1uo7-E_E2jbehB2hbBurpPayP_0fKY5sPZcFgZmfLydY/edit#gid=1037187549
most_career_matches,person_present,PresentLP,,168,season_009,12. Spieltag - Sonntag der 10.07.2022,season_009_schedule_0089,,1,https://docs.google.com/spreadsheets/d/1uo7-E_E2jbehB2hbBurpPayP_0fKY5sPZcFgZmfLydY/edit#gid=1037187549
most_career_matches,person_present,PresentLP,,169,season_009,13. Spieltag - Sonntag der 17.07.2022,season_009_schedule_0099,,1,https://docs.google.com/spreadsheets/d/1uo7-E_E2jbehB2hbBurpPayP_0fKY5sPZcFgZmfLydY/edit#gid=1037187549
most_career_matches,person_present,PresentLP,,170,season_009,14. Spieltag - Sonntag der 24.07.2022,season_009_schedule_0109,,1,https://docs.google.com/spreadsheets/d/1uo7-E_E2jbehB2hbBurpPayP_0fKY5sPZcFgZmfLydY/edit#gid=1037187549
most_career_matches,person_present,PresentLP,,171,season_010,Spieltag 1,season_010_schedule_0019,,1,https://docs.google.com/spreadsheets/d/13smsrG2BGYxr_omJWcgr-sUDr39bvOJPNL5RPt4DSow/edit#gid=1215904780
most_career_matches,person_present,PresentLP,,172,season_010,Spieltag 2,season_010_schedule_0017,,1,https://docs.google.com/spreadsheets/d/13smsrG2BGYxr_omJWcgr-sUDr39bvOJPNL5RPt4DSow/edit#gid=1215904780
most_career_matches,person_present,PresentLP,,173,season_010,Spieltag 3,season_010_schedule_0021,,1,https://docs.google.com/spreadsheets/d/13smsrG2BGYxr_omJWcgr-sUDr39bvOJPNL5RPt4DSow/edit#gid=1215904780
most_career_matches,person_present,PresentLP,,174,season_010,Spieltag 4,season_010_schedule_0028,,1,https://docs.google.com/spreadsheets/d/13smsrG2BGYxr_omJWcgr-sUDr39bvOJPNL5RPt4DSow/edit#gid=1215904780
most_career_matches,person_present,PresentLP,,175,season_010,Spieltag 5,season_010_schedule_0035,,1,https://docs.google.com/spreadsheets/d/13smsrG2BGYxr_omJWcgr-sUDr39bvOJPNL5RPt4DSow/edit#gid=1215904780
most_career_matches,person_present,PresentLP,,176,season_010,Spieltag 6,season_010_schedule_0039,,1,https://docs.google.com/spreadsheets/d/13smsrG2BGYxr_omJWcgr-sUDr39bvOJPNL5RPt4DSow/edit#gid=1215904780
most_career_matches,person_present,PresentLP,,177,season_010,Spieltag 7,season_010_schedule_0052,,1,https://docs.google.com/spreadsheets/d/13smsrG2BGYxr_omJWcgr-sUDr39bvOJPNL5RPt4DSow/edit#gid=1215904780
most_career_matches,person_present,PresentLP,,178,season_010,Spieltag 8,season_010_schedule_0047,,1,https://docs.google.com/spreadsheets/d/13smsrG2BGYxr_omJWcgr-sUDr39bvOJPNL5RPt4DSow/edit#gid=1215904780
most_career_matches,person_present,PresentLP,,179,season_010,Spieltag 9,season_010_schedule_0045,,1,https://docs.google.com/spreadsheets/d/13smsrG2BGYxr_omJWcgr-sUDr39bvOJPNL5RPt4DSow/edit#gid=1215904780
most_career_matches,person_present,PresentLP,,180,season_010,Spieltag 10,season_010_schedule_0067,,1,https://docs.google.com/spreadsheets/d/13smsrG2BGYxr_omJWcgr-sUDr39bvOJPNL5RPt4DSow/edit#gid=1215904780
most_career_matches,person_present,PresentLP,,181,season_010,Spieltag 11,season_010_schedule_0080,,1,https://docs.google.com/spreadsheets/d/13smsrG2BGYxr_omJWcgr-sUDr39bvOJPNL5RPt4DSow/edit#gid=1215904780
most_career_matches,person_present,PresentLP,,182,season_010,Spieltag 12,season_010_schedule_0069,,1,https://docs.google.com/spreadsheets/d/13smsrG2BGYxr_omJWcgr-sUDr39bvOJPNL5RPt4DSow/edit#gid=1215904780
most_career_matches,person_present,PresentLP,,183,season_010,Spieltag 13,season_010_schedule_0091,,1,https://docs.google.com/spreadsheets/d/13smsrG2BGYxr_omJWcgr-sUDr39bvOJPNL5RPt4DSow/edit#gid=1215904780
most_career_matches,person_present,PresentLP,,184,season_010,Viertelfinale,season_010_schedule_0089,,1,https://docs.google.com/spreadsheets/d/13smsrG2BGYxr_omJWcgr-sUDr39bvOJPNL5RPt4DSow/edit#gid=1215904780
most_career_matches,person_present,PresentLP,,185,season_010,Halbfinale,season_010_schedule_0090,,1,https://docs.google.com/spreadsheets/d/13smsrG2BGYxr_omJWcgr-sUDr39bvOJPNL5RPt4DSow/edit#gid=1215904780
most_career_matches,person_present,PresentLP,,186,season_010,Spiel um Platz 3,season_010_schedule_0097,,0,https://docs.google.com/spreadsheets/d/13smsrG2BGYxr_omJWcgr-sUDr39bvOJPNL5RPt4DSow/edit#gid=1215904780
most_career_kills,person_present,PresentLP,,126,season_001,,,,1,https://docs.google.com/spreadsheets/d/1n9SmK-ccTCn8Jjhs4U2LKnibXY8PvuBtV3V9MCOURRA/edit#gid=0
most_career_kills,person_present,PresentLP,,246,season_002,,,,1,https://docs.google.com/spreadsheets/d/1vJ-pioe3RZKSZ3LIGEA3FVTv_KEE_XKIQAXSIUNNd-Q/edit#gid=0
most_career_kills,person_present,PresentLP,,391,season_003,,,,1,https://docs.google.com/spreadsheets/d/13ggv8-k1WCcrrjlwXb-ZoSwhODIQlG_NVffp3TGKOgI/edit#gid=0
most_career_kills,person_present,PresentLP,,504,season_004,,,,1,https://docs.google.com/spreadsheets/d/1rZd3D0JRNj3lK0ZKdMXPLvCNBofRhFsvW0AlPuBk3VE/edit#gid=0
most_career_kills,person_present,PresentLP,,610,season_005,,,,1,https://docs.google.com/spreadsheets/d/1nONaKwJcrN04APGKN-HrZ8yavwZdFkfnaA59Zp1sdBU/edit#gid=1708603996
most_career_kills,person_present,PresentLP,,666,season_006,,,,1,https://docs.google.com/spreadsheets/d/11wxsKyCydVmDjp4kGLJAOLPM_LgwCLN2GYpbDQkNtkk/edit#gid=1532844442
most_career_kills,person_present,PresentLP,,729,season_007,,,,1,https://docs.google.com/spreadsheets/d/1nwiq_ggEj7QePeZGMR2xoi0bEHJr_ZGO24YCRdt93No/edit#gid=1953934700
most_career_kills,person_present,PresentLP,,798,season_008,,,,1,https://docs.google.com/spreadsheets/d/1B2uTMvWlAHb7WlpupJV1A2Hbi3K3U1vCyoFV0wCapcw/edit#gid=1953934700
most_career_kills,person_present,PresentLP,,865,season_009,,,,1,https://docs.google.com/spreadsheets/d/1uo7-E_E2jbehB2hbBurpPayP_0fKY5sPZcFgZmfLydY/edit#gid=1993336510
most_career_kills,person_present,PresentLP,,952,season_010,,,,0,https://docs.google.com/spreadsheets/d/13smsrG2BGYxr_omJWcgr-sUDr39bvOJPNL5RPt4DSow/edit#gid=1215904780;https://docs.google.com/spreadsheets/d/13smsrG2BGYxr_omJWcgr-sUDr39bvOJPNL5RPt4DSow/edit#gid=1405051186;https://docs.google.com/spreadsheets/d/13smsrG2BGYxr_omJWcgr-sUDr39bvOJPNL5RPt4DSow/edit#gid=1953790464
most_season_kills_person,person_present,PresentLP,,126,season_001,,,,1,https://docs.google.com/spreadsheets/d/1n9SmK-ccTCn8Jjhs4U2LKnibXY8PvuBtV3V9MCOURRA/edit#gid=0
most_season_kills_person,person_parsifani,Parsifani,,140,season_002,,,,1,https://docs.google.com/spreadsheets/d/1ACnJyxD1hx-mbOcZXoJ5BjXDOwUF1TYmfgkqtJgFRXk/edit#gid=0
most_season_kills_person,person_present,PresentLP,,145,season_003,,,,0,https://docs.google.com/spreadsheets/d/13ggv8-k1WCcrrjlwXb-ZoSwhODIQlG_NVffp3TGKOgI/edit#gid=0
most_season_kills_pokemon,,,Quajutsu,44,season_001,,,,1,https://docs.google.com/spreadsheets/d/1JZpA-5XDldN2bjfvhvBPHYK-1AENETLnF1UxNEpWlNA/edit#gid=1222240008;https://docs.google.com/spreadsheets/d/1n9SmK-ccTCn8Jjhs4U2LKnibXY8PvuBtV3V9MCOURRA/edit#gid=0
most_season_kills_pokemon,,,Scherox,64,season_002,,,,1,https://docs.google.com/spreadsheets/d/1ACnJyxD1hx-mbOcZXoJ5BjXDOwUF1TYmfgkqtJgFRXk/edit#gid=0;https://docs.google.com/spreadsheets/d/1odsNRAZStW1GzmpXwmg27dqjOlch7w8syZOZ5Z2OQRg/edit#gid=0
most_season_kills_pokemon,,,Stalobor,66,season_009,,,,0,https://docs.google.com/spreadsheets/d/1uo7-E_E2jbehB2hbBurpPayP_0fKY5sPZcFgZmfLydY/edit#gid=1526488506;https://docs.google.com/spreadsheets/d/1uo7-E_E2jbehB2hbBurpPayP_0fKY5sPZcFgZmfLydY/edit#gid=1696255979;https://docs.google.com/spreadsheets/d/1uo7-E_E2jbehB2hbBurpPayP_0fKY5sPZcFgZmfLydY/edit#gid=520178140
most_career_kills_pokemon,,,Quajutsu,44,season_001,,,,1,https://docs.google.com/spreadsheets/d/1JZpA-5XDldN2bjfvhvBPHYK-1AENETLnF1UxNEpWlNA/edit#gid=1222240008;https://docs.google.com/spreadsheets/d/1n9SmK-ccTCn8Jjhs4U2LKnibXY8PvuBtV3V9MCOURRA/edit#gid=0
most_career_kills_pokemon,,,Nidoking,86,season_002,,,,1,https://docs.google.com/spreadsheets/d/1ACnJyxD1hx-mbOcZXoJ5BjXDOwUF1TYmfgkqtJgFRXk/edit#gid=0;https://docs.google.com/spreadsheets/d/1FUsClf5qEny-BHY5Djp8rIwRJKBSJDvygJ8LBa62FEo/edit#gid=0;https://docs.google.com/spreadsheets/d/1odsNRAZStW1GzmpXwmg27dqjOlch7w8syZOZ5Z2OQRg/edit#gid=0;https://docs.google.com/spreadsheets/d/1vJ-pioe3RZKSZ3LIGEA3FVTv_KEE_XKIQAXSIUNNd-Q/edit#gid=0
most_career_kills_pokemon,,,Nidoking,122,season_003,,,,1,data/manual/pokemon_killlists.csv;data/manual/team_pokemon_usage.csv;https://docs.google.com/spreadsheets/d/1JZpA-5XDldN2bjfvhvBPHYK-1AENETLnF1UxNEpWlNA/edit#gid=352888197;output/team-graphics/s3/GPL Teams Spieltag 14 (1).jpg
most_career_kills_pokemon,,,Nidoking,129,season_004,,,,1,data/manual/team_pokemon_usage.csv;https://docs.google.com/spreadsheets/d/1JZpA-5XDldN2bjfvhvBPHYK-1AENETLnF1UxNEpWlNA/edit#gid=352888197;output/team-graphics/s4/Slicing Knights - Cabgolord.png
most_career_kills_pokemon,,,Nidoking,131,season_005,,,,1,data/manual/team_pokemon_usage.csv;https://docs.google.com/spreadsheets/d/1JZpA-5XDldN2bjfvhvBPHYK-1AENETLnF1UxNEpWlNA/edit#gid=352888197;output/team-graphics/s5/Marvelous Speedsters.png
most_career_kills_pokemon,,,Nidoking,145,season_008,,,,1,https://docs.google.com/spreadsheets/d/1B2uTMvWlAHb7WlpupJV1A2Hbi3K3U1vCyoFV0wCapcw/edit#gid=1846395979;https://docs.google.com/spreadsheets/d/1B2uTMvWlAHb7WlpupJV1A2Hbi3K3U1vCyoFV0wCapcw/edit#gid=1953934700;https://docs.google.com/spreadsheets/d/1B2uTMvWlAHb7WlpupJV1A2Hbi3K3U1vCyoFV0wCapcw/edit#gid=26363830;https://docs.google.com/spreadsheets/d/1B2uTMvWlAHb7WlpupJV1A2Hbi3K3U1vCyoFV0wCapcw/edit#gid=419572953
most_career_kills_pokemon,,,Azumarill,174,season_009,,,,1,https://docs.google.com/spreadsheets/d/1uo7-E_E2jbehB2hbBurpPayP_0fKY5sPZcFgZmfLydY/edit#gid=1526488506;https://docs.google.com/spreadsheets/d/1uo7-E_E2jbehB2hbBurpPayP_0fKY5sPZcFgZmfLydY/edit#gid=1696255979;https://docs.google.com/spreadsheets/d/1uo7-E_E2jbehB2hbBurpPayP_0fKY5sPZcFgZmfLydY/edit#gid=520178140
most_career_kills_pokemon,,,Demeteros-T,178,season_010,,,,0,https://docs.google.com/spreadsheets/d/13smsrG2BGYxr_omJWcgr-sUDr39bvOJPNL5RPt4DSow/edit#gid=1215904780;https://docs.google.com/spreadsheets/d/13smsrG2BGYxr_omJWcgr-sUDr39bvOJPNL5RPt4DSow/edit#gid=1934543062;https://docs.google.com/spreadsheets/d/13smsrG2BGYxr_omJWcgr-sUDr39bvOJPNL5RPt4DSow/edit#gid=1953790464;https://docs.google.com/spreadsheets/d/13smsrG2BGYxr_omJWcgr-sUDr39bvOJPNL5RPt4DSow/edit#gid=71150222
most_seasons_played,person_art_n_gaming,Art'n'Gaming,,1,season_001,,,,1,
most_seasons_played,person_art_n_gaming,Art'n'Gaming,,2,season_002,,,,1,
most_seasons_played,person_art_n_gaming,Art'n'Gaming,,3,season_003,,,,1,
most_seasons_played,person_art_n_gaming,Art'n'Gaming,,4,season_004,,,,1,
most_seasons_played,person_art_n_gaming,Art'n'Gaming,,5,season_005,,,,1,
most_seasons_played,person_art_n_gaming,Art'n'Gaming,,6,season_006,,,,1,
most_seasons_played,person_present,PresentLP,,7,season_007,,,,1,
most_seasons_played,person_present,PresentLP,,8,season_008,,,,1,
most_seasons_played,person_present,PresentLP,,9,season_009,,,,1,
most_seasons_played,person_present,PresentLP,,10,season_010,,,,0,
