season_id,division,stage,is_primary,rank,person_id,player_name,player_name_normalized,team_id,team_name,wins,losses,draws,points,kills,deaths,differential,data_status,source_urls
season_001,Regular Season,final_table,true,1,person_present,PresentLP,present,season_001_prekani,Prekani,20,2,0,60,126,69,57,sheet_extracted,https://docs.google.com/spreadsheets/d/1n9SmK-ccTCn8Jjhs4U2LKnibXY8PvuBtV3V9MCOURRA/edit#gid=0
season_001,Regular Season,final_table,true,2,person_silva,Silva,silva,season_001_diggersby_army,Diggersby Army,16,6,0,48,108,82,26,sheet_extracted,https://docs.google.com/spreadsheets/d/1n9SmK-ccTCn8Jjhs4U2LKnibXY8PvuBtV3V9MCOURRA/edit#gid=0
season_001,Regular Season,final_table,true,3,person_daumenkino,DaumenkinoLP,daumenkino,season_001_melting_mamoswines,Melting Mamoswines,13,8,1,40,98,84,14,sheet_extracted,https://docs.google.com/spreadsheets/d/1n9SmK-ccTCn8Jjhs4U2LKnibXY8PvuBtV3V9MCOURRA/edit#gid=0
season_001,Regular Season,final_table,true,4,person_shiro,Shiro,shiro,season_001_dancing_darmanitans,Dancing Darmanitans,12,10,0,36,99,99,0,sheet_extracted,https://docs.google.com/spreadsheets/d/1n9SmK-ccTCn8Jjhs4U2LKnibXY8PvuBtV3V9MCOURRA/edit#gid=0
season_001,Regular Season,final_table,true,5,person_raizor,Raizor,raizor,season_001_raizoroark,Raizoroark,11,11,0,33,94,94,0,sheet_extracted,https://docs.google.com/spreadsheets/d/1n9SmK-ccTCn8Jjhs4U2LKnibXY8PvuBtV3V9MCOURRA/edit#gid=0
season_001,Regular Season,final_table,true,6,person_dirtyd64,DirtyD64,dirtyd64,season_001_lucky_luxray,Lucky Luxray,11,11,0,33,92,93,-1,sheet_extracted,https://docs.google.com/spreadsheets/d/1n9SmK-ccTCn8Jjhs4U2LKnibXY8PvuBtV3V9MCOURRA/edit#gid=0
season_001,Regular Season,final_table,true,7,person_fanmadeletsplay,FanmadeLetsPlay,fanmadeletsplay,season_001_nocturne,Nocturne*,10,11,1,31,90,95,-5,sheet_extracted,https://docs.google.com/spreadsheets/d/1n9SmK-ccTCn8Jjhs4U2LKnibXY8PvuBtV3V9MCOURRA/edit#gid=0
season_001,Regular Season,final_table,true,8,person_diaswordplay,DiaSwordPlay,diaswordplay,season_001_diaslashplay,Diaslashplay,10,12,0,30,93,94,-1,sheet_extracted,https://docs.google.com/spreadsheets/d/1n9SmK-ccTCn8Jjhs4U2LKnibXY8PvuBtV3V9MCOURRA/edit#gid=0
season_001,Regular Season,final_table,true,9,person_surskittv,SurskitTV,surskittv,season_001_surstars,Surstars,9,12,1,28,88,98,-10,sheet_extracted,https://docs.google.com/spreadsheets/d/1n9SmK-ccTCn8Jjhs4U2LKnibXY8PvuBtV3V9MCOURRA/edit#gid=0
season_001,Regular Season,final_table,true,10,person_art_n_gaming,Art'n'Gaming,art n gaming,season_001_arbok_duel_union,Arbok Duel Union,7,15,0,21,87,110,-23,sheet_extracted,https://docs.google.com/spreadsheets/d/1n9SmK-ccTCn8Jjhs4U2LKnibXY8PvuBtV3V9MCOURRA/edit#gid=0
season_001,Regular Season,final_table,true,11,person_fnupa,Cabgolord,fnupa,season_001_fnupagladi,Fnupagladi,7,15,0,21,78,107,-29,sheet_extracted,https://docs.google.com/spreadsheets/d/1n9SmK-ccTCn8Jjhs4U2LKnibXY8PvuBtV3V9MCOURRA/edit#gid=0
season_001,Regular Season,final_table,true,12,person_morbolth,Morbolth,morbolth,season_001_mortox,Mortox,4,17,1,13,52,72,-20,sheet_extracted,https://docs.google.com/spreadsheets/d/1n9SmK-ccTCn8Jjhs4U2LKnibXY8PvuBtV3V9MCOURRA/edit#gid=0
season_002,Regular Season,final_table,true,1,person_steveparker,SteveParker,steveparker,season_002_toxicblast,ToxicBlast,18,6,2,56,138,84,54,sheet_extracted,https://docs.google.com/spreadsheets/d/1vJ-pioe3RZKSZ3LIGEA3FVTv_KEE_XKIQAXSIUNNd-Q/edit#gid=0
season_002,Regular Season,final_table,true,2,person_daumenkino,DaumenkinoLP,daumenkino,season_002_melting_mamoswines,Melting Mamoswines,18,8,0,54,132,105,27,sheet_extracted,https://docs.google.com/spreadsheets/d/1vJ-pioe3RZKSZ3LIGEA3FVTv_KEE_XKIQAXSIUNNd-Q/edit#gid=0
season_002,Regular Season,final_table,true,3,person_shiro,Shiro,shiro,season_002_rotom_kebab,Rotom Kebab,16,8,2,50,126,97,29,sheet_extracted,https://docs.google.com/spreadsheets/d/1vJ-pioe3RZKSZ3LIGEA3FVTv_KEE_XKIQAXSIUNNd-Q/edit#gid=0
season_002,Regular Season,final_table,true,4,person_art_n_gaming,Art'n'Gaming,art n gaming,season_002_little_littleos,Little Littleos,16,10,0,48,127,98,29,sheet_extracted,https://docs.google.com/spreadsheets/d/1vJ-pioe3RZKSZ3LIGEA3FVTv_KEE_XKIQAXSIUNNd-Q/edit#gid=0
season_002,Regular Season,final_table,true,5,person_surskittv,SurskitTV,surskittv,season_002_surdrakings,SurDrakings,16,10,0,48,125,108,17,sheet_extracted,https://docs.google.com/spreadsheets/d/1vJ-pioe3RZKSZ3LIGEA3FVTv_KEE_XKIQAXSIUNNd-Q/edit#gid=0
season_002,Regular Season,final_table,true,6,person_oktopaul,Oktopaul,oktopaul,season_002_blazing_okturtles,Blazing Okturtles,14,11,1,43,114,107,7,sheet_extracted,https://docs.google.com/spreadsheets/d/1vJ-pioe3RZKSZ3LIGEA3FVTv_KEE_XKIQAXSIUNNd-Q/edit#gid=0
season_002,Regular Season,final_table,true,7,person_present,PresentLP,present,season_002_prekani,Prekani,13,12,1,40,120,112,8,sheet_extracted,https://docs.google.com/spreadsheets/d/1vJ-pioe3RZKSZ3LIGEA3FVTv_KEE_XKIQAXSIUNNd-Q/edit#gid=0
season_002,Regular Season,final_table,true,8,person_regibang,RegiBang,regibang,season_002_lucha_libres,Lucha Libres,13,13,0,36,120,113,7,sheet_extracted,https://docs.google.com/spreadsheets/d/1vJ-pioe3RZKSZ3LIGEA3FVTv_KEE_XKIQAXSIUNNd-Q/edit#gid=0
season_002,Regular Season,final_table,true,9,person_fanmadeletsplay,FanmadeLetsPlay,fanmadeletsplay,season_002_croakdrop,CroakDrop,13,13,0,36,114,117,-3,sheet_extracted,https://docs.google.com/spreadsheets/d/1vJ-pioe3RZKSZ3LIGEA3FVTv_KEE_XKIQAXSIUNNd-Q/edit#gid=0
season_002,Regular Season,final_table,true,10,person_raizor,Raizor,raizor,season_002_raizoroark,Raizoroark,12,14,0,36,109,121,-12,sheet_extracted,https://docs.google.com/spreadsheets/d/1vJ-pioe3RZKSZ3LIGEA3FVTv_KEE_XKIQAXSIUNNd-Q/edit#gid=0
season_002,Regular Season,final_table,true,11,person_scherany,Scherany,scherany,season_002_fabulous_gayloppaz,Fabulous Gayloppaz,10,16,0,30,106,135,-29,sheet_extracted,https://docs.google.com/spreadsheets/d/1vJ-pioe3RZKSZ3LIGEA3FVTv_KEE_XKIQAXSIUNNd-Q/edit#gid=0
season_002,Regular Season,final_table,true,12,person_dirtyd64,DirtyD64,dirtyd64,season_002_magic_manaphys,Magic Manaphys,8,18,0,21,98,133,-35,sheet_extracted,https://docs.google.com/spreadsheets/d/1vJ-pioe3RZKSZ3LIGEA3FVTv_KEE_XKIQAXSIUNNd-Q/edit#gid=0
season_002,Regular Season,final_table,true,13,person_kuchenjaeger,Kuchenjaeger,kuchenjaeger,season_002_stunfiskunderdogs,StunfiskUnderdogs,7,19,0,21,94,136,-42,sheet_extracted,https://docs.google.com/spreadsheets/d/1vJ-pioe3RZKSZ3LIGEA3FVTv_KEE_XKIQAXSIUNNd-Q/edit#gid=0
season_002,Regular Season,final_table,true,14,person_fnupa,Cabgolord,fnupa,season_002_doomforce,Doomforce,5,21,0,15,74,137,-63,sheet_extracted,https://docs.google.com/spreadsheets/d/1vJ-pioe3RZKSZ3LIGEA3FVTv_KEE_XKIQAXSIUNNd-Q/edit#gid=0
season_002,Liga 2,final_table,true,1,person_parsifani,Parsifani,parsifani,season_002_duelling_luca_ri_oh,Duelling Luca-Ri-Oh,19,5,2,59,140,105,35,sheet_extracted,https://docs.google.com/spreadsheets/d/1ACnJyxD1hx-mbOcZXoJ5BjXDOwUF1TYmfgkqtJgFRXk/edit#gid=0
season_002,Liga 2,final_table,true,2,person_pokebazi,PokeBazi,pokebazi,season_002_psychic_bazis,Psychic Bazis,19,6,1,55,137,111,26,sheet_extracted,https://docs.google.com/spreadsheets/d/1ACnJyxD1hx-mbOcZXoJ5BjXDOwUF1TYmfgkqtJgFRXk/edit#gid=0
season_002,Liga 2,final_table,true,3,person_lucariolp,LucarioLP,lucariolp,season_002_wildcats,Wildcats,18,8,0,54,134,90,44,sheet_extracted,https://docs.google.com/spreadsheets/d/1ACnJyxD1hx-mbOcZXoJ5BjXDOwUF1TYmfgkqtJgFRXk/edit#gid=0
season_002,Liga 2,final_table,true,4,person_minetube,Minetube,minetube,season_002_triyolotree,Triyolotree,17,9,0,51,121,97,24,sheet_extracted,https://docs.google.com/spreadsheets/d/1ACnJyxD1hx-mbOcZXoJ5BjXDOwUF1TYmfgkqtJgFRXk/edit#gid=0
season_002,Liga 2,final_table,true,5,person_captaincrinch,CaptainCrinch,captaincrinch,season_002_crinchilla,Crinchilla,16,10,0,48,130,92,38,sheet_extracted,https://docs.google.com/spreadsheets/d/1ACnJyxD1hx-mbOcZXoJ5BjXDOwUF1TYmfgkqtJgFRXk/edit#gid=0
season_002,Liga 2,final_table,true,6,person_raikani,Raikani,raikani,season_002_bulettenbande,Bulettenbande,16,10,0,48,126,106,20,sheet_extracted,https://docs.google.com/spreadsheets/d/1ACnJyxD1hx-mbOcZXoJ5BjXDOwUF1TYmfgkqtJgFRXk/edit#gid=0
season_002,Liga 2,final_table,true,7,person_letskayze,LetsKayze,letskayze,season_002_infernayze,Infernayze,14,12,0,42,115,101,14,sheet_extracted,https://docs.google.com/spreadsheets/d/1ACnJyxD1hx-mbOcZXoJ5BjXDOwUF1TYmfgkqtJgFRXk/edit#gid=0
season_002,Liga 2,final_table,true,8,person_domibri,Domibri,domibri,season_002_sunny_reptiles_2,Sunny Reptiles*²,14,11,1,37,126,95,31,sheet_extracted,https://docs.google.com/spreadsheets/d/1ACnJyxD1hx-mbOcZXoJ5BjXDOwUF1TYmfgkqtJgFRXk/edit#gid=0
season_002,Liga 2,final_table,true,9,person_lightgaming,LightGaming,lightgaming,season_002_salty_gengars,Salty Gengars,11,15,0,33,108,122,-14,sheet_extracted,https://docs.google.com/spreadsheets/d/1ACnJyxD1hx-mbOcZXoJ5BjXDOwUF1TYmfgkqtJgFRXk/edit#gid=0
season_002,Liga 2,final_table,true,10,person_pokebree,PokéBree,pokebree,season_002_absocore,Absocore,10,16,0,30,90,116,-26,sheet_extracted,https://docs.google.com/spreadsheets/d/1ACnJyxD1hx-mbOcZXoJ5BjXDOwUF1TYmfgkqtJgFRXk/edit#gid=0
season_002,Liga 2,final_table,true,11,person_shizumania,Shizumania,shizumania,season_002_buzzingmaniacs_3,Buzzingmaniacs*³,9,17,0,27,105,129,-24,sheet_extracted,https://docs.google.com/spreadsheets/d/1ACnJyxD1hx-mbOcZXoJ5BjXDOwUF1TYmfgkqtJgFRXk/edit#gid=0
season_002,Liga 2,final_table,true,12,person_pentaplayer,PentaPlayer,pentaplayer,season_002_power_knilz_bande,Power Knilz Bande,9,17,0,21,86,129,-43,sheet_extracted,https://docs.google.com/spreadsheets/d/1ACnJyxD1hx-mbOcZXoJ5BjXDOwUF1TYmfgkqtJgFRXk/edit#gid=0
season_002,Liga 2,final_table,true,13,person_wolvx,WolvX,wolvx,season_002_the_gymleader,The Gymleader,6,20,0,18,88,134,-46,sheet_extracted,https://docs.google.com/spreadsheets/d/1ACnJyxD1hx-mbOcZXoJ5BjXDOwUF1TYmfgkqtJgFRXk/edit#gid=0
season_002,Liga 2,final_table,true,14,person_zant,Zant,zant,season_002_typhlosion_burning_squad,Typhlosion burning Squad,3,23,0,6,69,150,-81,sheet_extracted,https://docs.google.com/spreadsheets/d/1ACnJyxD1hx-mbOcZXoJ5BjXDOwUF1TYmfgkqtJgFRXk/edit#gid=0
season_003,Regular Season,final_table,true,1,person_present,PresentLP,present,season_003_prekani,Prekani,19,7,0,57,145,104,41,sheet_extracted,https://docs.google.com/spreadsheets/d/13ggv8-k1WCcrrjlwXb-ZoSwhODIQlG_NVffp3TGKOgI/edit#gid=0
season_003,Regular Season,final_table,true,2,person_regibang,RegiBang,regibang,season_003_glorious_emperors,Glorious Emperors,16,10,0,48,122,110,12,sheet_extracted,https://docs.google.com/spreadsheets/d/13ggv8-k1WCcrrjlwXb-ZoSwhODIQlG_NVffp3TGKOgI/edit#gid=0
season_003,Regular Season,final_table,true,3,person_fanmadeletsplay,FanmadeLetsPlay,fanmadeletsplay,season_003_coldlauncher,Coldlauncher,15,11,0,45,120,114,6,sheet_extracted,https://docs.google.com/spreadsheets/d/13ggv8-k1WCcrrjlwXb-ZoSwhODIQlG_NVffp3TGKOgI/edit#gid=0
season_003,Regular Season,final_table,true,4,person_minetube,Minetube,minetube,season_003_triyolotree,Triyolotree,14,12,0,42,124,110,14,sheet_extracted,https://docs.google.com/spreadsheets/d/13ggv8-k1WCcrrjlwXb-ZoSwhODIQlG_NVffp3TGKOgI/edit#gid=0
season_003,Regular Season,final_table,true,5,person_bene,Bene,bene,season_003_unlimited_blade_works_1,Unlimited Blade Works*¹,13,13,0,39,126,121,5,sheet_extracted,https://docs.google.com/spreadsheets/d/13ggv8-k1WCcrrjlwXb-ZoSwhODIQlG_NVffp3TGKOgI/edit#gid=0
season_003,Regular Season,final_table,true,6,person_captaincrinch,CaptainCrinch,captaincrinch,season_003_crinchilla,Crinchilla,13,13,0,39,125,123,2,sheet_extracted,https://docs.google.com/spreadsheets/d/13ggv8-k1WCcrrjlwXb-ZoSwhODIQlG_NVffp3TGKOgI/edit#gid=0
season_003,Regular Season,final_table,true,7,person_pokebazi,PokeBazi,pokebazi,season_003_krebuknackis,Krebuknackis,13,13,0,39,119,125,-6,sheet_extracted,https://docs.google.com/spreadsheets/d/13ggv8-k1WCcrrjlwXb-ZoSwhODIQlG_NVffp3TGKOgI/edit#gid=0
season_003,Regular Season,final_table,true,8,person_lauris,Lauris,lauris,season_003_enteigeddon_3_1,Enteigeddon*³ **¹,13,13,0,38,119,125,-6,sheet_extracted,https://docs.google.com/spreadsheets/d/13ggv8-k1WCcrrjlwXb-ZoSwhODIQlG_NVffp3TGKOgI/edit#gid=0
season_003,Regular Season,final_table,true,9,person_raizor,Raizor,raizor,season_003_unbound_zoroarks,Unbound Zoroarks,12,14,0,36,110,120,-10,sheet_extracted,https://docs.google.com/spreadsheets/d/13ggv8-k1WCcrrjlwXb-ZoSwhODIQlG_NVffp3TGKOgI/edit#gid=0
season_003,Regular Season,final_table,true,10,person_oktopaul,Oktopaul,oktopaul,season_003_petalburg_panchams,Petalburg Panchams,12,14,0,36,118,130,-12,sheet_extracted,https://docs.google.com/spreadsheets/d/13ggv8-k1WCcrrjlwXb-ZoSwhODIQlG_NVffp3TGKOgI/edit#gid=0
season_003,Regular Season,final_table,true,11,person_art_n_gaming,Art'n'Gaming,art n gaming,season_003_little_littleos,Little Littleos,11,15,0,33,120,125,-5,sheet_extracted,https://docs.google.com/spreadsheets/d/13ggv8-k1WCcrrjlwXb-ZoSwhODIQlG_NVffp3TGKOgI/edit#gid=0
season_003,Regular Season,final_table,true,12,person_shiro,Shiro,shiro,season_003_munich_magbys_2,Munich Magbys*²,11,15,0,33,112,133,-21,sheet_extracted,https://docs.google.com/spreadsheets/d/13ggv8-k1WCcrrjlwXb-ZoSwhODIQlG_NVffp3TGKOgI/edit#gid=0
season_003,Regular Season,final_table,true,13,person_parsifani,Parsifani,parsifani,season_003_persian_carpets,Persian Carpets,10,16,0,30,118,125,-7,sheet_extracted,https://docs.google.com/spreadsheets/d/13ggv8-k1WCcrrjlwXb-ZoSwhODIQlG_NVffp3TGKOgI/edit#gid=0
season_003,Regular Season,final_table,true,14,person_surskittv,SurskitTV,surskittv,season_003_surstars,Surstars,10,16,0,30,115,127,-13,sheet_extracted,https://docs.google.com/spreadsheets/d/13ggv8-k1WCcrrjlwXb-ZoSwhODIQlG_NVffp3TGKOgI/edit#gid=0
season_004,Regular Season,final_table,true,1,person_bene,Bene,bene,season_004_ritter_der_tapukokosnuss,Ritter der Tapukokosnuss,19,3,0,57,127,63,64,sheet_extracted,https://docs.google.com/spreadsheets/d/1rZd3D0JRNj3lK0ZKdMXPLvCNBofRhFsvW0AlPuBk3VE/edit#gid=0
season_004,Regular Season,final_table,true,2,person_present,PresentLP,present,season_004_prekani,Prekani,16,6,0,48,113,81,32,sheet_extracted,https://docs.google.com/spreadsheets/d/1rZd3D0JRNj3lK0ZKdMXPLvCNBofRhFsvW0AlPuBk3VE/edit#gid=0
season_004,Regular Season,final_table,true,3,person_minetube,Minetube,minetube,season_004_triyolotree,Triyolotree,12,9,1,37,102,97,5,sheet_extracted,https://docs.google.com/spreadsheets/d/1rZd3D0JRNj3lK0ZKdMXPLvCNBofRhFsvW0AlPuBk3VE/edit#gid=0
season_004,Regular Season,final_table,true,4,person_regibang,RegiBang,regibang,season_004_flexing_masskito,Flexing Masskito,12,10,0,36,104,93,11,sheet_extracted,https://docs.google.com/spreadsheets/d/1rZd3D0JRNj3lK0ZKdMXPLvCNBofRhFsvW0AlPuBk3VE/edit#gid=0
season_004,Regular Season,final_table,true,5,person_lauris,Lauris,lauris,season_004_enteikutierung,Enteikutierung,11,11,0,33,98,95,3,sheet_extracted,https://docs.google.com/spreadsheets/d/1rZd3D0JRNj3lK0ZKdMXPLvCNBofRhFsvW0AlPuBk3VE/edit#gid=0
season_004,Regular Season,final_table,true,6,person_melevies,MeLevies,melevies,season_004_shocking_shaymins,Shocking Shaymins,10,11,1,31,106,102,4,sheet_extracted,https://docs.google.com/spreadsheets/d/1rZd3D0JRNj3lK0ZKdMXPLvCNBofRhFsvW0AlPuBk3VE/edit#gid=0
season_004,Regular Season,final_table,true,7,person_fnupa,Cabgolord,fnupa,season_004_slicing_knights,Slicing Knights,10,12,0,30,91,104,-13,sheet_extracted,https://docs.google.com/spreadsheets/d/1rZd3D0JRNj3lK0ZKdMXPLvCNBofRhFsvW0AlPuBk3VE/edit#gid=0
season_004,Regular Season,final_table,true,8,person_surskittv,SurskitTV,surskittv,season_004_surstars,Surstars,9,12,1,28,89,101,-12,sheet_extracted,https://docs.google.com/spreadsheets/d/1rZd3D0JRNj3lK0ZKdMXPLvCNBofRhFsvW0AlPuBk3VE/edit#gid=0
season_004,Regular Season,final_table,true,9,person_captaincrinch,CaptainCrinch,captaincrinch,season_004_suicide_squad,Suicide Squad,9,13,0,27,90,102,-12,sheet_extracted,https://docs.google.com/spreadsheets/d/1rZd3D0JRNj3lK0ZKdMXPLvCNBofRhFsvW0AlPuBk3VE/edit#gid=0
season_004,Regular Season,final_table,true,10,person_art_n_gaming,Art'n'Gaming,art n gaming,season_004_pyroars_of_the_carribean,Pyroars of the Carribean,9,13,0,26,87,112,-25,sheet_extracted,https://docs.google.com/spreadsheets/d/1rZd3D0JRNj3lK0ZKdMXPLvCNBofRhFsvW0AlPuBk3VE/edit#gid=0
season_004,Regular Season,final_table,true,11,person_pokebazi,PokeBazi,pokebazi,season_004_schnittlauchs,Schnittlauchs,7,14,1,22,90,114,-24,sheet_extracted,https://docs.google.com/spreadsheets/d/1rZd3D0JRNj3lK0ZKdMXPLvCNBofRhFsvW0AlPuBk3VE/edit#gid=0
season_004,Regular Season,final_table,true,12,person_crowdcontroller,CrowdController,crowdcontroller,season_004_variant_vulpix,Variant Vulpix,6,16,0,18,78,113,-35,sheet_extracted,https://docs.google.com/spreadsheets/d/1rZd3D0JRNj3lK0ZKdMXPLvCNBofRhFsvW0AlPuBk3VE/edit#gid=0
season_004,Liga 2,final_table,true,1,person_tabasco_tv,Tabasco TV,tabasco tv,season_004_insirnapes,Insirnapes,17,5,0,51,119,79,40,sheet_extracted,https://docs.google.com/spreadsheets/d/1iwPqphIOO1ID-4NV3sv5CrIsmpQF-saq1sNE9Sxo9oE/edit#gid=0
season_004,Liga 2,final_table,true,2,person_professor_n,Professor N,professor n,season_004_bending_manaphys,Bending Manaphys,16,6,0,48,120,85,35,sheet_extracted,https://docs.google.com/spreadsheets/d/1iwPqphIOO1ID-4NV3sv5CrIsmpQF-saq1sNE9Sxo9oE/edit#gid=0
season_004,Liga 2,final_table,true,3,person_suishomaru,Suishomaru,suishomaru,season_004_crimson_sunrise,Crimson Sunrise,16,6,0,48,113,93,20,sheet_extracted,https://docs.google.com/spreadsheets/d/1iwPqphIOO1ID-4NV3sv5CrIsmpQF-saq1sNE9Sxo9oE/edit#gid=0
season_004,Liga 2,final_table,true,4,person_glebber,Glebber,glebber,season_004_energie_tobutz,Energie Tobutz,14,8,0,42,109,86,23,sheet_extracted,https://docs.google.com/spreadsheets/d/1iwPqphIOO1ID-4NV3sv5CrIsmpQF-saq1sNE9Sxo9oE/edit#gid=0
season_004,Liga 2,final_table,true,5,person_bravebird,BraveBird,bravebird,season_004_talonflame_skyliners,Talonflame Skyliners,13,9,0,39,116,103,13,sheet_extracted,https://docs.google.com/spreadsheets/d/1iwPqphIOO1ID-4NV3sv5CrIsmpQF-saq1sNE9Sxo9oE/edit#gid=0
season_004,Liga 2,final_table,true,6,person_barry_d_sin_of_speed,Barry D. Sin of Speed,barry d sin of speed,season_004_marvelous_speedsters,Marvelous Speedsters,12,9,1,37,108,102,6,sheet_extracted,https://docs.google.com/spreadsheets/d/1iwPqphIOO1ID-4NV3sv5CrIsmpQF-saq1sNE9Sxo9oE/edit#gid=0
season_004,Liga 2,final_table,true,7,person_dauni_daunstar,Dauni,dauni daunstar,season_004_bloodrush_noivern,Bloodrush Noivern,12,10,0,36,101,96,11,sheet_extracted,https://docs.google.com/spreadsheets/d/1iwPqphIOO1ID-4NV3sv5CrIsmpQF-saq1sNE9Sxo9oE/edit#gid=0
season_004,Liga 2,final_table,true,8,person_themiifii,TheMiiFii,themiifii,season_004_dreaded_dittos,Dreaded Dittos,11,11,0,33,92,98,-6,sheet_extracted,https://docs.google.com/spreadsheets/d/1iwPqphIOO1ID-4NV3sv5CrIsmpQF-saq1sNE9Sxo9oE/edit#gid=0
season_004,Liga 2,final_table,true,9,person_leinux,Leinux,leinux,season_004_meowseyside,Meowseyside,6,16,0,18,79,111,-32,sheet_extracted,https://docs.google.com/spreadsheets/d/1iwPqphIOO1ID-4NV3sv5CrIsmpQF-saq1sNE9Sxo9oE/edit#gid=0
season_004,Liga 2,final_table,true,10,person_scoutley,Scoutley,scoutley,season_004_penguin_squad,Penguin Squad,5,16,1,16,81,124,-42,sheet_extracted,https://docs.google.com/spreadsheets/d/1iwPqphIOO1ID-4NV3sv5CrIsmpQF-saq1sNE9Sxo9oE/edit#gid=0
season_004,Liga 2,final_table,true,11,person_blacklink,BlackLink,blacklink,season_004_silver_fang,Silver Fang,5,17,0,15,87,123,-36,sheet_extracted,https://docs.google.com/spreadsheets/d/1iwPqphIOO1ID-4NV3sv5CrIsmpQF-saq1sNE9Sxo9oE/edit#gid=0
season_004,Liga 2,final_table,true,12,person_asalakoren,Asalakoren,asalakoren,season_004_azumarines,Azumarines,4,18,0,12,90,113,-23,sheet_extracted,https://docs.google.com/spreadsheets/d/1iwPqphIOO1ID-4NV3sv5CrIsmpQF-saq1sNE9Sxo9oE/edit#gid=0
season_005,Liga 1,final_table,true,1,person_lauris,Lauris,lauris,season_005_shockwaving_magearnas,Shockwaving Magearnas,19,3,0,57,121,69,52,sheet_extracted,https://docs.google.com/spreadsheets/d/1nONaKwJcrN04APGKN-HrZ8yavwZdFkfnaA59Zp1sdBU/edit#gid=1708603996
season_005,Liga 1,final_table,true,2,person_bene,Bene,bene,season_005_victini_bottom,Victini Bottom,16,6,0,48,115,73,37,sheet_extracted,https://docs.google.com/spreadsheets/d/1nONaKwJcrN04APGKN-HrZ8yavwZdFkfnaA59Zp1sdBU/edit#gid=1708603996
season_005,Liga 1,final_table,true,3,person_present,PresentLP,present,season_005_prekani,Prekani,13,9,0,39,106,93,13,sheet_extracted,https://docs.google.com/spreadsheets/d/1nONaKwJcrN04APGKN-HrZ8yavwZdFkfnaA59Zp1sdBU/edit#gid=1708603996
season_005,Liga 1,final_table,true,4,person_captaincrinch,CaptainCrinch,captaincrinch,season_005_crinchilla,Crinchilla,12,10,0,36,101,89,12,sheet_extracted,https://docs.google.com/spreadsheets/d/1nONaKwJcrN04APGKN-HrZ8yavwZdFkfnaA59Zp1sdBU/edit#gid=1708603996
season_005,Liga 1,final_table,true,5,person_professor_n,Professor N,professor n,season_005_howling_commandos,Howling Commandos,12,10,0,36,105,94,11,sheet_extracted,https://docs.google.com/spreadsheets/d/1nONaKwJcrN04APGKN-HrZ8yavwZdFkfnaA59Zp1sdBU/edit#gid=1708603996
season_005,Liga 1,final_table,true,6,person_glebber,glebber,glebber,season_005_energie_tobutz,Energie Tobutz,12,10,0,36,103,100,3,sheet_extracted,https://docs.google.com/spreadsheets/d/1nONaKwJcrN04APGKN-HrZ8yavwZdFkfnaA59Zp1sdBU/edit#gid=1708603996
season_005,Liga 1,final_table,true,7,person_barry_d_sin_of_speed,Barry D. Sin of Speed,barry d sin of speed,season_005_marvelous_speedsters,Marvelous Speedsters,10,11,1,31,94,103,-9,sheet_extracted,https://docs.google.com/spreadsheets/d/1nONaKwJcrN04APGKN-HrZ8yavwZdFkfnaA59Zp1sdBU/edit#gid=1708603996
season_005,Liga 1,final_table,true,8,person_raizor,Raizor,raizor,season_005_soulstealer,Soulstealer,9,13,0,27,97,100,-3,sheet_extracted,https://docs.google.com/spreadsheets/d/1nONaKwJcrN04APGKN-HrZ8yavwZdFkfnaA59Zp1sdBU/edit#gid=1708603996
season_005,Liga 1,final_table,true,9,person_minetube,Minetube,minetube,season_005_triyolotree,Triyolotree,9,13,0,27,94,111,-17,sheet_extracted,https://docs.google.com/spreadsheets/d/1nONaKwJcrN04APGKN-HrZ8yavwZdFkfnaA59Zp1sdBU/edit#gid=1708603996
season_005,Liga 1,final_table,true,10,person_parsifani,Parsifani,parsifani,season_005_aggron_successors,Aggron Successors*,8,13,1,25,94,114,-20,sheet_extracted,https://docs.google.com/spreadsheets/d/1nONaKwJcrN04APGKN-HrZ8yavwZdFkfnaA59Zp1sdBU/edit#gid=1708603996
season_005,Liga 1,final_table,true,11,person_art_n_gaming,Art'n'Gaming,art n gaming,season_005_little_litleos,Little Litleos*,6,16,0,18,78,119,-41,sheet_extracted,https://docs.google.com/spreadsheets/d/1nONaKwJcrN04APGKN-HrZ8yavwZdFkfnaA59Zp1sdBU/edit#gid=1708603996
season_005,Liga 1,final_table,true,12,person_fnupa,Cabgolord,fnupa,season_005_cabgosport,Cabgosport,5,17,0,15,77,118,-41,sheet_extracted,https://docs.google.com/spreadsheets/d/1nONaKwJcrN04APGKN-HrZ8yavwZdFkfnaA59Zp1sdBU/edit#gid=1708603996
season_005,Liga 2,final_table,true,1,person_belmontgabriel,BelmontGabriel,belmontgabriel,season_005_symphonic_swellow,Symphonic Swellow,18,4,0,54,121,67,54,sheet_extracted,https://docs.google.com/spreadsheets/d/1Jej38dwkqOARMHvKaUfQeHME0pLqP9GE6vPZQMUxMcg/edit#gid=1613120774
season_005,Liga 2,final_table,true,2,person_elektechn9ne,ElektechN9ne,elektechn9ne,season_005_elekid_s_club,Elekid's Club,17,5,0,51,115,83,32,sheet_extracted,https://docs.google.com/spreadsheets/d/1Jej38dwkqOARMHvKaUfQeHME0pLqP9GE6vPZQMUxMcg/edit#gid=1613120774
season_005,Liga 2,final_table,true,3,person_bravebird,BraveBird,bravebird,season_005_brazilliant,Brazilliant,14,8,0,42,105,97,7,sheet_extracted,https://docs.google.com/spreadsheets/d/1Jej38dwkqOARMHvKaUfQeHME0pLqP9GE6vPZQMUxMcg/edit#gid=1613120774
season_005,Liga 2,final_table,true,4,person_blacklink,BlackLink,blacklink,season_005_stardew_silvally,Stardew Silvally,13,9,0,39,108,94,14,sheet_extracted,https://docs.google.com/spreadsheets/d/1Jej38dwkqOARMHvKaUfQeHME0pLqP9GE6vPZQMUxMcg/edit#gid=1613120774
season_005,Liga 2,final_table,true,5,person_dauni_daunstar,Dauni,dauni daunstar,season_005_wild_west_style,Wild West Style,11,11,0,33,102,99,3,sheet_extracted,https://docs.google.com/spreadsheets/d/1Jej38dwkqOARMHvKaUfQeHME0pLqP9GE6vPZQMUxMcg/edit#gid=1613120774
season_005,Liga 2,final_table,true,6,person_crowdcontroller,CrowdController,crowdcontroller,season_005_lax_litwick,Lax Litwick,11,11,0,33,106,108,-3,sheet_extracted,https://docs.google.com/spreadsheets/d/1Jej38dwkqOARMHvKaUfQeHME0pLqP9GE6vPZQMUxMcg/edit#gid=1613120774
season_005,Liga 2,final_table,true,7,person_stratocopter_tv,Stratocopter TV,stratocopter tv,season_005_crustle_crusaders,Crustle Crusaders,10,12,0,30,92,94,-2,sheet_extracted,https://docs.google.com/spreadsheets/d/1Jej38dwkqOARMHvKaUfQeHME0pLqP9GE6vPZQMUxMcg/edit#gid=1613120774
season_005,Liga 2,final_table,true,8,person_pokebazi,PokeBazi,pokebazi,season_005_krebuknackis,Krebuknackis,10,12,0,30,96,104,-8,sheet_extracted,https://docs.google.com/spreadsheets/d/1Jej38dwkqOARMHvKaUfQeHME0pLqP9GE6vPZQMUxMcg/edit#gid=1613120774
season_005,Liga 2,final_table,true,9,person_craycom,Craycom,craycom,season_005_weavile_ga_kill,Weavile Ga Kill,9,13,0,27,91,107,-16,sheet_extracted,https://docs.google.com/spreadsheets/d/1Jej38dwkqOARMHvKaUfQeHME0pLqP9GE6vPZQMUxMcg/edit#gid=1613120774
season_005,Liga 2,final_table,true,10,person_oktopaul,Oktopaul,oktopaul,season_005_goofy_gufas,Goofy Gufas,8,14,0,24,91,115,-24,sheet_extracted,https://docs.google.com/spreadsheets/d/1Jej38dwkqOARMHvKaUfQeHME0pLqP9GE6vPZQMUxMcg/edit#gid=1613120774
season_005,Liga 2,final_table,true,11,person_scoutley,Scoutley,scoutley,season_005_goetterboten,Götterboten,6,16,0,18,84,114,-30,sheet_extracted,https://docs.google.com/spreadsheets/d/1Jej38dwkqOARMHvKaUfQeHME0pLqP9GE6vPZQMUxMcg/edit#gid=1613120774
season_005,Liga 2,final_table,true,12,person_asalakoren,Asalakoren,asalakoren,season_005_thrillerbark,Thrillerbark,5,17,0,15,87,116,-29,sheet_extracted,https://docs.google.com/spreadsheets/d/1Jej38dwkqOARMHvKaUfQeHME0pLqP9GE6vPZQMUxMcg/edit#gid=1613120774
season_006,Sun Conference,final_table,true,1,person_pokebazi,PokeBazi,pokebazi,season_006_pokebassis,Pokebassis,9,2,0,27,61,38,23,sheet_extracted,https://docs.google.com/spreadsheets/d/11wxsKyCydVmDjp4kGLJAOLPM_LgwCLN2GYpbDQkNtkk/edit#gid=1532844442
season_006,Sun Conference,final_table,true,2,person_barry_d_sin_of_speed,Barry D. Sin of Speed,barry d sin of speed,season_006_nova_dragons,Nova Dragons,8,3,0,24,60,30,30,sheet_extracted,https://docs.google.com/spreadsheets/d/11wxsKyCydVmDjp4kGLJAOLPM_LgwCLN2GYpbDQkNtkk/edit#gid=1532844442
season_006,Sun Conference,final_table,true,3,person_maxi_von_vogel,Maxi von Vogel,maxi von vogel,season_006_youngstars,Youngstars,8,3,0,24,58,40,18,sheet_extracted,https://docs.google.com/spreadsheets/d/11wxsKyCydVmDjp4kGLJAOLPM_LgwCLN2GYpbDQkNtkk/edit#gid=1532844442
season_006,Sun Conference,final_table,true,4,person_present,PresentLP,present,season_006_prekani,Prekani,8,3,0,24,56,42,14,sheet_extracted,https://docs.google.com/spreadsheets/d/11wxsKyCydVmDjp4kGLJAOLPM_LgwCLN2GYpbDQkNtkk/edit#gid=1532844442
season_006,Sun Conference,final_table,true,5,person_lauris,Lauris,lauris,season_006_schleudergang,Schleudergang,7,4,0,21,53,40,13,sheet_extracted,https://docs.google.com/spreadsheets/d/11wxsKyCydVmDjp4kGLJAOLPM_LgwCLN2GYpbDQkNtkk/edit#gid=1532844442
season_006,Sun Conference,final_table,true,6,person_minetube,Minetube,minetube,season_006_triyolotree,Triyolotree,6,5,0,18,46,53,-7,sheet_extracted,https://docs.google.com/spreadsheets/d/11wxsKyCydVmDjp4kGLJAOLPM_LgwCLN2GYpbDQkNtkk/edit#gid=1532844442
season_006,Sun Conference,final_table,true,7,person_blacklink,BlackLink,blacklink,season_006_majora_s_maskeregen,Majora's Maskeregen,5,6,0,15,51,55,-4,sheet_extracted,https://docs.google.com/spreadsheets/d/11wxsKyCydVmDjp4kGLJAOLPM_LgwCLN2GYpbDQkNtkk/edit#gid=1532844442
season_006,Sun Conference,final_table,true,8,person_parsifani,Parsifani,parsifani,season_006_mythical_fighterz,Mythical FighterZ,5,6,0,15,47,54,-7,sheet_extracted,https://docs.google.com/spreadsheets/d/11wxsKyCydVmDjp4kGLJAOLPM_LgwCLN2GYpbDQkNtkk/edit#gid=1532844442
season_006,Sun Conference,final_table,true,9,person_raizor,Raizor,raizor,season_006_soulstealer,Soulstealer,3,8,0,9,41,55,-14,sheet_extracted,https://docs.google.com/spreadsheets/d/11wxsKyCydVmDjp4kGLJAOLPM_LgwCLN2GYpbDQkNtkk/edit#gid=1532844442
season_006,Sun Conference,final_table,true,10,person_hydronic,Hydronic,hydronic,season_006_grippebaerchen,Grippebärchen,3,8,0,9,38,53,-15,sheet_extracted,https://docs.google.com/spreadsheets/d/11wxsKyCydVmDjp4kGLJAOLPM_LgwCLN2GYpbDQkNtkk/edit#gid=1532844442
season_006,Sun Conference,final_table,true,11,person_asalakoren,Asalakoren,asalakoren,season_006_absolutism,Absolutism,2,9,0,6,37,61,-24,sheet_extracted,https://docs.google.com/spreadsheets/d/11wxsKyCydVmDjp4kGLJAOLPM_LgwCLN2GYpbDQkNtkk/edit#gid=1532844442
season_006,Sun Conference,final_table,true,12,person_scoutley,Scoutley,scoutley,season_006_rising_delibirds,Rising Delibirds,2,9,0,6,31,58,-27,sheet_extracted,https://docs.google.com/spreadsheets/d/11wxsKyCydVmDjp4kGLJAOLPM_LgwCLN2GYpbDQkNtkk/edit#gid=1532844442
season_006,Moon Conference,final_table,true,1,person_art_n_gaming,Art'n'Gaming,art n gaming,season_006_little_litleos,Little Litleos,8,2,1,25,58,48,10,sheet_extracted,https://docs.google.com/spreadsheets/d/11wxsKyCydVmDjp4kGLJAOLPM_LgwCLN2GYpbDQkNtkk/edit#gid=483990761
season_006,Moon Conference,final_table,true,2,person_dauni_daunstar,Dauni,dauni daunstar,season_006_lazycakes,Lazycakes,8,3,0,24,58,38,20,sheet_extracted,https://docs.google.com/spreadsheets/d/11wxsKyCydVmDjp4kGLJAOLPM_LgwCLN2GYpbDQkNtkk/edit#gid=483990761
season_006,Moon Conference,final_table,true,3,person_bene,Bene,bene,season_006_kleinsteins_gate,Kleinsteins;Gate,7,3,1,22,58,40,18,sheet_extracted,https://docs.google.com/spreadsheets/d/11wxsKyCydVmDjp4kGLJAOLPM_LgwCLN2GYpbDQkNtkk/edit#gid=483990761
season_006,Moon Conference,final_table,true,4,person_elektechn9ne,ElektechN9ne,elektechn9ne,season_006_elekids_club,Elekids Club,7,4,0,21,53,42,11,sheet_extracted,https://docs.google.com/spreadsheets/d/11wxsKyCydVmDjp4kGLJAOLPM_LgwCLN2GYpbDQkNtkk/edit#gid=483990761
season_006,Moon Conference,final_table,true,5,person_belmontgabriel,BelmontGabriel,belmontgabriel,season_006_niemandsland,Niemandsland,6,5,0,18,55,44,11,sheet_extracted,https://docs.google.com/spreadsheets/d/11wxsKyCydVmDjp4kGLJAOLPM_LgwCLN2GYpbDQkNtkk/edit#gid=483990761
season_006,Moon Conference,final_table,true,6,person_tabasco_tv,Tabasco TV,tabasco tv,season_006_aggron_berlin,Aggron Berlin,6,5,0,18,53,46,7,sheet_extracted,https://docs.google.com/spreadsheets/d/11wxsKyCydVmDjp4kGLJAOLPM_LgwCLN2GYpbDQkNtkk/edit#gid=483990761
season_006,Moon Conference,final_table,true,7,person_nestfloh,Nestfloh,nestfloh,season_006_flutschige_zaepfchen,Flutschige Zäpfchen,6,5,0,18,50,45,5,sheet_extracted,https://docs.google.com/spreadsheets/d/11wxsKyCydVmDjp4kGLJAOLPM_LgwCLN2GYpbDQkNtkk/edit#gid=483990761
season_006,Moon Conference,final_table,true,8,person_regibang,RegiBang,regibang,season_006_tectass_toppas,Tectass Toppas,4,6,1,12,48,54,-6,sheet_extracted,https://docs.google.com/spreadsheets/d/11wxsKyCydVmDjp4kGLJAOLPM_LgwCLN2GYpbDQkNtkk/edit#gid=483990761
season_006,Moon Conference,final_table,true,9,person_captaincrinch,CaptainCrinch,captaincrinch,season_006_crinchilla,Crinchilla,4,7,0,12,39,50,-11,sheet_extracted,https://docs.google.com/spreadsheets/d/11wxsKyCydVmDjp4kGLJAOLPM_LgwCLN2GYpbDQkNtkk/edit#gid=483990761
season_006,Moon Conference,final_table,true,10,person_stratocopter_tv,Stratocopter TV,stratocopter tv,season_006_crustle_crusaders,Crustle Crusaders,3,7,1,10,46,53,-7,sheet_extracted,https://docs.google.com/spreadsheets/d/11wxsKyCydVmDjp4kGLJAOLPM_LgwCLN2GYpbDQkNtkk/edit#gid=483990761
season_006,Moon Conference,final_table,true,11,person_fnupa,Cabgolord,fnupa,season_006_blades_enforcer,Blades Enforcer,3,8,0,9,34,58,-24,sheet_extracted,https://docs.google.com/spreadsheets/d/11wxsKyCydVmDjp4kGLJAOLPM_LgwCLN2GYpbDQkNtkk/edit#gid=483990761
season_006,Moon Conference,final_table,true,12,person_craycom,Craycom,craycom,season_006_strubbelohr_bande,Strubbelohr Bande,2,9,0,6,32,61,-29,sheet_extracted,https://docs.google.com/spreadsheets/d/11wxsKyCydVmDjp4kGLJAOLPM_LgwCLN2GYpbDQkNtkk/edit#gid=483990761
season_007,Regular Season,final_table,true,1,person_nestfloh,Nestfloh,nestfloh,season_007_flutschige_zaepfchen,Flutschige Zäpfchen,11,2,0,33,70,40,30,sheet_extracted,https://docs.google.com/spreadsheets/d/1nwiq_ggEj7QePeZGMR2xoi0bEHJr_ZGO24YCRdt93No/edit#gid=1953934700
season_007,Regular Season,final_table,true,2,person_dauni_daunstar,Dauni,dauni daunstar,season_007_milchbubis,Milchbubis,11,2,0,33,72,48,24,sheet_extracted,https://docs.google.com/spreadsheets/d/1nwiq_ggEj7QePeZGMR2xoi0bEHJr_ZGO24YCRdt93No/edit#gid=1953934700
season_007,Regular Season,final_table,true,3,person_regibang,RegiBang,regibang,season_007_launching_dragapults,Launching Dragapults,9,4,0,27,63,54,9,sheet_extracted,https://docs.google.com/spreadsheets/d/1nwiq_ggEj7QePeZGMR2xoi0bEHJr_ZGO24YCRdt93No/edit#gid=1953934700
season_007,Regular Season,final_table,true,4,person_tabasco_tv,Tabasco TV,tabasco tv,season_007_aggron_berlin,Aggron Berlin,8,5,0,24,60,49,11,sheet_extracted,https://docs.google.com/spreadsheets/d/1nwiq_ggEj7QePeZGMR2xoi0bEHJr_ZGO24YCRdt93No/edit#gid=1953934700
season_007,Regular Season,final_table,true,5,person_bene,Bene,bene,season_007_riffex_pontifex,Riffex Pontifex,7,6,0,21,58,55,3,sheet_extracted,https://docs.google.com/spreadsheets/d/1nwiq_ggEj7QePeZGMR2xoi0bEHJr_ZGO24YCRdt93No/edit#gid=1953934700
season_007,Regular Season,final_table,true,6,person_pokebazi,PokeBazi,pokebazi,season_007_therapiepi,Therapiepi,6,7,0,18,62,55,7,sheet_extracted,https://docs.google.com/spreadsheets/d/1nwiq_ggEj7QePeZGMR2xoi0bEHJr_ZGO24YCRdt93No/edit#gid=1953934700
season_007,Regular Season,final_table,true,7,person_present,PresentLP,present,season_007_prekaknight,PrekaKnight,6,7,0,18,63,59,4,sheet_extracted,https://docs.google.com/spreadsheets/d/1nwiq_ggEj7QePeZGMR2xoi0bEHJr_ZGO24YCRdt93No/edit#gid=1953934700
season_007,Regular Season,final_table,true,8,person_hydronic,Hydronic,hydronic,season_007_baltoy_story,Baltoy Story,6,7,0,18,56,63,-7,sheet_extracted,https://docs.google.com/spreadsheets/d/1nwiq_ggEj7QePeZGMR2xoi0bEHJr_ZGO24YCRdt93No/edit#gid=1953934700
season_007,Regular Season,final_table,true,9,person_elektechn9ne,ElektechN9ne,elektechn9ne,season_007_elekids_club,Elekids Club,6,7,0,18,48,60,-12,sheet_extracted,https://docs.google.com/spreadsheets/d/1nwiq_ggEj7QePeZGMR2xoi0bEHJr_ZGO24YCRdt93No/edit#gid=1953934700
season_007,Regular Season,final_table,true,10,person_belmontgabriel,BelmontGabriel,belmontgabriel,season_007_igalima_impoleon,Igalima Impoleon,5,8,0,15,54,68,-14,sheet_extracted,https://docs.google.com/spreadsheets/d/1nwiq_ggEj7QePeZGMR2xoi0bEHJr_ZGO24YCRdt93No/edit#gid=1953934700
season_007,Regular Season,final_table,true,11,person_blacklink,BlackLink,blacklink,season_007_nose_to_order,Nose to Order,4,9,0,12,58,71,-13,sheet_extracted,https://docs.google.com/spreadsheets/d/1nwiq_ggEj7QePeZGMR2xoi0bEHJr_ZGO24YCRdt93No/edit#gid=1953934700
season_007,Regular Season,final_table,true,12,person_raizor,Raizor,raizor,season_007_soulstealer,Soulstealer,4,9,0,12,55,69,-14,sheet_extracted,https://docs.google.com/spreadsheets/d/1nwiq_ggEj7QePeZGMR2xoi0bEHJr_ZGO24YCRdt93No/edit#gid=1953934700
season_007,Regular Season,final_table,true,13,person_barry_d_sin_of_speed,Barry D. Sin of Speed,barry d sin of speed,season_007_skywalking_zacians,Skywalking Zacians,4,9,0,12,51,65,-14,sheet_extracted,https://docs.google.com/spreadsheets/d/1nwiq_ggEj7QePeZGMR2xoi0bEHJr_ZGO24YCRdt93No/edit#gid=1953934700
season_007,Regular Season,final_table,true,14,person_captaincrinch,CaptainCrinch,captaincrinch,season_007_crinchilla,Crinchilla,4,9,0,12,50,65,-15,sheet_extracted,https://docs.google.com/spreadsheets/d/1nwiq_ggEj7QePeZGMR2xoi0bEHJr_ZGO24YCRdt93No/edit#gid=1953934700
season_007,Playoffs,playoffs,true,1,person_nestfloh,Nestfloh,nestfloh,season_007_flutschige_zaepfchen,Flutschige Zäpfchen,,,0,,,,,source_evidenced,https://docs.google.com/spreadsheets/d/1nwiq_ggEj7QePeZGMR2xoi0bEHJr_ZGO24YCRdt93No/edit#gid=1358421537;https://docs.google.com/spreadsheets/d/1nwiq_ggEj7QePeZGMR2xoi0bEHJr_ZGO24YCRdt93No/edit#gid=1953934700
season_008,Liga 1,final_table,true,1,person_bene,Bene,bene,season_008_victini_bottom,Victini Bottom,13,1,0,39,80,41,39,sheet_extracted,https://docs.google.com/spreadsheets/d/1B2uTMvWlAHb7WlpupJV1A2Hbi3K3U1vCyoFV0wCapcw/edit#gid=1953934700
season_008,Liga 1,final_table,true,2,person_nestfloh,Nestfloh,nestfloh,season_008_flutschige_zaepfchen,Flutschige Zäpfchen,8,6,0,24,70,59,11,sheet_extracted,https://docs.google.com/spreadsheets/d/1B2uTMvWlAHb7WlpupJV1A2Hbi3K3U1vCyoFV0wCapcw/edit#gid=1953934700
season_008,Liga 1,final_table,true,3,person_present,PresentLP,present,season_008_prekani,Prekani,7,7,0,21,69,66,3,sheet_extracted,https://docs.google.com/spreadsheets/d/1B2uTMvWlAHb7WlpupJV1A2Hbi3K3U1vCyoFV0wCapcw/edit#gid=1953934700
season_008,Liga 1,final_table,true,4,person_dauni_daunstar,Dauni,dauni daunstar,season_008_glueckspilze,Glückspilze,7,7,0,21,67,72,-5,sheet_extracted,https://docs.google.com/spreadsheets/d/1B2uTMvWlAHb7WlpupJV1A2Hbi3K3U1vCyoFV0wCapcw/edit#gid=1953934700
season_008,Liga 1,final_table,true,5,person_belmontgabriel,BelmontGabriel,belmontgabriel,season_008_igalima_impoleon,Igalima Impoleon,6,8,0,18,59,62,-3,sheet_extracted,https://docs.google.com/spreadsheets/d/1B2uTMvWlAHb7WlpupJV1A2Hbi3K3U1vCyoFV0wCapcw/edit#gid=1953934700
season_008,Liga 1,final_table,true,6,person_elektechn9ne,ElektechN9ne,elektechn9ne,season_008_elekids_club,Elekids Club,6,8,0,18,56,66,-10,sheet_extracted,https://docs.google.com/spreadsheets/d/1B2uTMvWlAHb7WlpupJV1A2Hbi3K3U1vCyoFV0wCapcw/edit#gid=1953934700
season_008,Liga 1,final_table,true,7,person_hydronic,Hydronic,hydronic,season_008_arktipico,Arktipico,5,9,0,15,53,67,-14,sheet_extracted,https://docs.google.com/spreadsheets/d/1B2uTMvWlAHb7WlpupJV1A2Hbi3K3U1vCyoFV0wCapcw/edit#gid=1953934700
season_008,Liga 1,final_table,true,8,person_regibang,RegiBang,regibang,season_008_pillar_mons,Pillar Mons,4,10,0,12,53,74,-21,sheet_extracted,https://docs.google.com/spreadsheets/d/1B2uTMvWlAHb7WlpupJV1A2Hbi3K3U1vCyoFV0wCapcw/edit#gid=1953934700
season_008,Liga 2,final_table,true,1,person_king_blex,KingBlex,king blex,season_008_end_level_hydreigon,End Level Hydreigon,10,4,0,30,75,48,27,sheet_extracted,https://docs.google.com/spreadsheets/d/1B2uTMvWlAHb7WlpupJV1A2Hbi3K3U1vCyoFV0wCapcw/edit#gid=419572953
season_008,Liga 2,final_table,true,2,person_blocki,Blocki,blocki,season_008_kastanienbomber,Kastanienbomber,9,5,0,27,68,65,3,sheet_extracted,https://docs.google.com/spreadsheets/d/1B2uTMvWlAHb7WlpupJV1A2Hbi3K3U1vCyoFV0wCapcw/edit#gid=419572953
season_008,Liga 2,final_table,true,3,person_barry_d_sin_of_speed,Barry D. Sin of Speed,barry d sin of speed,season_008_holy_fairies,Holy Fairies,7,7,0,21,65,63,2,sheet_extracted,https://docs.google.com/spreadsheets/d/1B2uTMvWlAHb7WlpupJV1A2Hbi3K3U1vCyoFV0wCapcw/edit#gid=419572953
season_008,Liga 2,final_table,true,3,person_maxi_von_vogel,Maxi von Vogel,maxi von vogel,season_008_rexcalybur,Rexcalybur,7,7,0,21,65,63,2,sheet_extracted,https://docs.google.com/spreadsheets/d/1B2uTMvWlAHb7WlpupJV1A2Hbi3K3U1vCyoFV0wCapcw/edit#gid=419572953
season_008,Liga 2,final_table,true,5,person_blacklink,BlackLink,blacklink,season_008_abyssal_nightmare,Abyssal Nightmare,7,7,0,21,63,65,-2,sheet_extracted,https://docs.google.com/spreadsheets/d/1B2uTMvWlAHb7WlpupJV1A2Hbi3K3U1vCyoFV0wCapcw/edit#gid=419572953
season_008,Liga 2,final_table,true,6,person_raizor,Raizor,raizor,season_008_soulstealer,Soulstealer,7,7,0,21,61,64,-3,sheet_extracted,https://docs.google.com/spreadsheets/d/1B2uTMvWlAHb7WlpupJV1A2Hbi3K3U1vCyoFV0wCapcw/edit#gid=419572953
season_008,Liga 2,final_table,true,7,person_og_dnz,OGDNZ,og dnz,season_008_chasing_cinderaces,Chasing Cinderaces,6,8,0,18,58,60,-2,sheet_extracted,https://docs.google.com/spreadsheets/d/1B2uTMvWlAHb7WlpupJV1A2Hbi3K3U1vCyoFV0wCapcw/edit#gid=419572953
season_008,Liga 2,final_table,true,8,person_pokgalaxy,Pokgalaxy,pokgalaxy,season_008_issotop,Issotop,3,11,0,9,50,77,-27,sheet_extracted,https://docs.google.com/spreadsheets/d/1B2uTMvWlAHb7WlpupJV1A2Hbi3K3U1vCyoFV0wCapcw/edit#gid=419572953
season_009,Overall Tag Team,final_table,false,1,person_el_scizor_bene,El Scizor & Bene,el scizor bene,season_009_victory_instinct,Victory Instinct,22,6,0,66,154,89,65,sheet_extracted,https://docs.google.com/spreadsheets/d/1uo7-E_E2jbehB2hbBurpPayP_0fKY5sPZcFgZmfLydY/edit#gid=1953155019
season_009,Overall Tag Team,final_table,false,2,person_blocki_nestfloh,Blocki & Nestfloh,blocki nestfloh,season_009_voltwizards,Voltwizards,16,12,0,48,126,109,17,sheet_extracted,https://docs.google.com/spreadsheets/d/1uo7-E_E2jbehB2hbBurpPayP_0fKY5sPZcFgZmfLydY/edit#gid=1953155019
season_009,Overall Tag Team,final_table,false,3,person_dauni_daunstar_hydronic,Dauni & Hydronic,dauni daunstar hydronic,season_009_scherzkekse,Scherzkekse,14,14,0,42,135,126,9,sheet_extracted,https://docs.google.com/spreadsheets/d/1uo7-E_E2jbehB2hbBurpPayP_0fKY5sPZcFgZmfLydY/edit#gid=1953155019
season_009,Overall Tag Team,final_table,false,4,person_king_blex_og_dnz,King Blex & OG DNZ,king blex og dnz,season_009_toon_world,Toon World,13,15,0,39,121,132,-11,sheet_extracted,https://docs.google.com/spreadsheets/d/1uo7-E_E2jbehB2hbBurpPayP_0fKY5sPZcFgZmfLydY/edit#gid=1953155019
season_009,Overall Tag Team,final_table,false,5,person_present_raizor,Present & Raizor,present raizor,season_009_soulblaze,Soulblaze,13,15,0,39,129,142,-13,sheet_extracted,https://docs.google.com/spreadsheets/d/1uo7-E_E2jbehB2hbBurpPayP_0fKY5sPZcFgZmfLydY/edit#gid=1953155019
season_009,Overall Tag Team,final_table,false,6,person_maxi_von_vogel_pokgalaxy,Maxi von Vogel & Pokgalaxy,maxi von vogel pokgalaxy,season_009_fen_and_gator,Fen and Gator,13,15,0,39,119,133,-14,sheet_extracted,https://docs.google.com/spreadsheets/d/1uo7-E_E2jbehB2hbBurpPayP_0fKY5sPZcFgZmfLydY/edit#gid=1953155019
season_009,Overall Tag Team,final_table,false,7,person_blacklink_elektechn9ne,BlackLink & ElektechN9ne,blacklink elektechn9ne,season_009_royal_bluff,Royal Bluff,12,16,0,36,121,145,-24,sheet_extracted,https://docs.google.com/spreadsheets/d/1uo7-E_E2jbehB2hbBurpPayP_0fKY5sPZcFgZmfLydY/edit#gid=1953155019
season_009,Overall Tag Team,final_table,false,8,person_barry_d_sin_of_speed_minetube,Barry D. Sin of Speed & Minetube,barry d sin of speed minetube,season_009_akatsuki_amphibianz,Akatsuki Amphibianz,9,19,0,27,114,143,-29,sheet_extracted,https://docs.google.com/spreadsheets/d/1uo7-E_E2jbehB2hbBurpPayP_0fKY5sPZcFgZmfLydY/edit#gid=1953155019
season_009,Singles,final_table,true,1,person_el_scizor,El Scizor,el scizor,season_009_victory_instinct,Victory Instinct,11,3,0,33,78,46,32,sheet_extracted,https://docs.google.com/spreadsheets/d/1uo7-E_E2jbehB2hbBurpPayP_0fKY5sPZcFgZmfLydY/edit#gid=1993336510
season_009,Singles,final_table,true,2,person_dauni_daunstar,Dauni,dauni daunstar,season_009_scherzkekse,Scherzkekse,9,5,0,27,77,55,22,sheet_extracted,https://docs.google.com/spreadsheets/d/1uo7-E_E2jbehB2hbBurpPayP_0fKY5sPZcFgZmfLydY/edit#gid=1993336510
season_009,Singles,final_table,true,3,person_blocki,Blocki,blocki,season_009_voltwizards,Voltwizards,7,7,0,21,57,58,-1,sheet_extracted,https://docs.google.com/spreadsheets/d/1uo7-E_E2jbehB2hbBurpPayP_0fKY5sPZcFgZmfLydY/edit#gid=1993336510
season_009,Singles,final_table,true,4,person_present,PresentLP,present,season_009_soulblaze,Soulblaze,7,7,0,21,67,70,-3,sheet_extracted,https://docs.google.com/spreadsheets/d/1uo7-E_E2jbehB2hbBurpPayP_0fKY5sPZcFgZmfLydY/edit#gid=1993336510
season_009,Singles,final_table,true,5,person_king_blex,KingBlex,king blex,season_009_toon_world,Toon World,7,7,0,21,59,62,-3,sheet_extracted,https://docs.google.com/spreadsheets/d/1uo7-E_E2jbehB2hbBurpPayP_0fKY5sPZcFgZmfLydY/edit#gid=1993336510
season_009,Singles,final_table,true,6,person_maxi_von_vogel,Maxi von Vogel,maxi von vogel,season_009_fen_and_gator,Fen and Gator,6,8,0,18,57,69,-12,sheet_extracted,https://docs.google.com/spreadsheets/d/1uo7-E_E2jbehB2hbBurpPayP_0fKY5sPZcFgZmfLydY/edit#gid=1993336510
season_009,Singles,final_table,true,7,person_blacklink,BlackLink,blacklink,season_009_royal_bluff,Royal Bluff,6,8,0,18,61,74,-13,sheet_extracted,https://docs.google.com/spreadsheets/d/1uo7-E_E2jbehB2hbBurpPayP_0fKY5sPZcFgZmfLydY/edit#gid=1993336510
season_009,Singles,final_table,true,8,person_barry_d_sin_of_speed,Barry D. Sin of Speed,barry d sin of speed,season_009_akatsuki_amphibianz,Akatsuki Amphibianz,3,11,0,9,56,78,-22,sheet_extracted,https://docs.google.com/spreadsheets/d/1uo7-E_E2jbehB2hbBurpPayP_0fKY5sPZcFgZmfLydY/edit#gid=1993336510
season_009,Doubles,final_table,true,1,person_bene,Bene,bene,season_009_victory_instinct,Victory Instinct,11,3,0,33,76,43,33,sheet_extracted,https://docs.google.com/spreadsheets/d/1uo7-E_E2jbehB2hbBurpPayP_0fKY5sPZcFgZmfLydY/edit#gid=1772394412
season_009,Doubles,final_table,true,2,person_nestfloh,Nestfloh,nestfloh,season_009_voltwizards,Voltwizards,9,5,0,27,69,51,18,sheet_extracted,https://docs.google.com/spreadsheets/d/1uo7-E_E2jbehB2hbBurpPayP_0fKY5sPZcFgZmfLydY/edit#gid=1772394412
season_009,Doubles,final_table,true,3,person_pokgalaxy,Pokgalaxy,pokgalaxy,season_009_fen_and_gator,Fen and Gator,7,7,0,21,62,64,-2,sheet_extracted,https://docs.google.com/spreadsheets/d/1uo7-E_E2jbehB2hbBurpPayP_0fKY5sPZcFgZmfLydY/edit#gid=1772394412
season_009,Doubles,final_table,true,4,person_minetube,Minetube,minetube,season_009_akatsuki_amphibianz,Akatsuki Amphibianz,6,8,0,18,58,65,-7,sheet_extracted,https://docs.google.com/spreadsheets/d/1uo7-E_E2jbehB2hbBurpPayP_0fKY5sPZcFgZmfLydY/edit#gid=1772394412
season_009,Doubles,final_table,true,5,person_og_dnz,OGDNZ,og dnz,season_009_toon_world,Toon World,6,8,0,18,62,70,-8,sheet_extracted,https://docs.google.com/spreadsheets/d/1uo7-E_E2jbehB2hbBurpPayP_0fKY5sPZcFgZmfLydY/edit#gid=1772394412
season_009,Doubles,final_table,true,6,person_raizor,Raizor,raizor,season_009_soulblaze,Soulblaze,6,8,0,18,62,72,-10,sheet_extracted,https://docs.google.com/spreadsheets/d/1uo7-E_E2jbehB2hbBurpPayP_0fKY5sPZcFgZmfLydY/edit#gid=1772394412
season_009,Doubles,final_table,true,7,person_elektechn9ne,ElektechN9ne,elektechn9ne,season_009_royal_bluff,Royal Bluff,6,8,0,18,60,71,-11,sheet_extracted,https://docs.google.com/spreadsheets/d/1uo7-E_E2jbehB2hbBurpPayP_0fKY5sPZcFgZmfLydY/edit#gid=1772394412
season_009,Doubles,final_table,true,8,person_hydronic,Hydronic,hydronic,season_009_scherzkekse,Scherzkekse,5,9,0,15,58,71,-13,sheet_extracted,https://docs.google.com/spreadsheets/d/1uo7-E_E2jbehB2hbBurpPayP_0fKY5sPZcFgZmfLydY/edit#gid=1772394412
season_010,Regular Season,final_table,true,2,person_present,PresentLP,present,season_010_prekani,Prekani,9,3,0,27,81,52,29,sheet_extracted,https://docs.google.com/spreadsheets/d/13smsrG2BGYxr_omJWcgr-sUDr39bvOJPNL5RPt4DSow/edit#gid=1405051186
season_010,Regular Season,final_table,true,1,person_minetube,Minetube,minetube,season_010_throes_mad,Throes Mad,9,3,0,27,72,57,15,sheet_extracted,https://docs.google.com/spreadsheets/d/13smsrG2BGYxr_omJWcgr-sUDr39bvOJPNL5RPt4DSow/edit#gid=1405051186
season_010,Regular Season,final_table,true,3,person_nestfloh,Nestfloh,nestfloh,season_010_boeller_brueder,Böller Brüder,8,4,0,24,65,49,16,sheet_extracted,https://docs.google.com/spreadsheets/d/13smsrG2BGYxr_omJWcgr-sUDr39bvOJPNL5RPt4DSow/edit#gid=1405051186
season_010,Regular Season,final_table,true,4,person_bene,Bene,bene,season_010_wackel_backel,Wackel Backel,8,4,0,24,69,60,9,sheet_extracted,https://docs.google.com/spreadsheets/d/13smsrG2BGYxr_omJWcgr-sUDr39bvOJPNL5RPt4DSow/edit#gid=1405051186
season_010,Regular Season,final_table,true,5,person_robinvgc,RobinVGC,robinvgc,season_010_choice_bandits,Choice Bandits,8,4,0,24,71,64,7,sheet_extracted,https://docs.google.com/spreadsheets/d/13smsrG2BGYxr_omJWcgr-sUDr39bvOJPNL5RPt4DSow/edit#gid=1405051186
season_010,Regular Season,final_table,true,6,person_raizor,Raizor,raizor,season_010_unbound_soul,Unbound Soul,7,5,0,21,66,56,10,sheet_extracted,https://docs.google.com/spreadsheets/d/13smsrG2BGYxr_omJWcgr-sUDr39bvOJPNL5RPt4DSow/edit#gid=1405051186
season_010,Regular Season,final_table,true,7,person_dauni_daunstar,Dauni,dauni daunstar,season_010_pfundskerle,Pfundskerle,7,5,0,21,74,71,3,sheet_extracted,https://docs.google.com/spreadsheets/d/13smsrG2BGYxr_omJWcgr-sUDr39bvOJPNL5RPt4DSow/edit#gid=1405051186
season_010,Regular Season,final_table,true,8,person_pokgalaxy,Pokgalaxy,pokgalaxy,season_010_tails_of_mystery,Tails of Mystery,5,7,0,15,71,67,4,sheet_extracted,https://docs.google.com/spreadsheets/d/13smsrG2BGYxr_omJWcgr-sUDr39bvOJPNL5RPt4DSow/edit#gid=1405051186
season_010,Regular Season,final_table,true,9,person_og_dnz,OGDNZ,og dnz,season_010_squid_squad,Squid Squad,5,7,0,15,74,77,-3,sheet_extracted,https://docs.google.com/spreadsheets/d/13smsrG2BGYxr_omJWcgr-sUDr39bvOJPNL5RPt4DSow/edit#gid=1405051186
season_010,Regular Season,final_table,true,10,person_domji,Domji,domji,season_010_shining_legends,Shining Legends,5,7,0,15,59,72,-13,sheet_extracted,https://docs.google.com/spreadsheets/d/13smsrG2BGYxr_omJWcgr-sUDr39bvOJPNL5RPt4DSow/edit#gid=1405051186
season_010,Regular Season,final_table,true,11,person_king_blex,KingBlex,king blex,season_010_cyber_end_jugulis,Cyber End Jugulis,4,8,0,12,66,77,-11,sheet_extracted,https://docs.google.com/spreadsheets/d/13smsrG2BGYxr_omJWcgr-sUDr39bvOJPNL5RPt4DSow/edit#gid=1405051186
season_010,Regular Season,final_table,true,12,person_snomnie,Snomnie,snomnie,season_010_corvi_crushers,Corvi Crushers,3,9,0,9,74,89,-15,sheet_extracted,https://docs.google.com/spreadsheets/d/13smsrG2BGYxr_omJWcgr-sUDr39bvOJPNL5RPt4DSow/edit#gid=1405051186
season_010,Regular Season,final_table,true,13,person_sirazoa,Sirazoa,sirazoa,season_010_eon_engine,Eon Engine,3,9,0,9,54,71,-17,sheet_extracted,https://docs.google.com/spreadsheets/d/13smsrG2BGYxr_omJWcgr-sUDr39bvOJPNL5RPt4DSow/edit#gid=1405051186
season_010,Regular Season,final_table,true,14,person_blocki,Blocki,blocki,season_010_kastanienbomber,Kastanienbomber,3,9,0,9,60,94,-34,sheet_extracted,https://docs.google.com/spreadsheets/d/13smsrG2BGYxr_omJWcgr-sUDr39bvOJPNL5RPt4DSow/edit#gid=1405051186
season_010,Playoffs,playoffs,true,1,person_bene,Bene,bene,season_010_wackel_backel,Wackel Backel,3,0,0,,,,,sheet_extracted,https://docs.google.com/spreadsheets/d/13smsrG2BGYxr_omJWcgr-sUDr39bvOJPNL5RPt4DSow/edit#gid=1215904780;https://docs.google.com/spreadsheets/d/13smsrG2BGYxr_omJWcgr-sUDr39bvOJPNL5RPt4DSow/edit#gid=1953790464
season_010,Playoffs,playoffs,true,2,person_raizor,Raizor,raizor,season_010_unbound_soul,Unbound Soul,2,1,0,,,,,sheet_extracted,https://docs.google.com/spreadsheets/d/13smsrG2BGYxr_omJWcgr-sUDr39bvOJPNL5RPt4DSow/edit#gid=1215904780;https://docs.google.com/spreadsheets/d/13smsrG2BGYxr_omJWcgr-sUDr39bvOJPNL5RPt4DSow/edit#gid=1953790464
season_010,Playoffs,playoffs,true,,person_present,PresentLP,present,season_010_prekani,Prekani,1,1,0,,,,,sheet_extracted,https://docs.google.com/spreadsheets/d/13smsrG2BGYxr_omJWcgr-sUDr39bvOJPNL5RPt4DSow/edit#gid=1215904780;https://docs.google.com/spreadsheets/d/13smsrG2BGYxr_omJWcgr-sUDr39bvOJPNL5RPt4DSow/edit#gid=1953790464
season_010,Playoffs,playoffs,true,,person_minetube,Minetube,minetube,season_010_throes_mad,Throes Mad,0,1,0,,,,,sheet_extracted,https://docs.google.com/spreadsheets/d/13smsrG2BGYxr_omJWcgr-sUDr39bvOJPNL5RPt4DSow/edit#gid=1215904780;https://docs.google.com/spreadsheets/d/13smsrG2BGYxr_omJWcgr-sUDr39bvOJPNL5RPt4DSow/edit#gid=1953790464
season_010,Playoffs,playoffs,true,,person_nestfloh,Nestfloh,nestfloh,season_010_boeller_brueder,Böller Brüder,0,1,0,,,,,sheet_extracted,https://docs.google.com/spreadsheets/d/13smsrG2BGYxr_omJWcgr-sUDr39bvOJPNL5RPt4DSow/edit#gid=1215904780;https://docs.google.com/spreadsheets/d/13smsrG2BGYxr_omJWcgr-sUDr39bvOJPNL5RPt4DSow/edit#gid=1953790464
season_010,Playoffs,playoffs,true,,person_robinvgc,RobinVGC,robinvgc,season_010_choice_bandits,Choice Bandits,0,1,0,,,,,sheet_extracted,https://docs.google.com/spreadsheets/d/13smsrG2BGYxr_omJWcgr-sUDr39bvOJPNL5RPt4DSow/edit#gid=1215904780;https://docs.google.com/spreadsheets/d/13smsrG2BGYxr_omJWcgr-sUDr39bvOJPNL5RPt4DSow/edit#gid=1953790464
season_010,Playoffs,playoffs,true,,person_dauni_daunstar,Dauni,dauni daunstar,season_010_pfundskerle,Pfundskerle,0,1,0,,,,,sheet_extracted,https://docs.google.com/spreadsheets/d/13smsrG2BGYxr_omJWcgr-sUDr39bvOJPNL5RPt4DSow/edit#gid=1215904780;https://docs.google.com/spreadsheets/d/13smsrG2BGYxr_omJWcgr-sUDr39bvOJPNL5RPt4DSow/edit#gid=1953790464
