season_id,person_id,person_name,person_name_normalized,team_id,team_name,team_name_normalized,division,channel_url,aliases,data_status,source_urls
season_001,person_present,PresentLP,present,season_001_prekani,Prekani,prekani,Regular Season,https://www.youtube.com/user/PresentLP,,sheet_extracted,https://docs.google.com/spreadsheets/d/1n9SmK-ccTCn8Jjhs4U2LKnibXY8PvuBtV3V9MCOURRA/edit#gid=0
season_001,person_silva,Silva,silva,season_001_diggersby_army,Diggersby Army,diggersby army,Regular Season,https://www.youtube.com/user/FinaALFaNtAsyLP,,sheet_extracted,https://docs.google.com/spreadsheets/d/1n9SmK-ccTCn8Jjhs4U2LKnibXY8PvuBtV3V9MCOURRA/edit#gid=0
season_001,person_daumenkino,DaumenkinoLP,daumenkino,season_001_melting_mamoswines,Melting Mamoswines,melting mamoswines,Regular Season,https://www.youtube.com/user/TheHerbertLP,,sheet_extracted,https://docs.google.com/spreadsheets/d/1n9SmK-ccTCn8Jjhs4U2LKnibXY8PvuBtV3V9MCOURRA/edit#gid=0
season_001,person_shiro,Shiro,shiro,season_001_dancing_darmanitans,Dancing Darmanitans,dancing darmanitans,Regular Season,https://www.youtube.com/user/Shriosan,,sheet_extracted,https://docs.google.com/spreadsheets/d/1n9SmK-ccTCn8Jjhs4U2LKnibXY8PvuBtV3V9MCOURRA/edit#gid=0
season_001,person_raizor,Raizor,raizor,season_001_raizoroark,Raizoroark,raizoroark,Regular Season,https://www.youtube.com/user/RaizorZockt,,sheet_extracted,https://docs.google.com/spreadsheets/d/1n9SmK-ccTCn8Jjhs4U2LKnibXY8PvuBtV3V9MCOURRA/edit#gid=0
season_001,person_dirtyd64,DirtyD64,dirtyd64,season_001_lucky_luxray,Lucky Luxray,lucky luxray,Regular Season,https://www.youtube.com/user/TheDirtydancer64,,sheet_extracted,https://docs.google.com/spreadsheets/d/1n9SmK-ccTCn8Jjhs4U2LKnibXY8PvuBtV3V9MCOURRA/edit#gid=0
season_001,person_fanmadeletsplay,FanmadeLetsPlay,fanmadeletsplay,season_001_nocturne,Nocturne*,nocturne,Regular Season,https://www.youtube.com/user/FanmadeLetsPlay,,sheet_extracted,https://docs.google.com/spreadsheets/d/1n9SmK-ccTCn8Jjhs4U2LKnibXY8PvuBtV3V9MCOURRA/edit#gid=0
season_001,person_diaswordplay,DiaSwordPlay,diaswordplay,season_001_diaslashplay,Diaslashplay,diaslashplay,Regular Season,https://www.youtube.com/user/DiaSwordPlay,,sheet_extracted,https://docs.google.com/spreadsheets/d/1n9SmK-ccTCn8Jjhs4U2LKnibXY8PvuBtV3V9MCOURRA/edit#gid=0
season_001,person_surskittv,SurskitTV,surskittv,season_001_surstars,Surstars,surstars,Regular Season,https://www.youtube.com/user/SurskitTV,,sheet_extracted,https://docs.google.com/spreadsheets/d/1n9SmK-ccTCn8Jjhs4U2LKnibXY8PvuBtV3V9MCOURRA/edit#gid=0
season_001,person_art_n_gaming,Art'n'Gaming,art n gaming,season_001_arbok_duel_union,Arbok Duel Union,arbok duel union,Regular Season,https://www.youtube.com/user/TJLH100,,sheet_extracted,https://docs.google.com/spreadsheets/d/1n9SmK-ccTCn8Jjhs4U2LKnibXY8PvuBtV3V9MCOURRA/edit#gid=0
season_001,person_fnupa,Cabgolord,fnupa,season_001_fnupagladi,Fnupagladi,fnupagladi,Regular Season,https://www.youtube.com/user/Fnupa,,sheet_extracted,https://docs.google.com/spreadsheets/d/1n9SmK-ccTCn8Jjhs4U2LKnibXY8PvuBtV3V9MCOURRA/edit#gid=0
season_001,person_morbolth,Morbolth,morbolth,season_001_mortox,Mortox,mortox,Regular Season,https://www.youtube.com/user/Morbolth,,sheet_extracted,https://docs.google.com/spreadsheets/d/1n9SmK-ccTCn8Jjhs4U2LKnibXY8PvuBtV3V9MCOURRA/edit#gid=0
season_001,person_pokemonfakten,PokemonFakten,pokemonfakten,season_001_nocturne,Nocturne*,nocturne,Regular Season,,,user_provided,https://docs.google.com/spreadsheets/d/1n9SmK-ccTCn8Jjhs4U2LKnibXY8PvuBtV3V9MCOURRA/edit#gid=0;https://docs.google.com/spreadsheets/d/14N_40jsahiN9DChpnNaPTnFy26If6imVHtqBGDWk6pg/edit#gid=0
season_002,person_steveparker,SteveParker,steveparker,season_002_toxicblast,ToxicBlast,toxicblast,Regular Season,https://www.youtube.com/user/SteveParker,,sheet_extracted,https://docs.google.com/spreadsheets/d/1vJ-pioe3RZKSZ3LIGEA3FVTv_KEE_XKIQAXSIUNNd-Q/edit#gid=0
season_002,person_daumenkino,DaumenkinoLP,daumenkino,season_002_melting_mamoswines,Melting Mamoswines,melting mamoswines,Regular Season,https://www.youtube.com/c/DaumenkinoLP,,sheet_extracted,https://docs.google.com/spreadsheets/d/1vJ-pioe3RZKSZ3LIGEA3FVTv_KEE_XKIQAXSIUNNd-Q/edit#gid=0
season_002,person_shiro,Shiro,shiro,season_002_rotom_kebab,Rotom Kebab,rotom kebab,Regular Season,https://www.youtube.com/user/Shirosan,,sheet_extracted,https://docs.google.com/spreadsheets/d/1vJ-pioe3RZKSZ3LIGEA3FVTv_KEE_XKIQAXSIUNNd-Q/edit#gid=0
season_002,person_art_n_gaming,Art'n'Gaming,art n gaming,season_002_little_littleos,Little Littleos,little littleos,Regular Season,https://www.youtube.com/user/Kaffecone,,sheet_extracted,https://docs.google.com/spreadsheets/d/1vJ-pioe3RZKSZ3LIGEA3FVTv_KEE_XKIQAXSIUNNd-Q/edit#gid=0
season_002,person_surskittv,SurskitTV,surskittv,season_002_surdrakings,SurDrakings,surdrakings,Regular Season,https://www.youtube.com/user/SurskitTV,,sheet_extracted,https://docs.google.com/spreadsheets/d/1vJ-pioe3RZKSZ3LIGEA3FVTv_KEE_XKIQAXSIUNNd-Q/edit#gid=0
season_002,person_oktopaul,Oktopaul,oktopaul,season_002_blazing_okturtles,Blazing Okturtles,blazing okturtles,Regular Season,https://www.youtube.com/user/oktopaul,,sheet_extracted,https://docs.google.com/spreadsheets/d/1vJ-pioe3RZKSZ3LIGEA3FVTv_KEE_XKIQAXSIUNNd-Q/edit#gid=0
season_002,person_present,PresentLP,present,season_002_prekani,Prekani,prekani,Regular Season,https://www.youtube.com/user/PresentLP,,sheet_extracted,https://docs.google.com/spreadsheets/d/1vJ-pioe3RZKSZ3LIGEA3FVTv_KEE_XKIQAXSIUNNd-Q/edit#gid=0
season_002,person_regibang,RegiBang,regibang,season_002_lucha_libres,Lucha Libres,lucha libres,Regular Season,https://www.youtube.com/user/RegiBang,,sheet_extracted,https://docs.google.com/spreadsheets/d/1vJ-pioe3RZKSZ3LIGEA3FVTv_KEE_XKIQAXSIUNNd-Q/edit#gid=0
season_002,person_fanmadeletsplay,FanmadeLetsPlay,fanmadeletsplay,season_002_croakdrop,CroakDrop,croakdrop,Regular Season,https://www.youtube.com/user/FanmadeLetsPlay,,sheet_extracted,https://docs.google.com/spreadsheets/d/1vJ-pioe3RZKSZ3LIGEA3FVTv_KEE_XKIQAXSIUNNd-Q/edit#gid=0
season_002,person_raizor,Raizor,raizor,season_002_raizoroark,Raizoroark,raizoroark,Regular Season,https://www.youtube.com/user/RaizorZockt,,sheet_extracted,https://docs.google.com/spreadsheets/d/1vJ-pioe3RZKSZ3LIGEA3FVTv_KEE_XKIQAXSIUNNd-Q/edit#gid=0
season_002,person_scherany,Scherany,scherany,season_002_fabulous_gayloppaz,Fabulous Gayloppaz,fabulous gayloppaz,Regular Season,https://www.youtube.com/user/Scherany,,sheet_extracted,https://docs.google.com/spreadsheets/d/1vJ-pioe3RZKSZ3LIGEA3FVTv_KEE_XKIQAXSIUNNd-Q/edit#gid=0
season_002,person_dirtyd64,DirtyD64,dirtyd64,season_002_magic_manaphys,Magic Manaphys,magic manaphys,Regular Season,https://www.youtube.com/user/DirtyD64,,sheet_extracted,https://docs.google.com/spreadsheets/d/1vJ-pioe3RZKSZ3LIGEA3FVTv_KEE_XKIQAXSIUNNd-Q/edit#gid=0
season_002,person_kuchenjaeger,Kuchenjaeger,kuchenjaeger,season_002_stunfiskunderdogs,StunfiskUnderdogs,stunfiskunderdogs,Regular Season,https://www.youtube.com/user/Kuchenjaeger,,sheet_extracted,https://docs.google.com/spreadsheets/d/1vJ-pioe3RZKSZ3LIGEA3FVTv_KEE_XKIQAXSIUNNd-Q/edit#gid=0
season_002,person_fnupa,Cabgolord,fnupa,season_002_doomforce,Doomforce,doomforce,Regular Season,https://www.youtube.com/user/Cabgolord,,sheet_extracted,https://docs.google.com/spreadsheets/d/1vJ-pioe3RZKSZ3LIGEA3FVTv_KEE_XKIQAXSIUNNd-Q/edit#gid=0
season_002,person_parsifani,Parsifani,parsifani,season_002_duelling_luca_ri_oh,Duelling Luca-Ri-Oh,duelling luca ri oh,Liga 2,https://www.youtube.com/user/Parsifani,,sheet_extracted,https://docs.google.com/spreadsheets/d/1ACnJyxD1hx-mbOcZXoJ5BjXDOwUF1TYmfgkqtJgFRXk/edit#gid=0
season_002,person_pokebazi,PokeBazi,pokebazi,season_002_psychic_bazis,Psychic Bazis,psychic bazis,Liga 2,https://www.youtube.com/user/PokéBazi,,sheet_extracted,https://docs.google.com/spreadsheets/d/1ACnJyxD1hx-mbOcZXoJ5BjXDOwUF1TYmfgkqtJgFRXk/edit#gid=0
season_002,person_lucariolp,LucarioLP,lucariolp,season_002_wildcats,Wildcats,wildcats,Liga 2,https://www.youtube.com/user/LucarioLP,,sheet_extracted,https://docs.google.com/spreadsheets/d/1ACnJyxD1hx-mbOcZXoJ5BjXDOwUF1TYmfgkqtJgFRXk/edit#gid=0
season_002,person_minetube,Minetube,minetube,season_002_triyolotree,Triyolotree,triyolotree,Liga 2,https://www.youtube.com/user/Minetube,,sheet_extracted,https://docs.google.com/spreadsheets/d/1ACnJyxD1hx-mbOcZXoJ5BjXDOwUF1TYmfgkqtJgFRXk/edit#gid=0
season_002,person_captaincrinch,CaptainCrinch,captaincrinch,season_002_crinchilla,Crinchilla,crinchilla,Liga 2,https://www.youtube.com/user/CaptainCrinch,,sheet_extracted,https://docs.google.com/spreadsheets/d/1ACnJyxD1hx-mbOcZXoJ5BjXDOwUF1TYmfgkqtJgFRXk/edit#gid=0
season_002,person_raikani,Raikani,raikani,season_002_bulettenbande,Bulettenbande,bulettenbande,Liga 2,https://www.youtube.com/user/Raikani,,sheet_extracted,https://docs.google.com/spreadsheets/d/1ACnJyxD1hx-mbOcZXoJ5BjXDOwUF1TYmfgkqtJgFRXk/edit#gid=0
season_002,person_letskayze,LetsKayze,letskayze,season_002_infernayze,Infernayze,infernayze,Liga 2,https://www.youtube.com/user/LetsKayze,,sheet_extracted,https://docs.google.com/spreadsheets/d/1ACnJyxD1hx-mbOcZXoJ5BjXDOwUF1TYmfgkqtJgFRXk/edit#gid=0
season_002,person_domibri,Domibri,domibri,season_002_sunny_reptiles_2,Sunny Reptiles*²,sunny reptiles 2,Liga 2,https://www.youtube.com/user/Domibri,,sheet_extracted,https://docs.google.com/spreadsheets/d/1ACnJyxD1hx-mbOcZXoJ5BjXDOwUF1TYmfgkqtJgFRXk/edit#gid=0
season_002,person_lightgaming,LightGaming,lightgaming,season_002_salty_gengars,Salty Gengars,salty gengars,Liga 2,https://www.youtube.com/user/LightGaming,,sheet_extracted,https://docs.google.com/spreadsheets/d/1ACnJyxD1hx-mbOcZXoJ5BjXDOwUF1TYmfgkqtJgFRXk/edit#gid=0
season_002,person_pokebree,PokéBree,pokebree,season_002_absocore,Absocore,absocore,Liga 2,https://www.youtube.com/user/PokéBree,,sheet_extracted,https://docs.google.com/spreadsheets/d/1ACnJyxD1hx-mbOcZXoJ5BjXDOwUF1TYmfgkqtJgFRXk/edit#gid=0
season_002,person_shizumania,Shizumania,shizumania,season_002_buzzingmaniacs_3,Buzzingmaniacs*³,buzzingmaniacs 3,Liga 2,https://www.youtube.com/user/Shizumania,,sheet_extracted,https://docs.google.com/spreadsheets/d/1ACnJyxD1hx-mbOcZXoJ5BjXDOwUF1TYmfgkqtJgFRXk/edit#gid=0
season_002,person_pentaplayer,PentaPlayer,pentaplayer,season_002_power_knilz_bande,Power Knilz Bande,power knilz bande,Liga 2,https://www.youtube.com/user/PentaPlayer,,sheet_extracted,https://docs.google.com/spreadsheets/d/1ACnJyxD1hx-mbOcZXoJ5BjXDOwUF1TYmfgkqtJgFRXk/edit#gid=0
season_002,person_wolvx,WolvX,wolvx,season_002_the_gymleader,The Gymleader,the gymleader,Liga 2,https://www.youtube.com/user/WolvX,,sheet_extracted,https://docs.google.com/spreadsheets/d/1ACnJyxD1hx-mbOcZXoJ5BjXDOwUF1TYmfgkqtJgFRXk/edit#gid=0
season_002,person_zant,Zant,zant,season_002_typhlosion_burning_squad,Typhlosion burning Squad,typhlosion burning squad,Liga 2,https://www.youtube.com/user/Zant,,sheet_extracted,https://docs.google.com/spreadsheets/d/1ACnJyxD1hx-mbOcZXoJ5BjXDOwUF1TYmfgkqtJgFRXk/edit#gid=0
season_003,person_present,PresentLP,present,season_003_prekani,Prekani,prekani,Liga 1,https://www.youtube.com/user/PresentLP,,sheet_extracted,https://docs.google.com/spreadsheets/d/13ggv8-k1WCcrrjlwXb-ZoSwhODIQlG_NVffp3TGKOgI/edit#gid=0
season_003,person_regibang,RegiBang,regibang,season_003_glorious_emperors,Glorious Emperors,glorious emperors,Liga 1,https://www.youtube.com/user/RegiBang,,sheet_extracted,https://docs.google.com/spreadsheets/d/13ggv8-k1WCcrrjlwXb-ZoSwhODIQlG_NVffp3TGKOgI/edit#gid=0
season_003,person_fanmadeletsplay,FanmadeLetsPlay,fanmadeletsplay,season_003_coldlauncher,Coldlauncher,coldlauncher,Liga 1,https://www.youtube.com/user/FanmadeLetsPlay,,sheet_extracted,https://docs.google.com/spreadsheets/d/13ggv8-k1WCcrrjlwXb-ZoSwhODIQlG_NVffp3TGKOgI/edit#gid=0
season_003,person_minetube,Minetube,minetube,season_003_triyolotree,Triyolotree,triyolotree,Liga 1,https://www.youtube.com/user/Minetube,,sheet_extracted,https://docs.google.com/spreadsheets/d/13ggv8-k1WCcrrjlwXb-ZoSwhODIQlG_NVffp3TGKOgI/edit#gid=0
season_003,person_bene,Bene,bene,season_003_unlimited_blade_works_1,Unlimited Blade Works*¹,unlimited blade works 1,Liga 1,https://www.youtube.com/user/FullLifeGames,,sheet_extracted,https://docs.google.com/spreadsheets/d/13ggv8-k1WCcrrjlwXb-ZoSwhODIQlG_NVffp3TGKOgI/edit#gid=0
season_003,person_captaincrinch,CaptainCrinch,captaincrinch,season_003_crinchilla,Crinchilla,crinchilla,Liga 1,https://www.youtube.com/user/CaptainCrinch,,sheet_extracted,https://docs.google.com/spreadsheets/d/13ggv8-k1WCcrrjlwXb-ZoSwhODIQlG_NVffp3TGKOgI/edit#gid=0
season_003,person_pokebazi,PokeBazi,pokebazi,season_003_krebuknackis,Krebuknackis,krebuknackis,Liga 1,https://www.youtube.com/c/PokeBazi,,sheet_extracted,https://docs.google.com/spreadsheets/d/13ggv8-k1WCcrrjlwXb-ZoSwhODIQlG_NVffp3TGKOgI/edit#gid=0
season_003,person_lauris,Lauris,lauris,season_003_enteigeddon_3_1,Enteigeddon*³ **¹,enteigeddon 3 1,Liga 1,https://www.youtube.com/c/LaurisEnteitainment,,sheet_extracted,https://docs.google.com/spreadsheets/d/13ggv8-k1WCcrrjlwXb-ZoSwhODIQlG_NVffp3TGKOgI/edit#gid=0
season_003,person_raizor,Raizor,raizor,season_003_unbound_zoroarks,Unbound Zoroarks,unbound zoroarks,Liga 1,https://www.youtube.com/user/Raizor,,sheet_extracted,https://docs.google.com/spreadsheets/d/13ggv8-k1WCcrrjlwXb-ZoSwhODIQlG_NVffp3TGKOgI/edit#gid=0
season_003,person_oktopaul,Oktopaul,oktopaul,season_003_petalburg_panchams,Petalburg Panchams,petalburg panchams,Liga 1,https://www.youtube.com/user/oktopaul,,sheet_extracted,https://docs.google.com/spreadsheets/d/13ggv8-k1WCcrrjlwXb-ZoSwhODIQlG_NVffp3TGKOgI/edit#gid=0
season_003,person_art_n_gaming,Art'n'Gaming,art n gaming,season_003_little_littleos,Little Littleos,little littleos,Liga 1,https://www.youtube.com/user/Art'n'Gaming,,sheet_extracted,https://docs.google.com/spreadsheets/d/13ggv8-k1WCcrrjlwXb-ZoSwhODIQlG_NVffp3TGKOgI/edit#gid=0
season_003,person_shiro,Shiro,shiro,season_003_munich_magbys_2,Munich Magbys*²,munich magbys 2,Liga 1,https://www.youtube.com/user/NeverUsedShiro,,sheet_extracted,https://docs.google.com/spreadsheets/d/13ggv8-k1WCcrrjlwXb-ZoSwhODIQlG_NVffp3TGKOgI/edit#gid=0
season_003,person_parsifani,Parsifani,parsifani,season_003_persian_carpets,Persian Carpets,persian carpets,Liga 1,https://www.youtube.com/user/Parsifani,,sheet_extracted,https://docs.google.com/spreadsheets/d/13ggv8-k1WCcrrjlwXb-ZoSwhODIQlG_NVffp3TGKOgI/edit#gid=0
season_003,person_surskittv,SurskitTV,surskittv,season_003_surstars,Surstars,surstars,Liga 1,https://www.youtube.com/user/SurskitTV,,sheet_extracted,https://docs.google.com/spreadsheets/d/13ggv8-k1WCcrrjlwXb-ZoSwhODIQlG_NVffp3TGKOgI/edit#gid=0
season_003,person_lightgaming,LightGaming,lightgaming,season_003_departed_fairies,Departed Fairies,departed fairies,Liga 2,https://www.youtube.com/user/LightGaming,,sheet_extracted,https://docs.google.com/spreadsheets/d/1_UuLy0LRQbXfL31crTDpStLx_CzYOo8-baJKZIywl9Q/edit#gid=832761930
season_003,person_crowdcontroller,CrowdController,crowdcontroller,season_003_joltik_justice_2,Joltik Justice*²,joltik justice 2,Liga 2,https://www.youtube.com/user/CrowdController,,sheet_extracted,https://docs.google.com/spreadsheets/d/1_UuLy0LRQbXfL31crTDpStLx_CzYOo8-baJKZIywl9Q/edit#gid=832761930
season_003,person_melevies,MeLevies,melevies,season_003_shocking_shaymins,Shocking Shaymins,shocking shaymins,Liga 2,https://www.youtube.com/user/MeLevies,,sheet_extracted,https://docs.google.com/spreadsheets/d/1_UuLy0LRQbXfL31crTDpStLx_CzYOo8-baJKZIywl9Q/edit#gid=832761930
season_003,person_leinux,Leinux,leinux,season_003_arminia_bisharps,Arminia Bisharps,arminia bisharps,Liga 2,https://www.youtube.com/user/Leinux,,sheet_extracted,https://docs.google.com/spreadsheets/d/1_UuLy0LRQbXfL31crTDpStLx_CzYOo8-baJKZIywl9Q/edit#gid=832761930
season_003,person_fnupa,Cabgolord,fnupa,season_003_returning_lords,Returning Lords,returning lords,Liga 2,https://www.youtube.com/user/Cabgolord,,sheet_extracted,https://docs.google.com/spreadsheets/d/1_UuLy0LRQbXfL31crTDpStLx_CzYOo8-baJKZIywl9Q/edit#gid=832761930
season_003,person_scarlet,Scarlet,scarlet,season_003_espionage_espeons_3,Espionage Espeons*³,espionage espeons 3,Liga 2,https://www.youtube.com/user/ScarletSFT,,sheet_extracted,https://docs.google.com/spreadsheets/d/1_UuLy0LRQbXfL31crTDpStLx_CzYOo8-baJKZIywl9Q/edit#gid=832761930
season_003,person_pokeknight,PokéKnight,pokeknight,season_003_power_knilz_bande_6,Power-Knilz-Bande*⁶,power knilz bande 6,Liga 2,https://www.youtube.com/user/PokéKnight,,sheet_extracted,https://docs.google.com/spreadsheets/d/1_UuLy0LRQbXfL31crTDpStLx_CzYOo8-baJKZIywl9Q/edit#gid=832761930
season_003,person_blacklink,BlackLink,blacklink,season_003_togekiss_peacemaker_5,Togekiss Peacemaker*⁵,togekiss peacemaker 5,Liga 2,https://www.youtube.com/user/BlackLink1996,,sheet_extracted,https://docs.google.com/spreadsheets/d/1_UuLy0LRQbXfL31crTDpStLx_CzYOo8-baJKZIywl9Q/edit#gid=832761930
season_003,person_pyromanix,Pyromanix,pyromanix,season_003_tornupto_brotherhood_4,Tornupto Brotherhood*⁴,tornupto brotherhood 4,Liga 2,https://www.youtube.com/user/Pyromanix,,sheet_extracted,https://docs.google.com/spreadsheets/d/1_UuLy0LRQbXfL31crTDpStLx_CzYOo8-baJKZIywl9Q/edit#gid=832761930
season_003,person_burakio,Burakio,burakio,season_003_hurricaneheracross_1,HurricaneHeracross*¹,hurricaneheracross 1,Liga 2,https://www.youtube.com/user/Burakio,,sheet_extracted,https://docs.google.com/spreadsheets/d/1_UuLy0LRQbXfL31crTDpStLx_CzYOo8-baJKZIywl9Q/edit#gid=832761930
season_003,person_professor_n,Professor N,professor n,season_003_shining_diancies,Shining Diancies,shining diancies,Liga 2,https://www.youtube.com/user/ProfessorN,,sheet_extracted,https://docs.google.com/spreadsheets/d/1_UuLy0LRQbXfL31crTDpStLx_CzYOo8-baJKZIywl9Q/edit#gid=832761930
season_003,person_bravebird,BraveBird,bravebird,season_003_young_stars,Young Stars,young stars,Liga 2,https://www.youtube.com/user/BraveBirdGames,,sheet_extracted,https://docs.google.com/spreadsheets/d/1_UuLy0LRQbXfL31crTDpStLx_CzYOo8-baJKZIywl9Q/edit#gid=832761930
season_003,person_pokebree,PokéBree,pokebree,season_003_undead_scrafty,Undead Scrafty,undead scrafty,Liga 2,https://www.youtube.com/user/PokéBree,,sheet_extracted,https://docs.google.com/spreadsheets/d/1_UuLy0LRQbXfL31crTDpStLx_CzYOo8-baJKZIywl9Q/edit#gid=832761930
season_003,person_themiifii,TheMiiFii,themiifii,season_003_dreaded_dittos,Dreaded Dittos,dreaded dittos,Liga 2,https://www.youtube.com/user/TheMiiFii,,sheet_extracted,https://docs.google.com/spreadsheets/d/1_UuLy0LRQbXfL31crTDpStLx_CzYOo8-baJKZIywl9Q/edit#gid=832761930
season_003,person_lucariolp,LucarioLP,lucariolp,season_003_unlimited_blade_works_1,Unlimited Blade Works*¹,unlimited blade works 1,Liga 1,,,user_provided,https://docs.google.com/spreadsheets/d/13ggv8-k1WCcrrjlwXb-ZoSwhODIQlG_NVffp3TGKOgI/edit#gid=0;https://docs.google.com/spreadsheets/d/15MPuuKWiOBeqO8JbrOYulUHFDzWbid6_pYZLHiWVzrk/edit#gid=0
season_003,person_daumenkino,DaumenkinoLP,daumenkino,,,,Liga 1,https://www.youtube.com/c/DaumenkinoLP,,participant_list_only,https://docs.google.com/spreadsheets/d/1kXhNwKGrqQTwSal0NxpZ9h0yo6u_mQwhwg4vGVwxMX4/edit#gid=0
season_003,person_oktopaul,Oktopaul,oktopaul,,,,Liga 1,https://www.youtube.com/user/oktopaul,,participant_list_only,https://docs.google.com/spreadsheets/d/1kXhNwKGrqQTwSal0NxpZ9h0yo6u_mQwhwg4vGVwxMX4/edit#gid=0
season_003,person_raizor,Raizor,raizor,,,,Liga 1,https://www.youtube.com/user/RaizorZockt,,participant_list_only,https://docs.google.com/spreadsheets/d/1kXhNwKGrqQTwSal0NxpZ9h0yo6u_mQwhwg4vGVwxMX4/edit#gid=0
season_003,person_present,PresentLP,present,,,,Liga 1,https://www.youtube.com/user/PresentLP,,participant_list_only,https://docs.google.com/spreadsheets/d/1kXhNwKGrqQTwSal0NxpZ9h0yo6u_mQwhwg4vGVwxMX4/edit#gid=0
season_003,person_regibang,RegiBang,regibang,,,,Liga 1,https://www.youtube.com/user/RegiBang,,participant_list_only,https://docs.google.com/spreadsheets/d/1kXhNwKGrqQTwSal0NxpZ9h0yo6u_mQwhwg4vGVwxMX4/edit#gid=0
season_003,person_surskittv,SurskitTV,surskittv,,,,Liga 1,https://www.youtube.com/user/SurskitTV,,participant_list_only,https://docs.google.com/spreadsheets/d/1kXhNwKGrqQTwSal0NxpZ9h0yo6u_mQwhwg4vGVwxMX4/edit#gid=0
season_003,person_fanmadeletsplay,FanmadeLetsPlay,fanmadeletsplay,,,,Liga 1,https://www.youtube.com/user/FanmadeLetsPlay,,participant_list_only,https://docs.google.com/spreadsheets/d/1kXhNwKGrqQTwSal0NxpZ9h0yo6u_mQwhwg4vGVwxMX4/edit#gid=0
season_003,person_parsifani,Parsifani,parsifani,,,,Liga 1,https://www.youtube.com/channel/UCuT0A2DXUVJASJs1HwC5EjA,,participant_list_only,https://docs.google.com/spreadsheets/d/1kXhNwKGrqQTwSal0NxpZ9h0yo6u_mQwhwg4vGVwxMX4/edit#gid=0
season_003,person_pokebazi,PokeBazi,pokebazi,,,,Liga 1,https://www.youtube.com/channel/UCkEEHak-dPeI11YkalQczRQ,,participant_list_only,https://docs.google.com/spreadsheets/d/1kXhNwKGrqQTwSal0NxpZ9h0yo6u_mQwhwg4vGVwxMX4/edit#gid=0
season_003,person_lucariolp,LucarioLP,lucariolp,,,,Liga 1,https://www.youtube.com/user/LetsPlayLucario,,participant_list_only,https://docs.google.com/spreadsheets/d/1kXhNwKGrqQTwSal0NxpZ9h0yo6u_mQwhwg4vGVwxMX4/edit#gid=0
season_003,person_minetube,Minetube,minetube,,,,Liga 1,https://www.youtube.com/user/Minetube13,,participant_list_only,https://docs.google.com/spreadsheets/d/1kXhNwKGrqQTwSal0NxpZ9h0yo6u_mQwhwg4vGVwxMX4/edit#gid=0
season_003,person_art_n_gaming,Art'n'Gaming,art n gaming,,,,Liga 1,https://www.youtube.com/channel/UC-lmf_plJlvZq3m5PrV3xNw,,participant_list_only,https://docs.google.com/spreadsheets/d/1kXhNwKGrqQTwSal0NxpZ9h0yo6u_mQwhwg4vGVwxMX4/edit#gid=0
season_003,person_captaincrinch,CaptainCrinch,captaincrinch,,,,Liga 1,https://www.youtube.com/user/CaptainCrinch,,participant_list_only,https://docs.google.com/spreadsheets/d/1kXhNwKGrqQTwSal0NxpZ9h0yo6u_mQwhwg4vGVwxMX4/edit#gid=0
season_003,person_raikani,Raikani,raikani,,,,Liga 1,https://www.youtube.com/user/FreeCaleLPs,,participant_list_only,https://docs.google.com/spreadsheets/d/1kXhNwKGrqQTwSal0NxpZ9h0yo6u_mQwhwg4vGVwxMX4/edit#gid=0
season_003,person_shiro,Shiro,shiro,,,,Liga 2,https://www.youtube.com/user/Shriosan,,participant_list_only,https://docs.google.com/spreadsheets/d/1kXhNwKGrqQTwSal0NxpZ9h0yo6u_mQwhwg4vGVwxMX4/edit#gid=0
season_003,person_fnupa,Cabgolord,fnupa,,,,Liga 2,https://www.youtube.com/channel/UCYdaMHNraDfWMxVTlrlnK6w,,participant_list_only,https://docs.google.com/spreadsheets/d/1kXhNwKGrqQTwSal0NxpZ9h0yo6u_mQwhwg4vGVwxMX4/edit#gid=0
season_003,person_bravebird,BraveBird,bravebird,,,,Liga 2,https://www.youtube.com/channel/UCqAKZ9OEu9Fx1fkW1UtXNEQ,,participant_list_only,https://docs.google.com/spreadsheets/d/1kXhNwKGrqQTwSal0NxpZ9h0yo6u_mQwhwg4vGVwxMX4/edit#gid=0
season_003,person_wolvx,WolvX,wolvx,,,,Liga 2,https://www.youtube.com/channel/UCuey6g8IRhcHcHjfPyMlpAw,,participant_list_only,https://docs.google.com/spreadsheets/d/1kXhNwKGrqQTwSal0NxpZ9h0yo6u_mQwhwg4vGVwxMX4/edit#gid=0
season_003,person_themiifii,TheMiiFii,themiifii,,,,Liga 2,https://www.youtube.com/user/TheMiiFii,,participant_list_only,https://docs.google.com/spreadsheets/d/1kXhNwKGrqQTwSal0NxpZ9h0yo6u_mQwhwg4vGVwxMX4/edit#gid=0
season_003,person_killuasan,KilluaSan,killuasan,,,,Liga 2,https://www.youtube.com/channel/UC8Pi0tMK7eWclD6iYnQ7zyw,,participant_list_only,https://docs.google.com/spreadsheets/d/1kXhNwKGrqQTwSal0NxpZ9h0yo6u_mQwhwg4vGVwxMX4/edit#gid=0
season_003,person_leinux,Leinux,leinux,,,,Liga 2,https://www.youtube.com/user/Leinux2,,participant_list_only,https://docs.google.com/spreadsheets/d/1kXhNwKGrqQTwSal0NxpZ9h0yo6u_mQwhwg4vGVwxMX4/edit#gid=0
season_003,person_shizumania,Shizumania,shizumania,,,,Liga 2,https://www.youtube.com/user/Shizumania,,participant_list_only,https://docs.google.com/spreadsheets/d/1kXhNwKGrqQTwSal0NxpZ9h0yo6u_mQwhwg4vGVwxMX4/edit#gid=0
season_003,person_lauris,Lauris,lauris,,,,Liga 2,https://www.youtube.com/channel/UCShFh4OGH23GfshxfIfvcjA,,participant_list_only,https://docs.google.com/spreadsheets/d/1kXhNwKGrqQTwSal0NxpZ9h0yo6u_mQwhwg4vGVwxMX4/edit#gid=0
season_003,person_pokebree,PokéBree,pokebree,,,,Liga 2,https://www.youtube.com/user/thepokebree,,participant_list_only,https://docs.google.com/spreadsheets/d/1kXhNwKGrqQTwSal0NxpZ9h0yo6u_mQwhwg4vGVwxMX4/edit#gid=0
season_003,person_lightgaming,LightGaming,lightgaming,,,,Liga 2,https://www.youtube.com/user/LightGaming12,,participant_list_only,https://docs.google.com/spreadsheets/d/1kXhNwKGrqQTwSal0NxpZ9h0yo6u_mQwhwg4vGVwxMX4/edit#gid=0
season_003,person_diaswordplay,DiaSwordPlay,diaswordplay,,,,Liga 2,https://www.youtube.com/user/DiaSwordPlay,,participant_list_only,https://docs.google.com/spreadsheets/d/1kXhNwKGrqQTwSal0NxpZ9h0yo6u_mQwhwg4vGVwxMX4/edit#gid=0
season_003,person_melevies,MeLevies,melevies,,,,Liga 2,https://www.youtube.com/user/MeLevies,,participant_list_only,https://docs.google.com/spreadsheets/d/1kXhNwKGrqQTwSal0NxpZ9h0yo6u_mQwhwg4vGVwxMX4/edit#gid=0
season_003,person_letskayze,LetsKayze,letskayze,,,,Liga 2,https://www.youtube.com/channel/UCbWrbCWmnqbe5m2TDS8oSAQ,,participant_list_only,https://docs.google.com/spreadsheets/d/1kXhNwKGrqQTwSal0NxpZ9h0yo6u_mQwhwg4vGVwxMX4/edit#gid=0
season_004,person_bene,Bene,bene,season_004_ritter_der_tapukokosnuss,Ritter der Tapukokosnuss,ritter der tapukokosnuss,Regular Season,https://www.youtube.com/user/FullLifeGames,,sheet_extracted,https://docs.google.com/spreadsheets/d/1rZd3D0JRNj3lK0ZKdMXPLvCNBofRhFsvW0AlPuBk3VE/edit#gid=0
season_004,person_present,PresentLP,present,season_004_prekani,Prekani,prekani,Regular Season,https://www.youtube.com/user/PresentLP,,sheet_extracted,https://docs.google.com/spreadsheets/d/1rZd3D0JRNj3lK0ZKdMXPLvCNBofRhFsvW0AlPuBk3VE/edit#gid=0
season_004,person_minetube,Minetube,minetube,season_004_triyolotree,Triyolotree,triyolotree,Regular Season,https://www.youtube.com/user/Minetube,,sheet_extracted,https://docs.google.com/spreadsheets/d/1rZd3D0JRNj3lK0ZKdMXPLvCNBofRhFsvW0AlPuBk3VE/edit#gid=0
season_004,person_regibang,RegiBang,regibang,season_004_flexing_masskito,Flexing Masskito,flexing masskito,Regular Season,https://www.youtube.com/user/RegiBang,,sheet_extracted,https://docs.google.com/spreadsheets/d/1rZd3D0JRNj3lK0ZKdMXPLvCNBofRhFsvW0AlPuBk3VE/edit#gid=0
season_004,person_lauris,Lauris,lauris,season_004_enteikutierung,Enteikutierung,enteikutierung,Regular Season,https://www.youtube.com/c/LaurisEnteitainment,,sheet_extracted,https://docs.google.com/spreadsheets/d/1rZd3D0JRNj3lK0ZKdMXPLvCNBofRhFsvW0AlPuBk3VE/edit#gid=0
season_004,person_melevies,MeLevies,melevies,season_004_shocking_shaymins,Shocking Shaymins,shocking shaymins,Regular Season,https://www.youtube.com/user/MeLevies,,sheet_extracted,https://docs.google.com/spreadsheets/d/1rZd3D0JRNj3lK0ZKdMXPLvCNBofRhFsvW0AlPuBk3VE/edit#gid=0
season_004,person_fnupa,Cabgolord,fnupa,season_004_slicing_knights,Slicing Knights,slicing knights,Regular Season,https://www.youtube.com/user/Cabgolord,,sheet_extracted,https://docs.google.com/spreadsheets/d/1rZd3D0JRNj3lK0ZKdMXPLvCNBofRhFsvW0AlPuBk3VE/edit#gid=0
season_004,person_surskittv,SurskitTV,surskittv,season_004_surstars,Surstars,surstars,Regular Season,https://www.youtube.com/user/SurskitTV,,sheet_extracted,https://docs.google.com/spreadsheets/d/1rZd3D0JRNj3lK0ZKdMXPLvCNBofRhFsvW0AlPuBk3VE/edit#gid=0
season_004,person_captaincrinch,CaptainCrinch,captaincrinch,season_004_suicide_squad,Suicide Squad,suicide squad,Regular Season,https://www.youtube.com/user/CaptainCrinch,,sheet_extracted,https://docs.google.com/spreadsheets/d/1rZd3D0JRNj3lK0ZKdMXPLvCNBofRhFsvW0AlPuBk3VE/edit#gid=0
season_004,person_art_n_gaming,Art'n'Gaming,art n gaming,season_004_pyroars_of_the_carribean,Pyroars of the Carribean,pyroars of the carribean,Regular Season,https://www.youtube.com/user/Art'n'Gaming,,sheet_extracted,https://docs.google.com/spreadsheets/d/1rZd3D0JRNj3lK0ZKdMXPLvCNBofRhFsvW0AlPuBk3VE/edit#gid=0
season_004,person_pokebazi,PokeBazi,pokebazi,season_004_schnittlauchs,Schnittlauchs,schnittlauchs,Regular Season,https://www.youtube.com/c/PokeBazi,,sheet_extracted,https://docs.google.com/spreadsheets/d/1rZd3D0JRNj3lK0ZKdMXPLvCNBofRhFsvW0AlPuBk3VE/edit#gid=0
season_004,person_crowdcontroller,CrowdController,crowdcontroller,season_004_variant_vulpix,Variant Vulpix,variant vulpix,Regular Season,https://www.youtube.com/user/CrowdController,,sheet_extracted,https://docs.google.com/spreadsheets/d/1rZd3D0JRNj3lK0ZKdMXPLvCNBofRhFsvW0AlPuBk3VE/edit#gid=0
season_004,person_tabasco_tv,Tabasco TV,tabasco tv,season_004_insirnapes,Insirnapes,insirnapes,Liga 2,https://www.youtube.com/user/TabascoTV,,sheet_extracted,https://docs.google.com/spreadsheets/d/1iwPqphIOO1ID-4NV3sv5CrIsmpQF-saq1sNE9Sxo9oE/edit#gid=0
season_004,person_professor_n,Professor N,professor n,season_004_bending_manaphys,Bending Manaphys,bending manaphys,Liga 2,https://www.youtube.com/user/ProfessorN,,sheet_extracted,https://docs.google.com/spreadsheets/d/1iwPqphIOO1ID-4NV3sv5CrIsmpQF-saq1sNE9Sxo9oE/edit#gid=0
season_004,person_suishomaru,Suishomaru,suishomaru,season_004_crimson_sunrise,Crimson Sunrise,crimson sunrise,Liga 2,https://www.youtube.com/user/Suishomaru,,sheet_extracted,https://docs.google.com/spreadsheets/d/1iwPqphIOO1ID-4NV3sv5CrIsmpQF-saq1sNE9Sxo9oE/edit#gid=0
season_004,person_glebber,Glebber,glebber,season_004_energie_tobutz,Energie Tobutz,energie tobutz,Liga 2,https://www.youtube.com/user/Glebber,,sheet_extracted,https://docs.google.com/spreadsheets/d/1iwPqphIOO1ID-4NV3sv5CrIsmpQF-saq1sNE9Sxo9oE/edit#gid=0
season_004,person_bravebird,BraveBird,bravebird,season_004_talonflame_skyliners,Talonflame Skyliners,talonflame skyliners,Liga 2,https://www.youtube.com/user/BraveBird,,sheet_extracted,https://docs.google.com/spreadsheets/d/1iwPqphIOO1ID-4NV3sv5CrIsmpQF-saq1sNE9Sxo9oE/edit#gid=0
season_004,person_barry_d_sin_of_speed,Barry D. Sin of Speed,barry d sin of speed,season_004_marvelous_speedsters,Marvelous Speedsters,marvelous speedsters,Liga 2,https://www.youtube.com/user/ImpelDownTV,,sheet_extracted,https://docs.google.com/spreadsheets/d/1iwPqphIOO1ID-4NV3sv5CrIsmpQF-saq1sNE9Sxo9oE/edit#gid=0
season_004,person_dauni_daunstar,Dauni,dauni daunstar,season_004_bloodrush_noivern,Bloodrush Noivern,bloodrush noivern,Liga 2,https://www.youtube.com/user/DragoonofDoom,,sheet_extracted,https://docs.google.com/spreadsheets/d/1iwPqphIOO1ID-4NV3sv5CrIsmpQF-saq1sNE9Sxo9oE/edit#gid=0
season_004,person_themiifii,TheMiiFii,themiifii,season_004_dreaded_dittos,Dreaded Dittos,dreaded dittos,Liga 2,https://www.youtube.com/user/TheMiiFii,,sheet_extracted,https://docs.google.com/spreadsheets/d/1iwPqphIOO1ID-4NV3sv5CrIsmpQF-saq1sNE9Sxo9oE/edit#gid=0
season_004,person_leinux,Leinux,leinux,season_004_meowseyside,Meowseyside,meowseyside,Liga 2,https://www.youtube.com/user/Leinux,,sheet_extracted,https://docs.google.com/spreadsheets/d/1iwPqphIOO1ID-4NV3sv5CrIsmpQF-saq1sNE9Sxo9oE/edit#gid=0
season_004,person_scoutley,Scoutley,scoutley,season_004_penguin_squad,Penguin Squad,penguin squad,Liga 2,https://www.youtube.com/user/Scoutley,,sheet_extracted,https://docs.google.com/spreadsheets/d/1iwPqphIOO1ID-4NV3sv5CrIsmpQF-saq1sNE9Sxo9oE/edit#gid=0
season_004,person_blacklink,BlackLink,blacklink,season_004_silver_fang,Silver Fang,silver fang,Liga 2,https://www.youtube.com/user/BlackLink,,sheet_extracted,https://docs.google.com/spreadsheets/d/1iwPqphIOO1ID-4NV3sv5CrIsmpQF-saq1sNE9Sxo9oE/edit#gid=0
season_004,person_asalakoren,Asalakoren,asalakoren,season_004_azumarines,Azumarines,azumarines,Liga 2,https://www.youtube.com/user/Asalakoren,,sheet_extracted,https://docs.google.com/spreadsheets/d/1iwPqphIOO1ID-4NV3sv5CrIsmpQF-saq1sNE9Sxo9oE/edit#gid=0
season_005,person_lauris,Lauris,lauris,season_005_shockwaving_magearnas,Shockwaving Magearnas,shockwaving magearnas,Liga 1,https://www.youtube.com/user/Lauris,,sheet_extracted,https://docs.google.com/spreadsheets/d/1nONaKwJcrN04APGKN-HrZ8yavwZdFkfnaA59Zp1sdBU/edit#gid=1708603996
season_005,person_bene,Bene,bene,season_005_victini_bottom,Victini Bottom,victini bottom,Liga 1,https://www.youtube.com/user/FullLifeGames,,sheet_extracted,https://docs.google.com/spreadsheets/d/1nONaKwJcrN04APGKN-HrZ8yavwZdFkfnaA59Zp1sdBU/edit#gid=1708603996
season_005,person_present,PresentLP,present,season_005_prekani,Prekani,prekani,Liga 1,https://www.youtube.com/user/PresentLP,,sheet_extracted,https://docs.google.com/spreadsheets/d/1nONaKwJcrN04APGKN-HrZ8yavwZdFkfnaA59Zp1sdBU/edit#gid=1708603996
season_005,person_captaincrinch,CaptainCrinch,captaincrinch,season_005_crinchilla,Crinchilla,crinchilla,Liga 1,https://www.youtube.com/user/CaptainCrinch,,sheet_extracted,https://docs.google.com/spreadsheets/d/1nONaKwJcrN04APGKN-HrZ8yavwZdFkfnaA59Zp1sdBU/edit#gid=1708603996
season_005,person_professor_n,Professor N,professor n,season_005_howling_commandos,Howling Commandos,howling commandos,Liga 1,https://www.youtube.com/user/ProfessorN,,sheet_extracted,https://docs.google.com/spreadsheets/d/1nONaKwJcrN04APGKN-HrZ8yavwZdFkfnaA59Zp1sdBU/edit#gid=1708603996
season_005,person_glebber,Glebber,glebber,season_005_energie_tobutz,Energie Tobutz,energie tobutz,Liga 1,https://www.youtube.com/user/glebber,,sheet_extracted,https://docs.google.com/spreadsheets/d/1nONaKwJcrN04APGKN-HrZ8yavwZdFkfnaA59Zp1sdBU/edit#gid=1708603996
season_005,person_barry_d_sin_of_speed,Barry D. Sin of Speed,barry d sin of speed,season_005_marvelous_speedsters,Marvelous Speedsters,marvelous speedsters,Liga 1,https://www.youtube.com/user/SinofSpeed,,sheet_extracted,https://docs.google.com/spreadsheets/d/1nONaKwJcrN04APGKN-HrZ8yavwZdFkfnaA59Zp1sdBU/edit#gid=1708603996
season_005,person_raizor,Raizor,raizor,season_005_soulstealer,Soulstealer,soulstealer,Liga 1,https://www.youtube.com/user/RaizorZockt,,sheet_extracted,https://docs.google.com/spreadsheets/d/1nONaKwJcrN04APGKN-HrZ8yavwZdFkfnaA59Zp1sdBU/edit#gid=1708603996
season_005,person_minetube,Minetube,minetube,season_005_triyolotree,Triyolotree,triyolotree,Liga 1,https://www.youtube.com/user/Minetube,,sheet_extracted,https://docs.google.com/spreadsheets/d/1nONaKwJcrN04APGKN-HrZ8yavwZdFkfnaA59Zp1sdBU/edit#gid=1708603996
season_005,person_parsifani,Parsifani,parsifani,season_005_aggron_successors,Aggron Successors*,aggron successors,Liga 1,https://www.youtube.com/user/Parsifani,,sheet_extracted,https://docs.google.com/spreadsheets/d/1nONaKwJcrN04APGKN-HrZ8yavwZdFkfnaA59Zp1sdBU/edit#gid=1708603996
season_005,person_art_n_gaming,Art'n'Gaming,art n gaming,season_005_little_litleos,Little Litleos*,little litleos,Liga 1,https://www.youtube.com/user/Kaffeecone,,sheet_extracted,https://docs.google.com/spreadsheets/d/1nONaKwJcrN04APGKN-HrZ8yavwZdFkfnaA59Zp1sdBU/edit#gid=1708603996
season_005,person_fnupa,Cabgolord,fnupa,season_005_cabgosport,Cabgosport,cabgosport,Liga 1,https://www.youtube.com/user/Cabgolord,,sheet_extracted,https://docs.google.com/spreadsheets/d/1nONaKwJcrN04APGKN-HrZ8yavwZdFkfnaA59Zp1sdBU/edit#gid=1708603996
season_005,person_belmontgabriel,BelmontGabriel,belmontgabriel,season_005_symphonic_swellow,Symphonic Swellow,symphonic swellow,Liga 2,https://www.youtube.com/user/BelmontGabriel,,sheet_extracted,https://docs.google.com/spreadsheets/d/1Jej38dwkqOARMHvKaUfQeHME0pLqP9GE6vPZQMUxMcg/edit#gid=1613120774
season_005,person_elektechn9ne,ElektechN9ne,elektechn9ne,season_005_elekid_s_club,Elekid's Club,elekid s club,Liga 2,https://www.youtube.com/user/ElektechN9ne,,sheet_extracted,https://docs.google.com/spreadsheets/d/1Jej38dwkqOARMHvKaUfQeHME0pLqP9GE6vPZQMUxMcg/edit#gid=1613120774
season_005,person_bravebird,BraveBird,bravebird,season_005_brazilliant,Brazilliant,brazilliant,Liga 2,https://www.youtube.com/user/BraveBird,,sheet_extracted,https://docs.google.com/spreadsheets/d/1Jej38dwkqOARMHvKaUfQeHME0pLqP9GE6vPZQMUxMcg/edit#gid=1613120774
season_005,person_blacklink,BlackLink,blacklink,season_005_stardew_silvally,Stardew Silvally,stardew silvally,Liga 2,https://www.youtube.com/user/BlackLink,,sheet_extracted,https://docs.google.com/spreadsheets/d/1Jej38dwkqOARMHvKaUfQeHME0pLqP9GE6vPZQMUxMcg/edit#gid=1613120774
season_005,person_dauni_daunstar,Dauni,dauni daunstar,season_005_wild_west_style,Wild West Style,wild west style,Liga 2,https://www.youtube.com/user/Dauni,,sheet_extracted,https://docs.google.com/spreadsheets/d/1Jej38dwkqOARMHvKaUfQeHME0pLqP9GE6vPZQMUxMcg/edit#gid=1613120774
season_005,person_crowdcontroller,CrowdController,crowdcontroller,season_005_lax_litwick,Lax Litwick,lax litwick,Liga 2,https://www.youtube.com/user/CrowdControllerLP,,sheet_extracted,https://docs.google.com/spreadsheets/d/1Jej38dwkqOARMHvKaUfQeHME0pLqP9GE6vPZQMUxMcg/edit#gid=1613120774
season_005,person_stratocopter_tv,Stratocopter TV,stratocopter tv,season_005_crustle_crusaders,Crustle Crusaders,crustle crusaders,Liga 2,https://www.youtube.com/user/StratocopterTV,,sheet_extracted,https://docs.google.com/spreadsheets/d/1Jej38dwkqOARMHvKaUfQeHME0pLqP9GE6vPZQMUxMcg/edit#gid=1613120774
season_005,person_pokebazi,PokeBazi,pokebazi,season_005_krebuknackis,Krebuknackis,krebuknackis,Liga 2,https://www.youtube.com/user/PokéBazi,,sheet_extracted,https://docs.google.com/spreadsheets/d/1Jej38dwkqOARMHvKaUfQeHME0pLqP9GE6vPZQMUxMcg/edit#gid=1613120774
season_005,person_craycom,Craycom,craycom,season_005_weavile_ga_kill,Weavile Ga Kill,weavile ga kill,Liga 2,https://www.youtube.com/user/Craycom,,sheet_extracted,https://docs.google.com/spreadsheets/d/1Jej38dwkqOARMHvKaUfQeHME0pLqP9GE6vPZQMUxMcg/edit#gid=1613120774
season_005,person_oktopaul,Oktopaul,oktopaul,season_005_goofy_gufas,Goofy Gufas,goofy gufas,Liga 2,https://www.youtube.com/user/oktopaul,,sheet_extracted,https://docs.google.com/spreadsheets/d/1Jej38dwkqOARMHvKaUfQeHME0pLqP9GE6vPZQMUxMcg/edit#gid=1613120774
season_005,person_scoutley,Scoutley,scoutley,season_005_goetterboten,Götterboten,goetterboten,Liga 2,https://www.youtube.com/user/Scoutley,,sheet_extracted,https://docs.google.com/spreadsheets/d/1Jej38dwkqOARMHvKaUfQeHME0pLqP9GE6vPZQMUxMcg/edit#gid=1613120774
season_005,person_asalakoren,Asalakoren,asalakoren,season_005_thrillerbark,Thrillerbark,thrillerbark,Liga 2,https://www.youtube.com/user/Asalakoren,,sheet_extracted,https://docs.google.com/spreadsheets/d/1Jej38dwkqOARMHvKaUfQeHME0pLqP9GE6vPZQMUxMcg/edit#gid=1613120774
season_005,person_tabasco_tv,Tabasco TV,tabasco tv,season_005_aggron_successors,Aggron Successors*,aggron successors,Liga 1,,,user_provided,https://docs.google.com/spreadsheets/d/1nONaKwJcrN04APGKN-HrZ8yavwZdFkfnaA59Zp1sdBU/edit#gid=1708603996;https://docs.google.com/spreadsheets/d/1nONaKwJcrN04APGKN-HrZ8yavwZdFkfnaA59Zp1sdBU/edit#gid=405850997
season_006,person_pokebazi,PokeBazi,pokebazi,season_006_pokebassis,Pokebassis,pokebassis,Sun Conference,https://www.youtube.com/user/PokéBazi,,sheet_extracted,https://docs.google.com/spreadsheets/d/11wxsKyCydVmDjp4kGLJAOLPM_LgwCLN2GYpbDQkNtkk/edit#gid=1532844442
season_006,person_barry_d_sin_of_speed,Barry D. Sin of Speed,barry d sin of speed,season_006_nova_dragons,Nova Dragons,nova dragons,Sun Conference,https://www.youtube.com/user/SinofSpeed,,sheet_extracted,https://docs.google.com/spreadsheets/d/11wxsKyCydVmDjp4kGLJAOLPM_LgwCLN2GYpbDQkNtkk/edit#gid=1532844442
season_006,person_maxi_von_vogel,Maxi von Vogel,maxi von vogel,season_006_youngstars,Youngstars,youngstars,Sun Conference,https://www.youtube.com/user/TeamMauni,,sheet_extracted,https://docs.google.com/spreadsheets/d/11wxsKyCydVmDjp4kGLJAOLPM_LgwCLN2GYpbDQkNtkk/edit#gid=1532844442
season_006,person_present,PresentLP,present,season_006_prekani,Prekani,prekani,Sun Conference,https://www.youtube.com/user/PresentLP,,sheet_extracted,https://docs.google.com/spreadsheets/d/11wxsKyCydVmDjp4kGLJAOLPM_LgwCLN2GYpbDQkNtkk/edit#gid=1532844442
season_006,person_lauris,Lauris,lauris,season_006_schleudergang,Schleudergang,schleudergang,Sun Conference,https://www.youtube.com/user/Lauris,,sheet_extracted,https://docs.google.com/spreadsheets/d/11wxsKyCydVmDjp4kGLJAOLPM_LgwCLN2GYpbDQkNtkk/edit#gid=1532844442
season_006,person_minetube,Minetube,minetube,season_006_triyolotree,Triyolotree,triyolotree,Sun Conference,https://www.youtube.com/user/Minetube,,sheet_extracted,https://docs.google.com/spreadsheets/d/11wxsKyCydVmDjp4kGLJAOLPM_LgwCLN2GYpbDQkNtkk/edit#gid=1532844442
season_006,person_blacklink,BlackLink,blacklink,season_006_majora_s_maskeregen,Majora's Maskeregen,majora s maskeregen,Sun Conference,https://www.youtube.com/user/BlackLink,,sheet_extracted,https://docs.google.com/spreadsheets/d/11wxsKyCydVmDjp4kGLJAOLPM_LgwCLN2GYpbDQkNtkk/edit#gid=1532844442
season_006,person_parsifani,Parsifani,parsifani,season_006_mythical_fighterz,Mythical FighterZ,mythical fighterz,Sun Conference,https://www.youtube.com/user/Parsifani,,sheet_extracted,https://docs.google.com/spreadsheets/d/11wxsKyCydVmDjp4kGLJAOLPM_LgwCLN2GYpbDQkNtkk/edit#gid=1532844442
season_006,person_raizor,Raizor,raizor,season_006_soulstealer,Soulstealer,soulstealer,Sun Conference,https://www.youtube.com/user/RaizorZockt,,sheet_extracted,https://docs.google.com/spreadsheets/d/11wxsKyCydVmDjp4kGLJAOLPM_LgwCLN2GYpbDQkNtkk/edit#gid=1532844442
season_006,person_hydronic,Hydronic,hydronic,season_006_grippebaerchen,Grippebärchen,grippebaerchen,Sun Conference,https://www.youtube.com/user/Hydronic,,sheet_extracted,https://docs.google.com/spreadsheets/d/11wxsKyCydVmDjp4kGLJAOLPM_LgwCLN2GYpbDQkNtkk/edit#gid=1532844442
season_006,person_asalakoren,Asalakoren,asalakoren,season_006_absolutism,Absolutism,absolutism,Sun Conference,https://www.youtube.com/user/Asalakoren,,sheet_extracted,https://docs.google.com/spreadsheets/d/11wxsKyCydVmDjp4kGLJAOLPM_LgwCLN2GYpbDQkNtkk/edit#gid=1532844442
season_006,person_scoutley,Scoutley,scoutley,season_006_rising_delibirds,Rising Delibirds,rising delibirds,Sun Conference,https://www.youtube.com/user/Scoutley,,sheet_extracted,https://docs.google.com/spreadsheets/d/11wxsKyCydVmDjp4kGLJAOLPM_LgwCLN2GYpbDQkNtkk/edit#gid=1532844442
season_006,person_art_n_gaming,Art'n'Gaming,art n gaming,season_006_little_litleos,Little Litleos,little litleos,Moon Conference,https://www.youtube.com/user/Kaffeecone,,sheet_extracted,https://docs.google.com/spreadsheets/d/11wxsKyCydVmDjp4kGLJAOLPM_LgwCLN2GYpbDQkNtkk/edit#gid=483990761
season_006,person_dauni_daunstar,Dauni,dauni daunstar,season_006_lazycakes,Lazycakes,lazycakes,Moon Conference,https://www.youtube.com/user/TeamMauni,,sheet_extracted,https://docs.google.com/spreadsheets/d/11wxsKyCydVmDjp4kGLJAOLPM_LgwCLN2GYpbDQkNtkk/edit#gid=483990761
season_006,person_bene,Bene,bene,season_006_kleinsteins_gate,Kleinsteins;Gate,kleinsteins gate,Moon Conference,https://www.youtube.com/user/FullLifeGames,,sheet_extracted,https://docs.google.com/spreadsheets/d/11wxsKyCydVmDjp4kGLJAOLPM_LgwCLN2GYpbDQkNtkk/edit#gid=483990761
season_006,person_elektechn9ne,ElektechN9ne,elektechn9ne,season_006_elekids_club,Elekids Club,elekids club,Moon Conference,https://www.youtube.com/user/ElektechN9ne,,sheet_extracted,https://docs.google.com/spreadsheets/d/11wxsKyCydVmDjp4kGLJAOLPM_LgwCLN2GYpbDQkNtkk/edit#gid=483990761
season_006,person_belmontgabriel,BelmontGabriel,belmontgabriel,season_006_niemandsland,Niemandsland,niemandsland,Moon Conference,https://www.youtube.com/user/BelmontGabriel,,sheet_extracted,https://docs.google.com/spreadsheets/d/11wxsKyCydVmDjp4kGLJAOLPM_LgwCLN2GYpbDQkNtkk/edit#gid=483990761
season_006,person_tabasco_tv,Tabasco TV,tabasco tv,season_006_aggron_berlin,Aggron Berlin,aggron berlin,Moon Conference,https://www.youtube.com/user/TabascoTV,,sheet_extracted,https://docs.google.com/spreadsheets/d/11wxsKyCydVmDjp4kGLJAOLPM_LgwCLN2GYpbDQkNtkk/edit#gid=483990761
season_006,person_nestfloh,Nestfloh,nestfloh,season_006_flutschige_zaepfchen,Flutschige Zäpfchen,flutschige zaepfchen,Moon Conference,https://www.youtube.com/user/Nestfloh,,sheet_extracted,https://docs.google.com/spreadsheets/d/11wxsKyCydVmDjp4kGLJAOLPM_LgwCLN2GYpbDQkNtkk/edit#gid=483990761
season_006,person_regibang,RegiBang,regibang,season_006_tectass_toppas,Tectass Toppas,tectass toppas,Moon Conference,https://www.youtube.com/user/RegiBang,,sheet_extracted,https://docs.google.com/spreadsheets/d/11wxsKyCydVmDjp4kGLJAOLPM_LgwCLN2GYpbDQkNtkk/edit#gid=483990761
season_006,person_captaincrinch,CaptainCrinch,captaincrinch,season_006_crinchilla,Crinchilla,crinchilla,Moon Conference,https://www.youtube.com/user/CaptainCrinch,,sheet_extracted,https://docs.google.com/spreadsheets/d/11wxsKyCydVmDjp4kGLJAOLPM_LgwCLN2GYpbDQkNtkk/edit#gid=483990761
season_006,person_stratocopter_tv,Stratocopter TV,stratocopter tv,season_006_crustle_crusaders,Crustle Crusaders,crustle crusaders,Moon Conference,https://www.youtube.com/user/StratocopterTV,,sheet_extracted,https://docs.google.com/spreadsheets/d/11wxsKyCydVmDjp4kGLJAOLPM_LgwCLN2GYpbDQkNtkk/edit#gid=483990761
season_006,person_fnupa,Cabgolord,fnupa,season_006_blades_enforcer,Blades Enforcer,blades enforcer,Moon Conference,https://www.youtube.com/user/Cabgolord,,sheet_extracted,https://docs.google.com/spreadsheets/d/11wxsKyCydVmDjp4kGLJAOLPM_LgwCLN2GYpbDQkNtkk/edit#gid=483990761
season_006,person_craycom,Craycom,craycom,season_006_strubbelohr_bande,Strubbelohr Bande,strubbelohr bande,Moon Conference,https://www.youtube.com/user/Craycom,,sheet_extracted,https://docs.google.com/spreadsheets/d/11wxsKyCydVmDjp4kGLJAOLPM_LgwCLN2GYpbDQkNtkk/edit#gid=483990761
season_007,person_nestfloh,Nestfloh,nestfloh,season_007_flutschige_zaepfchen,Flutschige Zäpfchen,flutschige zaepfchen,Regular Season,https://www.youtube.com/user/Nestfloh,,sheet_extracted,https://docs.google.com/spreadsheets/d/1nwiq_ggEj7QePeZGMR2xoi0bEHJr_ZGO24YCRdt93No/edit#gid=1953934700
season_007,person_dauni_daunstar,Dauni,dauni daunstar,season_007_milchbubis,Milchbubis,milchbubis,Regular Season,https://www.youtube.com/user/DauniDaunstar,,sheet_extracted,https://docs.google.com/spreadsheets/d/1nwiq_ggEj7QePeZGMR2xoi0bEHJr_ZGO24YCRdt93No/edit#gid=1953934700
season_007,person_regibang,RegiBang,regibang,season_007_launching_dragapults,Launching Dragapults,launching dragapults,Regular Season,https://www.youtube.com/user/RegiBang,,sheet_extracted,https://docs.google.com/spreadsheets/d/1nwiq_ggEj7QePeZGMR2xoi0bEHJr_ZGO24YCRdt93No/edit#gid=1953934700
season_007,person_tabasco_tv,Tabasco TV,tabasco tv,season_007_aggron_berlin,Aggron Berlin,aggron berlin,Regular Season,https://www.youtube.com/user/TabascoTV,,sheet_extracted,https://docs.google.com/spreadsheets/d/1nwiq_ggEj7QePeZGMR2xoi0bEHJr_ZGO24YCRdt93No/edit#gid=1953934700
season_007,person_bene,Bene,bene,season_007_riffex_pontifex,Riffex Pontifex,riffex pontifex,Regular Season,https://www.youtube.com/user/FullLifeGames,,sheet_extracted,https://docs.google.com/spreadsheets/d/1nwiq_ggEj7QePeZGMR2xoi0bEHJr_ZGO24YCRdt93No/edit#gid=1953934700
season_007,person_pokebazi,PokeBazi,pokebazi,season_007_therapiepi,Therapiepi,therapiepi,Regular Season,https://www.youtube.com/user/PokéBazi,,sheet_extracted,https://docs.google.com/spreadsheets/d/1nwiq_ggEj7QePeZGMR2xoi0bEHJr_ZGO24YCRdt93No/edit#gid=1953934700
season_007,person_present,PresentLP,present,season_007_prekaknight,PrekaKnight,prekaknight,Regular Season,https://www.youtube.com/user/Present,,sheet_extracted,https://docs.google.com/spreadsheets/d/1nwiq_ggEj7QePeZGMR2xoi0bEHJr_ZGO24YCRdt93No/edit#gid=1953934700
season_007,person_hydronic,Hydronic,hydronic,season_007_baltoy_story,Baltoy Story,baltoy story,Regular Season,https://www.youtube.com/user/Hydronic,,sheet_extracted,https://docs.google.com/spreadsheets/d/1nwiq_ggEj7QePeZGMR2xoi0bEHJr_ZGO24YCRdt93No/edit#gid=1953934700
season_007,person_elektechn9ne,ElektechN9ne,elektechn9ne,season_007_elekids_club,Elekids Club,elekids club,Regular Season,https://www.youtube.com/user/ElektechN9ne,,sheet_extracted,https://docs.google.com/spreadsheets/d/1nwiq_ggEj7QePeZGMR2xoi0bEHJr_ZGO24YCRdt93No/edit#gid=1953934700
season_007,person_belmontgabriel,BelmontGabriel,belmontgabriel,season_007_igalima_impoleon,Igalima Impoleon,igalima impoleon,Regular Season,https://www.youtube.com/user/BelmontGabriel,,sheet_extracted,https://docs.google.com/spreadsheets/d/1nwiq_ggEj7QePeZGMR2xoi0bEHJr_ZGO24YCRdt93No/edit#gid=1953934700
season_007,person_blacklink,BlackLink,blacklink,season_007_nose_to_order,Nose to Order,nose to order,Regular Season,https://www.youtube.com/user/BlackLink,,sheet_extracted,https://docs.google.com/spreadsheets/d/1nwiq_ggEj7QePeZGMR2xoi0bEHJr_ZGO24YCRdt93No/edit#gid=1953934700
season_007,person_raizor,Raizor,raizor,season_007_soulstealer,Soulstealer,soulstealer,Regular Season,https://www.youtube.com/user/Raizor,,sheet_extracted,https://docs.google.com/spreadsheets/d/1nwiq_ggEj7QePeZGMR2xoi0bEHJr_ZGO24YCRdt93No/edit#gid=1953934700
season_007,person_barry_d_sin_of_speed,Barry D. Sin of Speed,barry d sin of speed,season_007_skywalking_zacians,Skywalking Zacians,skywalking zacians,Regular Season,https://www.youtube.com/user/SinofSpeed,,sheet_extracted,https://docs.google.com/spreadsheets/d/1nwiq_ggEj7QePeZGMR2xoi0bEHJr_ZGO24YCRdt93No/edit#gid=1953934700
season_007,person_captaincrinch,CaptainCrinch,captaincrinch,season_007_crinchilla,Crinchilla,crinchilla,Regular Season,https://www.youtube.com/user/CaptainCrinch,,sheet_extracted,https://docs.google.com/spreadsheets/d/1nwiq_ggEj7QePeZGMR2xoi0bEHJr_ZGO24YCRdt93No/edit#gid=1953934700
season_008,person_bene,Bene,bene,season_008_victini_bottom,Victini Bottom,victini bottom,Liga 1,https://www.youtube.com/user/FullLifeGames,,sheet_extracted,https://docs.google.com/spreadsheets/d/1B2uTMvWlAHb7WlpupJV1A2Hbi3K3U1vCyoFV0wCapcw/edit#gid=1953934700
season_008,person_nestfloh,Nestfloh,nestfloh,season_008_flutschige_zaepfchen,Flutschige Zäpfchen,flutschige zaepfchen,Liga 1,https://www.youtube.com/user/Nestfloh,,sheet_extracted,https://docs.google.com/spreadsheets/d/1B2uTMvWlAHb7WlpupJV1A2Hbi3K3U1vCyoFV0wCapcw/edit#gid=1953934700
season_008,person_present,PresentLP,present,season_008_prekani,Prekani,prekani,Liga 1,https://www.youtube.com/user/Present,,sheet_extracted,https://docs.google.com/spreadsheets/d/1B2uTMvWlAHb7WlpupJV1A2Hbi3K3U1vCyoFV0wCapcw/edit#gid=1953934700
season_008,person_dauni_daunstar,Dauni,dauni daunstar,season_008_glueckspilze,Glückspilze,glueckspilze,Liga 1,https://www.youtube.com/user/DauniDaunstar,,sheet_extracted,https://docs.google.com/spreadsheets/d/1B2uTMvWlAHb7WlpupJV1A2Hbi3K3U1vCyoFV0wCapcw/edit#gid=1953934700
season_008,person_belmontgabriel,BelmontGabriel,belmontgabriel,season_008_igalima_impoleon,Igalima Impoleon,igalima impoleon,Liga 1,https://www.youtube.com/user/BelmontGabriel,,sheet_extracted,https://docs.google.com/spreadsheets/d/1B2uTMvWlAHb7WlpupJV1A2Hbi3K3U1vCyoFV0wCapcw/edit#gid=1953934700
season_008,person_elektechn9ne,ElektechN9ne,elektechn9ne,season_008_elekids_club,Elekids Club,elekids club,Liga 1,https://www.youtube.com/user/ElektechN9ne,,sheet_extracted,https://docs.google.com/spreadsheets/d/1B2uTMvWlAHb7WlpupJV1A2Hbi3K3U1vCyoFV0wCapcw/edit#gid=1953934700
season_008,person_hydronic,Hydronic,hydronic,season_008_arktipico,Arktipico,arktipico,Liga 1,https://www.youtube.com/user/Hydronic,,sheet_extracted,https://docs.google.com/spreadsheets/d/1B2uTMvWlAHb7WlpupJV1A2Hbi3K3U1vCyoFV0wCapcw/edit#gid=1953934700
season_008,person_regibang,RegiBang,regibang,season_008_pillar_mons,Pillar Mons,pillar mons,Liga 1,https://www.youtube.com/user/RegiBang,,sheet_extracted,https://docs.google.com/spreadsheets/d/1B2uTMvWlAHb7WlpupJV1A2Hbi3K3U1vCyoFV0wCapcw/edit#gid=1953934700
season_008,person_king_blex,KingBlex,king blex,season_008_end_level_hydreigon,End Level Hydreigon,end level hydreigon,Liga 2,https://www.youtube.com/user/KingBlex,,sheet_extracted,https://docs.google.com/spreadsheets/d/1B2uTMvWlAHb7WlpupJV1A2Hbi3K3U1vCyoFV0wCapcw/edit#gid=419572953
season_008,person_blocki,Blocki,blocki,season_008_kastanienbomber,Kastanienbomber,kastanienbomber,Liga 2,https://www.youtube.com/user/Blocki,,sheet_extracted,https://docs.google.com/spreadsheets/d/1B2uTMvWlAHb7WlpupJV1A2Hbi3K3U1vCyoFV0wCapcw/edit#gid=419572953
season_008,person_barry_d_sin_of_speed,Barry D. Sin of Speed,barry d sin of speed,season_008_holy_fairies,Holy Fairies,holy fairies,Liga 2,https://www.youtube.com/user/SinOfSpeed,,sheet_extracted,https://docs.google.com/spreadsheets/d/1B2uTMvWlAHb7WlpupJV1A2Hbi3K3U1vCyoFV0wCapcw/edit#gid=419572953
season_008,person_maxi_von_vogel,Maxi von Vogel,maxi von vogel,season_008_rexcalybur,Rexcalybur,rexcalybur,Liga 2,https://www.youtube.com/user/MaxiVonVogel,,sheet_extracted,https://docs.google.com/spreadsheets/d/1B2uTMvWlAHb7WlpupJV1A2Hbi3K3U1vCyoFV0wCapcw/edit#gid=419572953
season_008,person_blacklink,BlackLink,blacklink,season_008_abyssal_nightmare,Abyssal Nightmare,abyssal nightmare,Liga 2,https://www.youtube.com/user/BlackLink,,sheet_extracted,https://docs.google.com/spreadsheets/d/1B2uTMvWlAHb7WlpupJV1A2Hbi3K3U1vCyoFV0wCapcw/edit#gid=419572953
season_008,person_raizor,Raizor,raizor,season_008_soulstealer,Soulstealer,soulstealer,Liga 2,https://www.youtube.com/user/Raizor,,sheet_extracted,https://docs.google.com/spreadsheets/d/1B2uTMvWlAHb7WlpupJV1A2Hbi3K3U1vCyoFV0wCapcw/edit#gid=419572953
season_008,person_og_dnz,OGDNZ,og dnz,season_008_chasing_cinderaces,Chasing Cinderaces,chasing cinderaces,Liga 2,https://www.youtube.com/user/OGDNZ,,sheet_extracted,https://docs.google.com/spreadsheets/d/1B2uTMvWlAHb7WlpupJV1A2Hbi3K3U1vCyoFV0wCapcw/edit#gid=419572953
season_008,person_pokgalaxy,Pokgalaxy,pokgalaxy,season_008_issotop,Issotop,issotop,Liga 2,https://www.youtube.com/user/Pokgalaxy,,sheet_extracted,https://docs.google.com/spreadsheets/d/1B2uTMvWlAHb7WlpupJV1A2Hbi3K3U1vCyoFV0wCapcw/edit#gid=419572953
season_009,person_el_scizor_bene,El Scizor & Bene,el scizor bene,season_009_victory_instinct,Victory Instinct,victory instinct,Overall Tag Team,,,sheet_extracted,https://docs.google.com/spreadsheets/d/1uo7-E_E2jbehB2hbBurpPayP_0fKY5sPZcFgZmfLydY/edit#gid=1953155019
season_009,person_blocki_nestfloh,Blocki & Nestfloh,blocki nestfloh,season_009_voltwizards,Voltwizards,voltwizards,Overall Tag Team,,,sheet_extracted,https://docs.google.com/spreadsheets/d/1uo7-E_E2jbehB2hbBurpPayP_0fKY5sPZcFgZmfLydY/edit#gid=1953155019
season_009,person_dauni_daunstar_hydronic,Dauni & Hydronic,dauni daunstar hydronic,season_009_scherzkekse,Scherzkekse,scherzkekse,Overall Tag Team,,,sheet_extracted,https://docs.google.com/spreadsheets/d/1uo7-E_E2jbehB2hbBurpPayP_0fKY5sPZcFgZmfLydY/edit#gid=1953155019
season_009,person_king_blex_og_dnz,King Blex & OG DNZ,king blex og dnz,season_009_toon_world,Toon World,toon world,Overall Tag Team,,,sheet_extracted,https://docs.google.com/spreadsheets/d/1uo7-E_E2jbehB2hbBurpPayP_0fKY5sPZcFgZmfLydY/edit#gid=1953155019
season_009,person_present_raizor,Present & Raizor,present raizor,season_009_soulblaze,Soulblaze,soulblaze,Overall Tag Team,,,sheet_extracted,https://docs.google.com/spreadsheets/d/1uo7-E_E2jbehB2hbBurpPayP_0fKY5sPZcFgZmfLydY/edit#gid=1953155019
season_009,person_maxi_von_vogel_pokgalaxy,Maxi von Vogel & Pokgalaxy,maxi von vogel pokgalaxy,season_009_fen_and_gator,Fen and Gator,fen and gator,Overall Tag Team,,,sheet_extracted,https://docs.google.com/spreadsheets/d/1uo7-E_E2jbehB2hbBurpPayP_0fKY5sPZcFgZmfLydY/edit#gid=1953155019
season_009,person_blacklink_elektechn9ne,BlackLink & ElektechN9ne,blacklink elektechn9ne,season_009_royal_bluff,Royal Bluff,royal bluff,Overall Tag Team,,,sheet_extracted,https://docs.google.com/spreadsheets/d/1uo7-E_E2jbehB2hbBurpPayP_0fKY5sPZcFgZmfLydY/edit#gid=1953155019
season_009,person_barry_d_sin_of_speed_minetube,Barry D. Sin of Speed & Minetube,barry d sin of speed minetube,season_009_akatsuki_amphibianz,Akatsuki Amphibianz,akatsuki amphibianz,Overall Tag Team,,,sheet_extracted,https://docs.google.com/spreadsheets/d/1uo7-E_E2jbehB2hbBurpPayP_0fKY5sPZcFgZmfLydY/edit#gid=1953155019
season_009,person_el_scizor,El Scizor,el scizor,season_009_victory_instinct,Victory Instinct,victory instinct,Singles,,,sheet_extracted,https://docs.google.com/spreadsheets/d/1uo7-E_E2jbehB2hbBurpPayP_0fKY5sPZcFgZmfLydY/edit#gid=1993336510
season_009,person_dauni_daunstar,Dauni,dauni daunstar,season_009_scherzkekse,Scherzkekse,scherzkekse,Singles,,,sheet_extracted,https://docs.google.com/spreadsheets/d/1uo7-E_E2jbehB2hbBurpPayP_0fKY5sPZcFgZmfLydY/edit#gid=1993336510
season_009,person_blocki,Blocki,blocki,season_009_voltwizards,Voltwizards,voltwizards,Singles,,,sheet_extracted,https://docs.google.com/spreadsheets/d/1uo7-E_E2jbehB2hbBurpPayP_0fKY5sPZcFgZmfLydY/edit#gid=1993336510
season_009,person_present,PresentLP,present,season_009_soulblaze,Soulblaze,soulblaze,Singles,,,sheet_extracted,https://docs.google.com/spreadsheets/d/1uo7-E_E2jbehB2hbBurpPayP_0fKY5sPZcFgZmfLydY/edit#gid=1993336510
season_009,person_king_blex,KingBlex,king blex,season_009_toon_world,Toon World,toon world,Singles,,,sheet_extracted,https://docs.google.com/spreadsheets/d/1uo7-E_E2jbehB2hbBurpPayP_0fKY5sPZcFgZmfLydY/edit#gid=1993336510
season_009,person_maxi_von_vogel,Maxi von Vogel,maxi von vogel,season_009_fen_and_gator,Fen and Gator,fen and gator,Singles,,,sheet_extracted,https://docs.google.com/spreadsheets/d/1uo7-E_E2jbehB2hbBurpPayP_0fKY5sPZcFgZmfLydY/edit#gid=1993336510
season_009,person_blacklink,BlackLink,blacklink,season_009_royal_bluff,Royal Bluff,royal bluff,Singles,,,sheet_extracted,https://docs.google.com/spreadsheets/d/1uo7-E_E2jbehB2hbBurpPayP_0fKY5sPZcFgZmfLydY/edit#gid=1993336510
season_009,person_barry_d_sin_of_speed,Barry D. Sin of Speed,barry d sin of speed,season_009_akatsuki_amphibianz,Akatsuki Amphibianz,akatsuki amphibianz,Singles,,,sheet_extracted,https://docs.google.com/spreadsheets/d/1uo7-E_E2jbehB2hbBurpPayP_0fKY5sPZcFgZmfLydY/edit#gid=1993336510
season_009,person_bene,Bene,bene,season_009_victory_instinct,Victory Instinct,victory instinct,Doubles,,,sheet_extracted,https://docs.google.com/spreadsheets/d/1uo7-E_E2jbehB2hbBurpPayP_0fKY5sPZcFgZmfLydY/edit#gid=1772394412
season_009,person_nestfloh,Nestfloh,nestfloh,season_009_voltwizards,Voltwizards,voltwizards,Doubles,,,sheet_extracted,https://docs.google.com/spreadsheets/d/1uo7-E_E2jbehB2hbBurpPayP_0fKY5sPZcFgZmfLydY/edit#gid=1772394412
season_009,person_pokgalaxy,Pokgalaxy,pokgalaxy,season_009_fen_and_gator,Fen and Gator,fen and gator,Doubles,,,sheet_extracted,https://docs.google.com/spreadsheets/d/1uo7-E_E2jbehB2hbBurpPayP_0fKY5sPZcFgZmfLydY/edit#gid=1772394412
season_009,person_minetube,Minetube,minetube,season_009_akatsuki_amphibianz,Akatsuki Amphibianz,akatsuki amphibianz,Doubles,,,sheet_extracted,https://docs.google.com/spreadsheets/d/1uo7-E_E2jbehB2hbBurpPayP_0fKY5sPZcFgZmfLydY/edit#gid=1772394412
season_009,person_og_dnz,OGDNZ,og dnz,season_009_toon_world,Toon World,toon world,Doubles,,,sheet_extracted,https://docs.google.com/spreadsheets/d/1uo7-E_E2jbehB2hbBurpPayP_0fKY5sPZcFgZmfLydY/edit#gid=1772394412
season_009,person_raizor,Raizor,raizor,season_009_soulblaze,Soulblaze,soulblaze,Doubles,,,sheet_extracted,https://docs.google.com/spreadsheets/d/1uo7-E_E2jbehB2hbBurpPayP_0fKY5sPZcFgZmfLydY/edit#gid=1772394412
season_009,person_elektechn9ne,ElektechN9ne,elektechn9ne,season_009_royal_bluff,Royal Bluff,royal bluff,Doubles,,,sheet_extracted,https://docs.google.com/spreadsheets/d/1uo7-E_E2jbehB2hbBurpPayP_0fKY5sPZcFgZmfLydY/edit#gid=1772394412
season_009,person_hydronic,Hydronic,hydronic,season_009_scherzkekse,Scherzkekse,scherzkekse,Doubles,,,sheet_extracted,https://docs.google.com/spreadsheets/d/1uo7-E_E2jbehB2hbBurpPayP_0fKY5sPZcFgZmfLydY/edit#gid=1772394412
season_009,person_belmontgabriel,BelmontGabriel,belmontgabriel,season_009_victory_instinct,Victory Instinct,victory instinct,Singles,,,user_provided,https://docs.google.com/spreadsheets/d/1uo7-E_E2jbehB2hbBurpPayP_0fKY5sPZcFgZmfLydY/edit#gid=1993336510;https://docs.google.com/spreadsheets/d/1uo7-E_E2jbehB2hbBurpPayP_0fKY5sPZcFgZmfLydY/edit#gid=1772394412;https://docs.google.com/spreadsheets/d/1uo7-E_E2jbehB2hbBurpPayP_0fKY5sPZcFgZmfLydY/edit#gid=1037187549
season_010,person_present,PresentLP,present,season_010_prekani,Prekani,prekani,Regular Season,,,sheet_extracted,https://docs.google.com/spreadsheets/d/13smsrG2BGYxr_omJWcgr-sUDr39bvOJPNL5RPt4DSow/edit#gid=1405051186
season_010,person_minetube,Minetube,minetube,season_010_throes_mad,Throes Mad,throes mad,Regular Season,,,sheet_extracted,https://docs.google.com/spreadsheets/d/13smsrG2BGYxr_omJWcgr-sUDr39bvOJPNL5RPt4DSow/edit#gid=1405051186
season_010,person_nestfloh,Nestfloh,nestfloh,season_010_boeller_brueder,Böller Brüder,boeller brueder,Regular Season,,,sheet_extracted,https://docs.google.com/spreadsheets/d/13smsrG2BGYxr_omJWcgr-sUDr39bvOJPNL5RPt4DSow/edit#gid=1405051186
season_010,person_bene,Bene,bene,season_010_wackel_backel,Wackel Backel,wackel backel,Regular Season,,,sheet_extracted,https://docs.google.com/spreadsheets/d/13smsrG2BGYxr_omJWcgr-sUDr39bvOJPNL5RPt4DSow/edit#gid=1405051186
season_010,person_robinvgc,RobinVGC,robinvgc,season_010_choice_bandits,Choice Bandits,choice bandits,Regular Season,,,sheet_extracted,https://docs.google.com/spreadsheets/d/13smsrG2BGYxr_omJWcgr-sUDr39bvOJPNL5RPt4DSow/edit#gid=1405051186
season_010,person_raizor,Raizor,raizor,season_010_unbound_soul,Unbound Soul,unbound soul,Regular Season,,,sheet_extracted,https://docs.google.com/spreadsheets/d/13smsrG2BGYxr_omJWcgr-sUDr39bvOJPNL5RPt4DSow/edit#gid=1405051186
season_010,person_dauni_daunstar,Dauni,dauni daunstar,season_010_pfundskerle,Pfundskerle,pfundskerle,Regular Season,,,sheet_extracted,https://docs.google.com/spreadsheets/d/13smsrG2BGYxr_omJWcgr-sUDr39bvOJPNL5RPt4DSow/edit#gid=1405051186
season_010,person_pokgalaxy,Pokgalaxy,pokgalaxy,season_010_tails_of_mystery,Tails of Mystery,tails of mystery,Regular Season,,,sheet_extracted,https://docs.google.com/spreadsheets/d/13smsrG2BGYxr_omJWcgr-sUDr39bvOJPNL5RPt4DSow/edit#gid=1405051186
season_010,person_og_dnz,OGDNZ,og dnz,season_010_squid_squad,Squid Squad,squid squad,Regular Season,,,sheet_extracted,https://docs.google.com/spreadsheets/d/13smsrG2BGYxr_omJWcgr-sUDr39bvOJPNL5RPt4DSow/edit#gid=1405051186
season_010,person_domji,Domji,domji,season_010_shining_legends,Shining Legends,shining legends,Regular Season,,,sheet_extracted,https://docs.google.com/spreadsheets/d/13smsrG2BGYxr_omJWcgr-sUDr39bvOJPNL5RPt4DSow/edit#gid=1405051186
season_010,person_king_blex,KingBlex,king blex,season_010_cyber_end_jugulis,Cyber End Jugulis,cyber end jugulis,Regular Season,,,sheet_extracted,https://docs.google.com/spreadsheets/d/13smsrG2BGYxr_omJWcgr-sUDr39bvOJPNL5RPt4DSow/edit#gid=1405051186
season_010,person_snomnie,Snomnie,snomnie,season_010_corvi_crushers,Corvi Crushers,corvi crushers,Regular Season,,,sheet_extracted,https://docs.google.com/spreadsheets/d/13smsrG2BGYxr_omJWcgr-sUDr39bvOJPNL5RPt4DSow/edit#gid=1405051186
season_010,person_sirazoa,Sirazoa,sirazoa,season_010_eon_engine,Eon Engine,eon engine,Regular Season,,,sheet_extracted,https://docs.google.com/spreadsheets/d/13smsrG2BGYxr_omJWcgr-sUDr39bvOJPNL5RPt4DSow/edit#gid=1405051186
season_010,person_blocki,Blocki,blocki,season_010_kastanienbomber,Kastanienbomber,kastanienbomber,Regular Season,,,sheet_extracted,https://docs.google.com/spreadsheets/d/13smsrG2BGYxr_omJWcgr-sUDr39bvOJPNL5RPt4DSow/edit#gid=1405051186
season_010,person_bene,Bene,bene,season_010_wackel_backel,Wackel Backel,wackel backel,Playoffs,,,sheet_extracted,https://docs.google.com/spreadsheets/d/13smsrG2BGYxr_omJWcgr-sUDr39bvOJPNL5RPt4DSow/edit#gid=1215904780;https://docs.google.com/spreadsheets/d/13smsrG2BGYxr_omJWcgr-sUDr39bvOJPNL5RPt4DSow/edit#gid=1953790464
season_010,person_raizor,Raizor,raizor,season_010_unbound_soul,Unbound Soul,unbound soul,Playoffs,,,sheet_extracted,https://docs.google.com/spreadsheets/d/13smsrG2BGYxr_omJWcgr-sUDr39bvOJPNL5RPt4DSow/edit#gid=1215904780;https://docs.google.com/spreadsheets/d/13smsrG2BGYxr_omJWcgr-sUDr39bvOJPNL5RPt4DSow/edit#gid=1953790464
season_010,person_present,PresentLP,present,season_010_prekani,Prekani,prekani,Playoffs,,,sheet_extracted,https://docs.google.com/spreadsheets/d/13smsrG2BGYxr_omJWcgr-sUDr39bvOJPNL5RPt4DSow/edit#gid=1215904780;https://docs.google.com/spreadsheets/d/13smsrG2BGYxr_omJWcgr-sUDr39bvOJPNL5RPt4DSow/edit#gid=1953790464
season_010,person_minetube,Minetube,minetube,season_010_throes_mad,Throes Mad,throes mad,Playoffs,,,sheet_extracted,https://docs.google.com/spreadsheets/d/13smsrG2BGYxr_omJWcgr-sUDr39bvOJPNL5RPt4DSow/edit#gid=1215904780;https://docs.google.com/spreadsheets/d/13smsrG2BGYxr_omJWcgr-sUDr39bvOJPNL5RPt4DSow/edit#gid=1953790464
season_010,person_dauni_daunstar,Dauni,dauni daunstar,season_010_pfundskerle,Pfundskerle,pfundskerle,Playoffs,,,sheet_extracted,https://docs.google.com/spreadsheets/d/13smsrG2BGYxr_omJWcgr-sUDr39bvOJPNL5RPt4DSow/edit#gid=1215904780;https://docs.google.com/spreadsheets/d/13smsrG2BGYxr_omJWcgr-sUDr39bvOJPNL5RPt4DSow/edit#gid=1953790464
season_010,person_nestfloh,Nestfloh,nestfloh,season_010_boeller_brueder,Böller Brüder,boeller brueder,Playoffs,,,sheet_extracted,https://docs.google.com/spreadsheets/d/13smsrG2BGYxr_omJWcgr-sUDr39bvOJPNL5RPt4DSow/edit#gid=1215904780;https://docs.google.com/spreadsheets/d/13smsrG2BGYxr_omJWcgr-sUDr39bvOJPNL5RPt4DSow/edit#gid=1953790464
season_010,person_robinvgc,RobinVGC,robinvgc,season_010_choice_bandits,Choice Bandits,choice bandits,Playoffs,,,sheet_extracted,https://docs.google.com/spreadsheets/d/13smsrG2BGYxr_omJWcgr-sUDr39bvOJPNL5RPt4DSow/edit#gid=1215904780;https://docs.google.com/spreadsheets/d/13smsrG2BGYxr_omJWcgr-sUDr39bvOJPNL5RPt4DSow/edit#gid=1953790464
