,Hinrunde: Spieltag 1 - 6,,,,Hinrunde: Spieltag 7 - 11

,Kämpfe kommen von 12:00 - 17:00 Uhr!,,,,Kämpfe kommen von 12:00 - 17:00 Uhr!,,,,S.C. = Sun Conference,,M.C. = Moon Conference

,1. Spieltag - Sonntag der 14.04.2019,,,,7. Spieltag - Sonntag der 26.05.2019,,,,Playoffs - Vorrunde - Sonntag der 07.07.2019
,,,,,,,,,Maxi [Team Mauni],0:6,TabascoTV,Kampf 1 (12:00)
,Parsifani,0:2,Lauris,,Lauris,5:0,Scoutley,,FullLifeGames,0:4,Minetube,Kampf 2 (13:00)
,PokeBazi,2:0,Barry D. Sin of Speed,,Barry D. Sin of Speed,4:0,Asalakoren,,PresentLP,0:3,Belmontgabriel,Kampf 3 (14:00)
,Raizor,6:0,PresentLP,,PresentLP,5:0,Minetube,,ElektechN9ne,5:0,Lauris,Kampf 4 (15:00)
,BlackLink,0:2,Maxi [Team Mauni],,Maxi [Team Mauni],5:0,Parsifani
,Hydronic,0:3,Minetube,,PokeBazi,3:0,Hydronic,,Playoffs - Viertelfinale - Sonntag der 14.07.2019
,Scoutley,4:0,Asalakoren,,Raizor,0:3,BlackLink,,TabascoTV,0:2,Dauni [Team Mauni],Kampf 5 (12:00)
,,,,,,,,,Minetube,0:1,Barry D. Sin of Speed,Kampf 6 (13:00)
,2. Spieltag - Sonntag der 21.04.2019,,,,8. Spieltag - Sonntag der 02.06.2019,,,,Belmontgabriel,0:3,Kaffeecone,Kampf 7 (14:00)
,,,,,,,,,ElektechN9ne,0:4,PokéBazi,Kampf 8 (15:00)
,PresentLP,2:0,PokeBazi,,BlackLink,0:3,PokeBazi
,Maxi [Team Mauni],3:0,Raizor,,Raizor,0:2,Parsifani,,Playoffs - Halbfinale - Sonntag der 21.07.2019
,Minetube,1:0*,BlackLink,,Hydronic,0:4,Lauris,,Dauni [Team Mauni],2:0,PokéBazi,Kampf 9 (12:00)
,Asalakoren,0:4,Hydronic,,Scoutley,0:5,Barry D. Sin of Speed,,Barry D. Sin of Speed,2:0,Kaffeecone,Kampf 10 (14:00)
,Barry D. Sin of Speed,3:0,Lauris,,Asalakoren,0:4,PresentLP
,Parsifani,4:0,Scoutley,,Minetube,0:1,Maxi [Team Mauni],,Playoffs - Spiel um Platz 3 - Samstag der 27.07.2019
,*nach Timeout und Schiedsrichter Entscheidung,,,,,,,,PokéBazi,4:0,Kaffeecone,Kampf 11 (18:00)
,3. Spieltag - Sonntag der 28.04.2019,,,,9. Spieltag - Sonntag der 09.06.2019
,,,,,,,,,Playoffs - Finale - Sonntag der 28.07.2019
,Lauris,0:3,PresentLP,,Lauris,0:1,BlackLink,,Dauni [Team Mauni],0:3,Barry D. Sin of Speed,Kampf 12 (18:00)
,Barry D. Sin of Speed,3:0,Parsifani,,Barry D. Sin of Speed,6:0,Hydronic
,PokeBazi,0:3,Maxi [Team Mauni],,PresentLP,5:0,Scoutley
,Raizor,0:3,Minetube,,Maxi [Team Mauni],4:0,Asalakoren
,BlackLink,0:3,Asalakoren,,Parsifani,0:4,Minetube
,Hydronic,5:0,Scoutley,,PokeBazi,1:0,Raizor

,4. Spieltag - Sonntag der 05.05.2019,,,,10. Spieltag - Sonntag der 16.06.2019

,Minetube,0:3,PokeBazi,,Raizor,0:4,Lauris
,Asalakoren,0:4,Raizor,,BlackLink,2:0,Barry D. Sin of Speed
,Scoutley,4:0,BlackLink,,Hydronic,0:2,PresentLP
,Hydronic,0:2*,Parsifani,,Scoutley,0:3,Maxi [Team Mauni]
,Maxi [Team Mauni],0:3,Lauris,,Asalakoren,0:1,Minetube
,PresentLP,2:0,Barry D. Sin of Speed,,Parsifani,0:3,PokeBazi
,*nach DC und Schiedsrichter Entscheidung
,5. Spieltag - Sonntag der 12.05.2019,,,,11. Spieltag - Sonntag der 23.06.2019

,Lauris,5:0,Minetube,,Lauris,0:6,PokeBazi
,Barry D. Sin of Speed,4:0,Maxi [Team Mauni],,Barry D. Sin of Speed,5:0,Raizor
,Parsifani,2:0,PresentLP,,PresentLP,0:2,BlackLink
,PokeBazi,1:0,Asalakoren,,Maxi [Team Mauni],5:0,Hydronic
,Raizor,1:0,Scoutley,,Minetube,1:0,Scoutley
,BlackLink,3:0*,Hydronic,,Asalakoren,2:0,Parsifani
,*nach Timeout und Schiedsrichter Entscheidung
,6. Spieltag - Sonntag der 19.05.2019

,Scoutley,0:6,PokeBazi
,Hydronic,4:0,Raizor
,Asalakoren,0:3,Lauris
,Minetube,0:6,Barry D. Sin of Speed
,Maxi [Team Mauni],0:1,PresentLP
,Parsifani,2:0,BlackLink
